Nível Territorial (Código),Nível Territorial,Unidade de Medida (Código),Unidade de Medida,Valor,Brasil (Código),Brasil,Variável (Código),Variável,Trimestre Móvel (Código),Trimestre Móvel,valor_numerico
1,Brasil,2,%,8.0,1,Brasil,4099,"Taxa de desocupação, na semana de referência, das pessoas de 14 anos ou mais de idade",201203,jan-fev-mar 2012,80.0
1,Brasil,2,%,7.8,1,Brasil,4099,"Taxa de desocupação, na semana de referência, das pessoas de 14 anos ou mais de idade",201204,fev-mar-abr 2012,78.0
1,Brasil,2,%,7.7,1,Brasil,4099,"Taxa de desocupação, na semana de referência, das pessoas de 14 anos ou mais de idade",201205,mar-abr-mai 2012,77.0
1,Brasil,2,%,7.6,1,Brasil,4099,"Taxa de desocupação, na semana de referência, das pessoas de 14 anos ou mais de idade",201206,abr-mai-jun 2012,76.0
1,Brasil,2,%,7.5,1,Brasil,4099,"Taxa de desocupação, na semana de referência, das pessoas de 14 anos ou mais de idade",201207,mai-jun-jul 2012,75.0
1,Brasil,2,%,7.3,1,Brasil,4099,"Taxa de desocupação, na semana de referência, das pessoas de 14 anos ou mais de idade",201208,jun-jul-ago 2012,73.0
1,Brasil,2,%,7.1,1,Brasil,4099,"Taxa de desocupação, na semana de referência, das pessoas de 14 anos ou mais de idade",201209,jul-ago-set 2012,71.0
1,Brasil,2,%,6.9,1,Brasil,4099,"Taxa de desocupação, na semana de referência, das pessoas de 14 anos ou mais de idade",201210,ago-set-out 2012,69.0
1,Brasil,2,%,6.8,1,Brasil,4099,"Taxa de desocupação, na semana de referência, das pessoas de 14 anos ou mais de idade",201211,set-out-nov 2012,68.0
1,Brasil,2,%,6.9,1,Brasil,4099,"Taxa de desocupação, na semana de referência, das pessoas de 14 anos ou mais de idade",201212,out-nov-dez 2012,69.0
1,Brasil,2,%,7.2,1,Brasil,4099,"Taxa de desocupação, na semana de referência, das pessoas de 14 anos ou mais de idade",201301,nov-dez-jan 2013,72.0
1,Brasil,2,%,7.8,1,Brasil,4099,"Taxa de desocupação, na semana de referência, das pessoas de 14 anos ou mais de idade",201302,dez-jan-fev 2013,78.0
1,Brasil,2,%,8.0,1,Brasil,4099,"Taxa de desocupação, na semana de referência, das pessoas de 14 anos ou mais de idade",201303,jan-fev-mar 2013,80.0
1,Brasil,2,%,7.9,1,Brasil,4099,"Taxa de desocupação, na semana de referência, das pessoas de 14 anos ou mais de idade",201304,fev-mar-abr 2013,79.0
1,Brasil,2,%,7.6,1,Brasil,4099,"Taxa de desocupação, na semana de referência, das pessoas de 14 anos ou mais de idade",201305,mar-abr-mai 2013,76.0
1,Brasil,2,%,7.5,1,Brasil,4099,"Taxa de desocupação, na semana de referência, das pessoas de 14 anos ou mais de idade",201306,abr-mai-jun 2013,75.0
1,Brasil,2,%,7.4,1,Brasil,4099,"Taxa de desocupação, na semana de referência, das pessoas de 14 anos ou mais de idade",201307,mai-jun-jul 2013,74.0
1,Brasil,2,%,7.2,1,Brasil,4099,"Taxa de desocupação, na semana de referência, das pessoas de 14 anos ou mais de idade",201308,jun-jul-ago 2013,72.0
1,Brasil,2,%,7.0,1,Brasil,4099,"Taxa de desocupação, na semana de referência, das pessoas de 14 anos ou mais de idade",201309,jul-ago-set 2013,70.0
1,Brasil,2,%,6.8,1,Brasil,4099,"Taxa de desocupação, na semana de referência, das pessoas de 14 anos ou mais de idade",201310,ago-set-out 2013,68.0
1,Brasil,2,%,6.5,1,Brasil,4099,"Taxa de desocupação, na semana de referência, das pessoas de 14 anos ou mais de idade",201311,set-out-nov 2013,65.0
1,Brasil,2,%,6.2,1,Brasil,4099,"Taxa de desocupação, na semana de referência, das pessoas de 14 anos ou mais de idade",201312,out-nov-dez 2013,62.0
1,Brasil,2,%,6.5,1,Brasil,4099,"Taxa de desocupação, na semana de referência, das pessoas de 14 anos ou mais de idade",201401,nov-dez-jan 2014,65.0
1,Brasil,2,%,6.8,1,Brasil,4099,"Taxa de desocupação, na semana de referência, das pessoas de 14 anos ou mais de idade",201402,dez-jan-fev 2014,68.0
1,Brasil,2,%,7.2,1,Brasil,4099,"Taxa de desocupação, na semana de referência, das pessoas de 14 anos ou mais de idade",201403,jan-fev-mar 2014,72.0
1,Brasil,2,%,7.2,1,Brasil,4099,"Taxa de desocupação, na semana de referência, das pessoas de 14 anos ou mais de idade",201404,fev-mar-abr 2014,72.0
1,Brasil,2,%,7.0,1,Brasil,4099,"Taxa de desocupação, na semana de referência, das pessoas de 14 anos ou mais de idade",201405,mar-abr-mai 2014,70.0
1,Brasil,2,%,6.9,1,Brasil,4099,"Taxa de desocupação, na semana de referência, das pessoas de 14 anos ou mais de idade",201406,abr-mai-jun 2014,69.0
1,Brasil,2,%,7.0,1,Brasil,4099,"Taxa de desocupação, na semana de referência, das pessoas de 14 anos ou mais de idade",201407,mai-jun-jul 2014,70.0
1,Brasil,2,%,7.0,1,Brasil,4099,"Taxa de desocupação, na semana de referência, das pessoas de 14 anos ou mais de idade",201408,jun-jul-ago 2014,70.0
1,Brasil,2,%,6.8,1,Brasil,4099,"Taxa de desocupação, na semana de referência, das pessoas de 14 anos ou mais de idade",201409,jul-ago-set 2014,68.0
1,Brasil,2,%,6.7,1,Brasil,4099,"Taxa de desocupação, na semana de referência, das pessoas de 14 anos ou mais de idade",201410,ago-set-out 2014,67.0
1,Brasil,2,%,6.6,1,Brasil,4099,"Taxa de desocupação, na semana de referência, das pessoas de 14 anos ou mais de idade",201411,set-out-nov 2014,66.0
1,Brasil,2,%,6.6,1,Brasil,4099,"Taxa de desocupação, na semana de referência, das pessoas de 14 anos ou mais de idade",201412,out-nov-dez 2014,66.0
1,Brasil,2,%,6.9,1,Brasil,4099,"Taxa de desocupação, na semana de referência, das pessoas de 14 anos ou mais de idade",201501,nov-dez-jan 2015,69.0
1,Brasil,2,%,7.5,1,Brasil,4099,"Taxa de desocupação, na semana de referência, das pessoas de 14 anos ou mais de idade",201502,dez-jan-fev 2015,75.0
1,Brasil,2,%,8.0,1,Brasil,4099,"Taxa de desocupação, na semana de referência, das pessoas de 14 anos ou mais de idade",201503,jan-fev-mar 2015,80.0
1,Brasil,2,%,8.1,1,Brasil,4099,"Taxa de desocupação, na semana de referência, das pessoas de 14 anos ou mais de idade",201504,fev-mar-abr 2015,81.0
1,Brasil,2,%,8.2,1,Brasil,4099,"Taxa de desocupação, na semana de referência, das pessoas de 14 anos ou mais de idade",201505,mar-abr-mai 2015,82.0
1,Brasil,2,%,8.4,1,Brasil,4099,"Taxa de desocupação, na semana de referência, das pessoas de 14 anos ou mais de idade",201506,abr-mai-jun 2015,84.0
1,Brasil,2,%,8.6,1,Brasil,4099,"Taxa de desocupação, na semana de referência, das pessoas de 14 anos ou mais de idade",201507,mai-jun-jul 2015,86.0
1,Brasil,2,%,8.8,1,Brasil,4099,"Taxa de desocupação, na semana de referência, das pessoas de 14 anos ou mais de idade",201508,jun-jul-ago 2015,88.0
1,Brasil,2,%,9.0,1,Brasil,4099,"Taxa de desocupação, na semana de referência, das pessoas de 14 anos ou mais de idade",201509,jul-ago-set 2015,90.0
1,Brasil,2,%,9.1,1,Brasil,4099,"Taxa de desocupação, na semana de referência, das pessoas de 14 anos ou mais de idade",201510,ago-set-out 2015,91.0
1,Brasil,2,%,9.1,1,Brasil,4099,"Taxa de desocupação, na semana de referência, das pessoas de 14 anos ou mais de idade",201511,set-out-nov 2015,91.0
1,Brasil,2,%,9.1,1,Brasil,4099,"Taxa de desocupação, na semana de referência, das pessoas de 14 anos ou mais de idade",201512,out-nov-dez 2015,91.0
1,Brasil,2,%,9.6,1,Brasil,4099,"Taxa de desocupação, na semana de referência, das pessoas de 14 anos ou mais de idade",201601,nov-dez-jan 2016,96.0
1,Brasil,2,%,10.3,1,Brasil,4099,"Taxa de desocupação, na semana de referência, das pessoas de 14 anos ou mais de idade",201602,dez-jan-fev 2016,103.0
1,Brasil,2,%,11.0,1,Brasil,4099,"Taxa de desocupação, na semana de referência, das pessoas de 14 anos ou mais de idade",201603,jan-fev-mar 2016,110.0
1,Brasil,2,%,11.3,1,Brasil,4099,"Taxa de desocupação, na semana de referência, das pessoas de 14 anos ou mais de idade",201604,fev-mar-abr 2016,113.0
1,Brasil,2,%,11.3,1,Brasil,4099,"Taxa de desocupação, na semana de referência, das pessoas de 14 anos ou mais de idade",201605,mar-abr-mai 2016,113.0
1,Brasil,2,%,11.4,1,Brasil,4099,"Taxa de desocupação, na semana de referência, das pessoas de 14 anos ou mais de idade",201606,abr-mai-jun 2016,114.0
1,Brasil,2,%,11.7,1,Brasil,4099,"Taxa de desocupação, na semana de referência, das pessoas de 14 anos ou mais de idade",201607,mai-jun-jul 2016,117.0
1,Brasil,2,%,11.9,1,Brasil,4099,"Taxa de desocupação, na semana de referência, das pessoas de 14 anos ou mais de idade",201608,jun-jul-ago 2016,119.0
1,Brasil,2,%,11.9,1,Brasil,4099,"Taxa de desocupação, na semana de referência, das pessoas de 14 anos ou mais de idade",201609,jul-ago-set 2016,119.0
1,Brasil,2,%,11.9,1,Brasil,4099,"Taxa de desocupação, na semana de referência, das pessoas de 14 anos ou mais de idade",201610,ago-set-out 2016,119.0
1,Brasil,2,%,12.0,1,Brasil,4099,"Taxa de desocupação, na semana de referência, das pessoas de 14 anos ou mais de idade",201611,set-out-nov 2016,120.0
1,Brasil,2,%,12.1,1,Brasil,4099,"Taxa de desocupação, na semana de referência, das pessoas de 14 anos ou mais de idade",201612,out-nov-dez 2016,121.0
1,Brasil,2,%,12.7,1,Brasil,4099,"Taxa de desocupação, na semana de referência, das pessoas de 14 anos ou mais de idade",201701,nov-dez-jan 2017,127.0
1,Brasil,2,%,13.3,1,Brasil,4099,"Taxa de desocupação, na semana de referência, das pessoas de 14 anos ou mais de idade",201702,dez-jan-fev 2017,133.0
1,Brasil,2,%,13.9,1,Brasil,4099,"Taxa de desocupação, na semana de referência, das pessoas de 14 anos ou mais de idade",201703,jan-fev-mar 2017,139.0
1,Brasil,2,%,13.7,1,Brasil,4099,"Taxa de desocupação, na semana de referência, das pessoas de 14 anos ou mais de idade",201704,fev-mar-abr 2017,137.0
1,Brasil,2,%,13.4,1,Brasil,4099,"Taxa de desocupação, na semana de referência, das pessoas de 14 anos ou mais de idade",201705,mar-abr-mai 2017,134.0
1,Brasil,2,%,13.1,1,Brasil,4099,"Taxa de desocupação, na semana de referência, das pessoas de 14 anos ou mais de idade",201706,abr-mai-jun 2017,131.0
1,Brasil,2,%,12.9,1,Brasil,4099,"Taxa de desocupação, na semana de referência, das pessoas de 14 anos ou mais de idade",201707,mai-jun-jul 2017,129.0
1,Brasil,2,%,12.7,1,Brasil,4099,"Taxa de desocupação, na semana de referência, das pessoas de 14 anos ou mais de idade",201708,jun-jul-ago 2017,127.0
1,Brasil,2,%,12.5,1,Brasil,4099,"Taxa de desocupação, na semana de referência, das pessoas de 14 anos ou mais de idade",201709,jul-ago-set 2017,125.0
1,Brasil,2,%,12.3,1,Brasil,4099,"Taxa de desocupação, na semana de referência, das pessoas de 14 anos ou mais de idade",201710,ago-set-out 2017,123.0
1,Brasil,2,%,12.1,1,Brasil,4099,"Taxa de desocupação, na semana de referência, das pessoas de 14 anos ou mais de idade",201711,set-out-nov 2017,121.0
1,Brasil,2,%,11.9,1,Brasil,4099,"Taxa de desocupação, na semana de referência, das pessoas de 14 anos ou mais de idade",201712,out-nov-dez 2017,119.0
1,Brasil,2,%,12.3,1,Brasil,4099,"Taxa de desocupação, na semana de referência, das pessoas de 14 anos ou mais de idade",201801,nov-dez-jan 2018,123.0
1,Brasil,2,%,12.7,1,Brasil,4099,"Taxa de desocupação, na semana de referência, das pessoas de 14 anos ou mais de idade",201802,dez-jan-fev 2018,127.0
1,Brasil,2,%,13.2,1,Brasil,4099,"Taxa de desocupação, na semana de referência, das pessoas de 14 anos ou mais de idade",201803,jan-fev-mar 2018,132.0
1,Brasil,2,%,13.0,1,Brasil,4099,"Taxa de desocupação, na semana de referência, das pessoas de 14 anos ou mais de idade",201804,fev-mar-abr 2018,130.0
1,Brasil,2,%,12.8,1,Brasil,4099,"Taxa de desocupação, na semana de referência, das pessoas de 14 anos ou mais de idade",201805,mar-abr-mai 2018,128.0
1,Brasil,2,%,12.6,1,Brasil,4099,"Taxa de desocupação, na semana de referência, das pessoas de 14 anos ou mais de idade",201806,abr-mai-jun 2018,126.0
1,Brasil,2,%,12.4,1,Brasil,4099,"Taxa de desocupação, na semana de referência, das pessoas de 14 anos ou mais de idade",201807,mai-jun-jul 2018,124.0
1,Brasil,2,%,12.2,1,Brasil,4099,"Taxa de desocupação, na semana de referência, das pessoas de 14 anos ou mais de idade",201808,jun-jul-ago 2018,122.0
1,Brasil,2,%,12.0,1,Brasil,4099,"Taxa de desocupação, na semana de referência, das pessoas de 14 anos ou mais de idade",201809,jul-ago-set 2018,120.0
1,Brasil,2,%,11.8,1,Brasil,4099,"Taxa de desocupação, na semana de referência, das pessoas de 14 anos ou mais de idade",201810,ago-set-out 2018,118.0
1,Brasil,2,%,11.7,1,Brasil,4099,"Taxa de desocupação, na semana de referência, das pessoas de 14 anos ou mais de idade",201811,set-out-nov 2018,117.0
1,Brasil,2,%,11.7,1,Brasil,4099,"Taxa de desocupação, na semana de referência, das pessoas de 14 anos ou mais de idade",201812,out-nov-dez 2018,117.0
1,Brasil,2,%,12.2,1,Brasil,4099,"Taxa de desocupação, na semana de referência, das pessoas de 14 anos ou mais de idade",201901,nov-dez-jan 2019,122.0
1,Brasil,2,%,12.5,1,Brasil,4099,"Taxa de desocupação, na semana de referência, das pessoas de 14 anos ou mais de idade",201902,dez-jan-fev 2019,125.0
1,Brasil,2,%,12.8,1,Brasil,4099,"Taxa de desocupação, na semana de referência, das pessoas de 14 anos ou mais de idade",201903,jan-fev-mar 2019,128.0
1,Brasil,2,%,12.6,1,Brasil,4099,"Taxa de desocupação, na semana de referência, das pessoas de 14 anos ou mais de idade",201904,fev-mar-abr 2019,126.0
1,Brasil,2,%,12.4,1,Brasil,4099,"Taxa de desocupação, na semana de referência, das pessoas de 14 anos ou mais de idade",201905,mar-abr-mai 2019,124.0
1,Brasil,2,%,12.1,1,Brasil,4099,"Taxa de desocupação, na semana de referência, das pessoas de 14 anos ou mais de idade",201906,abr-mai-jun 2019,121.0
1,Brasil,2,%,11.9,1,Brasil,4099,"Taxa de desocupação, na semana de referência, das pessoas de 14 anos ou mais de idade",201907,mai-jun-jul 2019,119.0
1,Brasil,2,%,11.9,1,Brasil,4099,"Taxa de desocupação, na semana de referência, das pessoas de 14 anos ou mais de idade",201908,jun-jul-ago 2019,119.0
1,Brasil,2,%,11.9,1,Brasil,4099,"Taxa de desocupação, na semana de referência, das pessoas de 14 anos ou mais de idade",201909,jul-ago-set 2019,119.0
1,Brasil,2,%,11.7,1,Brasil,4099,"Taxa de desocupação, na semana de referência, das pessoas de 14 anos ou mais de idade",201910,ago-set-out 2019,117.0
1,Brasil,2,%,11.3,1,Brasil,4099,"Taxa de desocupação, na semana de referência, das pessoas de 14 anos ou mais de idade",201911,set-out-nov 2019,113.0
1,Brasil,2,%,11.1,1,Brasil,4099,"Taxa de desocupação, na semana de referência, das pessoas de 14 anos ou mais de idade",201912,out-nov-dez 2019,111.0
1,Brasil,2,%,11.3,1,Brasil,4099,"Taxa de desocupação, na semana de referência, das pessoas de 14 anos ou mais de idade",202001,nov-dez-jan 2020,113.0
1,Brasil,2,%,11.7,1,Brasil,4099,"Taxa de desocupação, na semana de referência, das pessoas de 14 anos ou mais de idade",202002,dez-jan-fev 2020,117.0
1,Brasil,2,%,12.4,1,Brasil,4099,"Taxa de desocupação, na semana de referência, das pessoas de 14 anos ou mais de idade",202003,jan-fev-mar 2020,124.0
1,Brasil,2,%,12.7,1,Brasil,4099,"Taxa de desocupação, na semana de referência, das pessoas de 14 anos ou mais de idade",202004,fev-mar-abr 2020,127.0
1,Brasil,2,%,13.1,1,Brasil,4099,"Taxa de desocupação, na semana de referência, das pessoas de 14 anos ou mais de idade",202005,mar-abr-mai 2020,131.0
1,Brasil,2,%,13.6,1,Brasil,4099,"Taxa de desocupação, na semana de referência, das pessoas de 14 anos ou mais de idade",202006,abr-mai-jun 2020,136.0
1,Brasil,2,%,14.1,1,Brasil,4099,"Taxa de desocupação, na semana de referência, das pessoas de 14 anos ou mais de idade",202007,mai-jun-jul 2020,141.0
1,Brasil,2,%,14.8,1,Brasil,4099,"Taxa de desocupação, na semana de referência, das pessoas de 14 anos ou mais de idade",202008,jun-jul-ago 2020,148.0
1,Brasil,2,%,14.9,1,Brasil,4099,"Taxa de desocupação, na semana de referência, das pessoas de 14 anos ou mais de idade",202009,jul-ago-set 2020,149.0
1,Brasil,2,%,14.6,1,Brasil,4099,"Taxa de desocupação, na semana de referência, das pessoas de 14 anos ou mais de idade",202010,ago-set-out 2020,146.0
1,Brasil,2,%,14.3,1,Brasil,4099,"Taxa de desocupação, na semana de referência, das pessoas de 14 anos ou mais de idade",202011,set-out-nov 2020,143.0
1,Brasil,2,%,14.2,1,Brasil,4099,"Taxa de desocupação, na semana de referência, das pessoas de 14 anos ou mais de idade",202012,out-nov-dez 2020,142.0
1,Brasil,2,%,14.4,1,Brasil,4099,"Taxa de desocupação, na semana de referência, das pessoas de 14 anos ou mais de idade",202101,nov-dez-jan 2021,144.0
1,Brasil,2,%,14.6,1,Brasil,4099,"Taxa de desocupação, na semana de referência, das pessoas de 14 anos ou mais de idade",202102,dez-jan-fev 2021,146.0
1,Brasil,2,%,14.9,1,Brasil,4099,"Taxa de desocupação, na semana de referência, das pessoas de 14 anos ou mais de idade",202103,jan-fev-mar 2021,149.0
1,Brasil,2,%,14.8,1,Brasil,4099,"Taxa de desocupação, na semana de referência, das pessoas de 14 anos ou mais de idade",202104,fev-mar-abr 2021,148.0
1,Brasil,2,%,14.7,1,Brasil,4099,"Taxa de desocupação, na semana de referência, das pessoas de 14 anos ou mais de idade",202105,mar-abr-mai 2021,147.0
1,Brasil,2,%,14.2,1,Brasil,4099,"Taxa de desocupação, na semana de referência, das pessoas de 14 anos ou mais de idade",202106,abr-mai-jun 2021,142.0
1,Brasil,2,%,13.7,1,Brasil,4099,"Taxa de desocupação, na semana de referência, das pessoas de 14 anos ou mais de idade",202107,mai-jun-jul 2021,137.0
1,Brasil,2,%,13.2,1,Brasil,4099,"Taxa de desocupação, na semana de referência, das pessoas de 14 anos ou mais de idade",202108,jun-jul-ago 2021,132.0
1,Brasil,2,%,12.7,1,Brasil,4099,"Taxa de desocupação, na semana de referência, das pessoas de 14 anos ou mais de idade",202109,jul-ago-set 2021,127.0
1,Brasil,2,%,12.1,1,Brasil,4099,"Taxa de desocupação, na semana de referência, das pessoas de 14 anos ou mais de idade",202110,ago-set-out 2021,121.0
1,Brasil,2,%,11.6,1,Brasil,4099,"Taxa de desocupação, na semana de referência, das pessoas de 14 anos ou mais de idade",202111,set-out-nov 2021,116.0
1,Brasil,2,%,11.1,1,Brasil,4099,"Taxa de desocupação, na semana de referência, das pessoas de 14 anos ou mais de idade",202112,out-nov-dez 2021,111.0
1,Brasil,2,%,11.2,1,Brasil,4099,"Taxa de desocupação, na semana de referência, das pessoas de 14 anos ou mais de idade",202201,nov-dez-jan 2022,112.0
1,Brasil,2,%,11.2,1,Brasil,4099,"Taxa de desocupação, na semana de referência, das pessoas de 14 anos ou mais de idade",202202,dez-jan-fev 2022,112.0
1,Brasil,2,%,11.1,1,Brasil,4099,"Taxa de desocupação, na semana de referência, das pessoas de 14 anos ou mais de idade",202203,jan-fev-mar 2022,111.0
1,Brasil,2,%,10.5,1,Brasil,4099,"Taxa de desocupação, na semana de referência, das pessoas de 14 anos ou mais de idade",202204,fev-mar-abr 2022,105.0
1,Brasil,2,%,9.8,1,Brasil,4099,"Taxa de desocupação, na semana de referência, das pessoas de 14 anos ou mais de idade",202205,mar-abr-mai 2022,98.0
1,Brasil,2,%,9.3,1,Brasil,4099,"Taxa de desocupação, na semana de referência, das pessoas de 14 anos ou mais de idade",202206,abr-mai-jun 2022,93.0
1,Brasil,2,%,9.1,1,Brasil,4099,"Taxa de desocupação, na semana de referência, das pessoas de 14 anos ou mais de idade",202207,mai-jun-jul 2022,91.0
1,Brasil,2,%,8.9,1,Brasil,4099,"Taxa de desocupação, na semana de referência, das pessoas de 14 anos ou mais de idade",202208,jun-jul-ago 2022,89.0
1,Brasil,2,%,8.7,1,Brasil,4099,"Taxa de desocupação, na semana de referência, das pessoas de 14 anos ou mais de idade",202209,jul-ago-set 2022,87.0
1,Brasil,2,%,8.3,1,Brasil,4099,"Taxa de desocupação, na semana de referência, das pessoas de 14 anos ou mais de idade",202210,ago-set-out 2022,83.0
1,Brasil,2,%,8.1,1,Brasil,4099,"Taxa de desocupação, na semana de referência, das pessoas de 14 anos ou mais de idade",202211,set-out-nov 2022,81.0
1,Brasil,2,%,7.9,1,Brasil,4099,"Taxa de desocupação, na semana de referência, das pessoas de 14 anos ou mais de idade",202212,out-nov-dez 2022,79.0
1,Brasil,2,%,8.4,1,Brasil,4099,"Taxa de desocupação, na semana de referência, das pessoas de 14 anos ou mais de idade",202301,nov-dez-jan 2023,84.0
1,Brasil,2,%,8.6,1,Brasil,4099,"Taxa de desocupação, na semana de referência, das pessoas de 14 anos ou mais de idade",202302,dez-jan-fev 2023,86.0
1,Brasil,2,%,8.8,1,Brasil,4099,"Taxa de desocupação, na semana de referência, das pessoas de 14 anos ou mais de idade",202303,jan-fev-mar 2023,88.0
1,Brasil,2,%,8.5,1,Brasil,4099,"Taxa de desocupação, na semana de referência, das pessoas de 14 anos ou mais de idade",202304,fev-mar-abr 2023,85.0
1,Brasil,2,%,8.3,1,Brasil,4099,"Taxa de desocupação, na semana de referência, das pessoas de 14 anos ou mais de idade",202305,mar-abr-mai 2023,83.0
1,Brasil,2,%,8.0,1,Brasil,4099,"Taxa de desocupação, na semana de referência, das pessoas de 14 anos ou mais de idade",202306,abr-mai-jun 2023,80.0
1,Brasil,2,%,7.9,1,Brasil,4099,"Taxa de desocupação, na semana de referência, das pessoas de 14 anos ou mais de idade",202307,mai-jun-jul 2023,79.0
1,Brasil,2,%,7.8,1,Brasil,4099,"Taxa de desocupação, na semana de referência, das pessoas de 14 anos ou mais de idade",202308,jun-jul-ago 2023,78.0
1,Brasil,2,%,7.7,1,Brasil,4099,"Taxa de desocupação, na semana de referência, das pessoas de 14 anos ou mais de idade",202309,jul-ago-set 2023,77.0
1,Brasil,2,%,7.6,1,Brasil,4099,"Taxa de desocupação, na semana de referência, das pessoas de 14 anos ou mais de idade",202310,ago-set-out 2023,76.0
1,Brasil,2,%,7.5,1,Brasil,4099,"Taxa de desocupação, na semana de referência, das pessoas de 14 anos ou mais de idade",202311,set-out-nov 2023,75.0
1,Brasil,2,%,7.4,1,Brasil,4099,"Taxa de desocupação, na semana de referência, das pessoas de 14 anos ou mais de idade",202312,out-nov-dez 2023,74.0
1,Brasil,2,%,7.6,1,Brasil,4099,"Taxa de desocupação, na semana de referência, das pessoas de 14 anos ou mais de idade",202401,nov-dez-jan 2024,76.0
1,Brasil,2,%,7.8,1,Brasil,4099,"Taxa de desocupação, na semana de referência, das pessoas de 14 anos ou mais de idade",202402,dez-jan-fev 2024,78.0
1,Brasil,2,%,7.9,1,Brasil,4099,"Taxa de desocupação, na semana de referência, das pessoas de 14 anos ou mais de idade",202403,jan-fev-mar 2024,79.0
1,Brasil,2,%,7.5,1,Brasil,4099,"Taxa de desocupação, na semana de referência, das pessoas de 14 anos ou mais de idade",202404,fev-mar-abr 2024,75.0
1,Brasil,2,%,7.1,1,Brasil,4099,"Taxa de desocupação, na semana de referência, das pessoas de 14 anos ou mais de idade",202405,mar-abr-mai 2024,71.0
1,Brasil,2,%,6.9,1,Brasil,4099,"Taxa de desocupação, na semana de referência, das pessoas de 14 anos ou mais de idade",202406,abr-mai-jun 2024,69.0
1,Brasil,2,%,6.8,1,Brasil,4099,"Taxa de desocupação, na semana de referência, das pessoas de 14 anos ou mais de idade",202407,mai-jun-jul 2024,68.0
1,Brasil,2,%,6.6,1,Brasil,4099,"Taxa de desocupação, na semana de referência, das pessoas de 14 anos ou mais de idade",202408,jun-jul-ago 2024,66.0
1,Brasil,2,%,6.4,1,Brasil,4099,"Taxa de desocupação, na semana de referência, das pessoas de 14 anos ou mais de idade",202409,jul-ago-set 2024,64.0
1,Brasil,2,%,6.2,1,Brasil,4099,"Taxa de desocupação, na semana de referência, das pessoas de 14 anos ou mais de idade",202410,ago-set-out 2024,62.0
1,Brasil,2,%,6.1,1,Brasil,4099,"Taxa de desocupação, na semana de referência, das pessoas de 14 anos ou mais de idade",202411,set-out-nov 2024,61.0
1,Brasil,2,%,6.2,1,Brasil,4099,"Taxa de desocupação, na semana de referência, das pessoas de 14 anos ou mais de idade",202412,out-nov-dez 2024,62.0
1,Brasil,2,%,6.5,1,Brasil,4099,"Taxa de desocupação, na semana de referência, das pessoas de 14 anos ou mais de idade",202501,nov-dez-jan 2025,65.0
1,Brasil,2,%,6.8,1,Brasil,4099,"Taxa de desocupação, na semana de referência, das pessoas de 14 anos ou mais de idade",202502,dez-jan-fev 2025,68.0
1,Brasil,2,%,7.0,1,Brasil,4099,"Taxa de desocupação, na semana de referência, das pessoas de 14 anos ou mais de idade",202503,jan-fev-mar 2025,70.0
1,Brasil,2,%,6.6,1,Brasil,4099,"Taxa de desocupação, na semana de referência, das pessoas de 14 anos ou mais de idade",202504,fev-mar-abr 2025,66.0
1,Brasil,2,%,6.2,1,Brasil,4099,"Taxa de desocupação, na semana de referência, das pessoas de 14 anos ou mais de idade",202505,mar-abr-mai 2025,62.0
1,Brasil,2,%,5.8,1,Brasil,4099,"Taxa de desocupação, na semana de referência, das pessoas de 14 anos ou mais de idade",202506,abr-mai-jun 2025,58.0
1,Brasil,2,%,5.6,1,Brasil,4099,"Taxa de desocupação, na semana de referência, das pessoas de 14 anos ou mais de idade",202507,mai-jun-jul 2025,56.0
1,Brasil,2,%,5.6,1,Brasil,4099,"Taxa de desocupação, na semana de referência, das pessoas de 14 anos ou mais de idade",202508,jun-jul-ago 2025,56.0
1,Brasil,2,%,5.6,1,Brasil,4099,"Taxa de desocupação, na semana de referência, das pessoas de 14 anos ou mais de idade",202509,jul-ago-set 2025,56.0
1,Brasil,2,%,5.4,1,Brasil,4099,"Taxa de desocupação, na semana de referência, das pessoas de 14 anos ou mais de idade",202510,ago-set-out 2025,54.0
1,Brasil,2,%,5.2,1,Brasil,4099,"Taxa de desocupação, na semana de referência, das pessoas de 14 anos ou mais de idade",202511,set-out-nov 2025,52.0
1,Brasil,2,%,5.1,1,Brasil,4099,"Taxa de desocupação, na semana de referência, das pessoas de 14 anos ou mais de idade",202512,out-nov-dez 2025,51.0
1,Brasil,2,%,5.4,1,Brasil,4099,"Taxa de desocupação, na semana de referência, das pessoas de 14 anos ou mais de idade",202601,nov-dez-jan 2026,54.0
1,Brasil,2,%,5.8,1,Brasil,4099,"Taxa de desocupação, na semana de referência, das pessoas de 14 anos ou mais de idade",202602,dez-jan-fev 2026,58.0
1,Brasil,2,%,6.1,1,Brasil,4099,"Taxa de desocupação, na semana de referência, das pessoas de 14 anos ou mais de idade",202603,jan-fev-mar 2026,61.0
1,Brasil,2,%,5.8,1,Brasil,4099,"Taxa de desocupação, na semana de referência, das pessoas de 14 anos ou mais de idade",202604,fev-mar-abr 2026,58.0
1,Brasil,2,%,5.6,1,Brasil,4099,"Taxa de desocupação, na semana de referência, das pessoas de 14 anos ou mais de idade",202605,mar-abr-mai 2026,56.0
1,Brasil,2,%,5.4,1,Brasil,4099,"Taxa de desocupação, na semana de referência, das pessoas de 14 anos ou mais de idade",202606,abr-mai-jun 2026,54.0
1,Brasil,2,%,0.9,1,Brasil,4103,"Coeficiente de variação - Taxa de desocupação, na semana de referência, das pessoas de 14 anos ou mais de idade",201203,jan-fev-mar 2012,9.0
1,Brasil,2,%,1.0,1,Brasil,4103,"Coeficiente de variação - Taxa de desocupação, na semana de referência, das pessoas de 14 anos ou mais de idade",201204,fev-mar-abr 2012,10.0
1,Brasil,2,%,1.1,1,Brasil,4103,"Coeficiente de variação - Taxa de desocupação, na semana de referência, das pessoas de 14 anos ou mais de idade",201205,mar-abr-mai 2012,11.0
1,Brasil,2,%,1.0,1,Brasil,4103,"Coeficiente de variação - Taxa de desocupação, na semana de referência, das pessoas de 14 anos ou mais de idade",201206,abr-mai-jun 2012,10.0
1,Brasil,2,%,1.1,1,Brasil,4103,"Coeficiente de variação - Taxa de desocupação, na semana de referência, das pessoas de 14 anos ou mais de idade",201207,mai-jun-jul 2012,11.0
1,Brasil,2,%,1.1,1,Brasil,4103,"Coeficiente de variação - Taxa de desocupação, na semana de referência, das pessoas de 14 anos ou mais de idade",201208,jun-jul-ago 2012,11.0
1,Brasil,2,%,1.1,1,Brasil,4103,"Coeficiente de variação - Taxa de desocupação, na semana de referência, das pessoas de 14 anos ou mais de idade",201209,jul-ago-set 2012,11.0
1,Brasil,2,%,1.2,1,Brasil,4103,"Coeficiente de variação - Taxa de desocupação, na semana de referência, das pessoas de 14 anos ou mais de idade",201210,ago-set-out 2012,12.0
1,Brasil,2,%,1.2,1,Brasil,4103,"Coeficiente de variação - Taxa de desocupação, na semana de referência, das pessoas de 14 anos ou mais de idade",201211,set-out-nov 2012,12.0
1,Brasil,2,%,1.1,1,Brasil,4103,"Coeficiente de variação - Taxa de desocupação, na semana de referência, das pessoas de 14 anos ou mais de idade",201212,out-nov-dez 2012,11.0
1,Brasil,2,%,1.1,1,Brasil,4103,"Coeficiente de variação - Taxa de desocupação, na semana de referência, das pessoas de 14 anos ou mais de idade",201301,nov-dez-jan 2013,11.0
1,Brasil,2,%,1.1,1,Brasil,4103,"Coeficiente de variação - Taxa de desocupação, na semana de referência, das pessoas de 14 anos ou mais de idade",201302,dez-jan-fev 2013,11.0
1,Brasil,2,%,1.0,1,Brasil,4103,"Coeficiente de variação - Taxa de desocupação, na semana de referência, das pessoas de 14 anos ou mais de idade",201303,jan-fev-mar 2013,10.0
1,Brasil,2,%,1.1,1,Brasil,4103,"Coeficiente de variação - Taxa de desocupação, na semana de referência, das pessoas de 14 anos ou mais de idade",201304,fev-mar-abr 2013,11.0
1,Brasil,2,%,1.0,1,Brasil,4103,"Coeficiente de variação - Taxa de desocupação, na semana de referência, das pessoas de 14 anos ou mais de idade",201305,mar-abr-mai 2013,10.0
1,Brasil,2,%,0.9,1,Brasil,4103,"Coeficiente de variação - Taxa de desocupação, na semana de referência, das pessoas de 14 anos ou mais de idade",201306,abr-mai-jun 2013,9.0
1,Brasil,2,%,1.1,1,Brasil,4103,"Coeficiente de variação - Taxa de desocupação, na semana de referência, das pessoas de 14 anos ou mais de idade",201307,mai-jun-jul 2013,11.0
1,Brasil,2,%,1.1,1,Brasil,4103,"Coeficiente de variação - Taxa de desocupação, na semana de referência, das pessoas de 14 anos ou mais de idade",201308,jun-jul-ago 2013,11.0
1,Brasil,2,%,1.1,1,Brasil,4103,"Coeficiente de variação - Taxa de desocupação, na semana de referência, das pessoas de 14 anos ou mais de idade",201309,jul-ago-set 2013,11.0
1,Brasil,2,%,1.1,1,Brasil,4103,"Coeficiente de variação - Taxa de desocupação, na semana de referência, das pessoas de 14 anos ou mais de idade",201310,ago-set-out 2013,11.0
1,Brasil,2,%,1.2,1,Brasil,4103,"Coeficiente de variação - Taxa de desocupação, na semana de referência, das pessoas de 14 anos ou mais de idade",201311,set-out-nov 2013,12.0
1,Brasil,2,%,1.3,1,Brasil,4103,"Coeficiente de variação - Taxa de desocupação, na semana de referência, das pessoas de 14 anos ou mais de idade",201312,out-nov-dez 2013,13.0
1,Brasil,2,%,1.2,1,Brasil,4103,"Coeficiente de variação - Taxa de desocupação, na semana de referência, das pessoas de 14 anos ou mais de idade",201401,nov-dez-jan 2014,12.0
1,Brasil,2,%,1.1,1,Brasil,4103,"Coeficiente de variação - Taxa de desocupação, na semana de referência, das pessoas de 14 anos ou mais de idade",201402,dez-jan-fev 2014,11.0
1,Brasil,2,%,1.2,1,Brasil,4103,"Coeficiente de variação - Taxa de desocupação, na semana de referência, das pessoas de 14 anos ou mais de idade",201403,jan-fev-mar 2014,12.0
1,Brasil,2,%,1.3,1,Brasil,4103,"Coeficiente de variação - Taxa de desocupação, na semana de referência, das pessoas de 14 anos ou mais de idade",201404,fev-mar-abr 2014,13.0
1,Brasil,2,%,1.2,1,Brasil,4103,"Coeficiente de variação - Taxa de desocupação, na semana de referência, das pessoas de 14 anos ou mais de idade",201405,mar-abr-mai 2014,12.0
1,Brasil,2,%,1.1,1,Brasil,4103,"Coeficiente de variação - Taxa de desocupação, na semana de referência, das pessoas de 14 anos ou mais de idade",201406,abr-mai-jun 2014,11.0
1,Brasil,2,%,1.1,1,Brasil,4103,"Coeficiente de variação - Taxa de desocupação, na semana de referência, das pessoas de 14 anos ou mais de idade",201407,mai-jun-jul 2014,11.0
1,Brasil,2,%,1.2,1,Brasil,4103,"Coeficiente de variação - Taxa de desocupação, na semana de referência, das pessoas de 14 anos ou mais de idade",201408,jun-jul-ago 2014,12.0
1,Brasil,2,%,1.2,1,Brasil,4103,"Coeficiente de variação - Taxa de desocupação, na semana de referência, das pessoas de 14 anos ou mais de idade",201409,jul-ago-set 2014,12.0
1,Brasil,2,%,1.1,1,Brasil,4103,"Coeficiente de variação - Taxa de desocupação, na semana de referência, das pessoas de 14 anos ou mais de idade",201410,ago-set-out 2014,11.0
1,Brasil,2,%,1.2,1,Brasil,4103,"Coeficiente de variação - Taxa de desocupação, na semana de referência, das pessoas de 14 anos ou mais de idade",201411,set-out-nov 2014,12.0
1,Brasil,2,%,1.3,1,Brasil,4103,"Coeficiente de variação - Taxa de desocupação, na semana de referência, das pessoas de 14 anos ou mais de idade",201412,out-nov-dez 2014,13.0
1,Brasil,2,%,1.2,1,Brasil,4103,"Coeficiente de variação - Taxa de desocupação, na semana de referência, das pessoas de 14 anos ou mais de idade",201501,nov-dez-jan 2015,12.0
1,Brasil,2,%,1.1,1,Brasil,4103,"Coeficiente de variação - Taxa de desocupação, na semana de referência, das pessoas de 14 anos ou mais de idade",201502,dez-jan-fev 2015,11.0
1,Brasil,2,%,1.1,1,Brasil,4103,"Coeficiente de variação - Taxa de desocupação, na semana de referência, das pessoas de 14 anos ou mais de idade",201503,jan-fev-mar 2015,11.0
1,Brasil,2,%,1.1,1,Brasil,4103,"Coeficiente de variação - Taxa de desocupação, na semana de referência, das pessoas de 14 anos ou mais de idade",201504,fev-mar-abr 2015,11.0
1,Brasil,2,%,1.1,1,Brasil,4103,"Coeficiente de variação - Taxa de desocupação, na semana de referência, das pessoas de 14 anos ou mais de idade",201505,mar-abr-mai 2015,11.0
1,Brasil,2,%,1.1,1,Brasil,4103,"Coeficiente de variação - Taxa de desocupação, na semana de referência, das pessoas de 14 anos ou mais de idade",201506,abr-mai-jun 2015,11.0
1,Brasil,2,%,1.0,1,Brasil,4103,"Coeficiente de variação - Taxa de desocupação, na semana de referência, das pessoas de 14 anos ou mais de idade",201507,mai-jun-jul 2015,10.0
1,Brasil,2,%,1.0,1,Brasil,4103,"Coeficiente de variação - Taxa de desocupação, na semana de referência, das pessoas de 14 anos ou mais de idade",201508,jun-jul-ago 2015,10.0
1,Brasil,2,%,1.0,1,Brasil,4103,"Coeficiente de variação - Taxa de desocupação, na semana de referência, das pessoas de 14 anos ou mais de idade",201509,jul-ago-set 2015,10.0
1,Brasil,2,%,1.0,1,Brasil,4103,"Coeficiente de variação - Taxa de desocupação, na semana de referência, das pessoas de 14 anos ou mais de idade",201510,ago-set-out 2015,10.0
1,Brasil,2,%,1.1,1,Brasil,4103,"Coeficiente de variação - Taxa de desocupação, na semana de referência, das pessoas de 14 anos ou mais de idade",201511,set-out-nov 2015,11.0
1,Brasil,2,%,1.1,1,Brasil,4103,"Coeficiente de variação - Taxa de desocupação, na semana de referência, das pessoas de 14 anos ou mais de idade",201512,out-nov-dez 2015,11.0
1,Brasil,2,%,1.1,1,Brasil,4103,"Coeficiente de variação - Taxa de desocupação, na semana de referência, das pessoas de 14 anos ou mais de idade",201601,nov-dez-jan 2016,11.0
1,Brasil,2,%,1.2,1,Brasil,4103,"Coeficiente de variação - Taxa de desocupação, na semana de referência, das pessoas de 14 anos ou mais de idade",201602,dez-jan-fev 2016,12.0
1,Brasil,2,%,1.2,1,Brasil,4103,"Coeficiente de variação - Taxa de desocupação, na semana de referência, das pessoas de 14 anos ou mais de idade",201603,jan-fev-mar 2016,12.0
1,Brasil,2,%,1.2,1,Brasil,4103,"Coeficiente de variação - Taxa de desocupação, na semana de referência, das pessoas de 14 anos ou mais de idade",201604,fev-mar-abr 2016,12.0
1,Brasil,2,%,0.9,1,Brasil,4103,"Coeficiente de variação - Taxa de desocupação, na semana de referência, das pessoas de 14 anos ou mais de idade",201605,mar-abr-mai 2016,9.0
1,Brasil,2,%,1.0,1,Brasil,4103,"Coeficiente de variação - Taxa de desocupação, na semana de referência, das pessoas de 14 anos ou mais de idade",201606,abr-mai-jun 2016,10.0
1,Brasil,2,%,1.0,1,Brasil,4103,"Coeficiente de variação - Taxa de desocupação, na semana de referência, das pessoas de 14 anos ou mais de idade",201607,mai-jun-jul 2016,10.0
1,Brasil,2,%,1.0,1,Brasil,4103,"Coeficiente de variação - Taxa de desocupação, na semana de referência, das pessoas de 14 anos ou mais de idade",201608,jun-jul-ago 2016,10.0
1,Brasil,2,%,1.0,1,Brasil,4103,"Coeficiente de variação - Taxa de desocupação, na semana de referência, das pessoas de 14 anos ou mais de idade",201609,jul-ago-set 2016,10.0
1,Brasil,2,%,1.0,1,Brasil,4103,"Coeficiente de variação - Taxa de desocupação, na semana de referência, das pessoas de 14 anos ou mais de idade",201610,ago-set-out 2016,10.0
1,Brasil,2,%,1.0,1,Brasil,4103,"Coeficiente de variação - Taxa de desocupação, na semana de referência, das pessoas de 14 anos ou mais de idade",201611,set-out-nov 2016,10.0
1,Brasil,2,%,0.9,1,Brasil,4103,"Coeficiente de variação - Taxa de desocupação, na semana de referência, das pessoas de 14 anos ou mais de idade",201612,out-nov-dez 2016,9.0
1,Brasil,2,%,0.9,1,Brasil,4103,"Coeficiente de variação - Taxa de desocupação, na semana de referência, das pessoas de 14 anos ou mais de idade",201701,nov-dez-jan 2017,9.0
1,Brasil,2,%,0.9,1,Brasil,4103,"Coeficiente de variação - Taxa de desocupação, na semana de referência, das pessoas de 14 anos ou mais de idade",201702,dez-jan-fev 2017,9.0
1,Brasil,2,%,0.9,1,Brasil,4103,"Coeficiente de variação - Taxa de desocupação, na semana de referência, das pessoas de 14 anos ou mais de idade",201703,jan-fev-mar 2017,9.0
1,Brasil,2,%,0.8,1,Brasil,4103,"Coeficiente de variação - Taxa de desocupação, na semana de referência, das pessoas de 14 anos ou mais de idade",201704,fev-mar-abr 2017,8.0
1,Brasil,2,%,0.9,1,Brasil,4103,"Coeficiente de variação - Taxa de desocupação, na semana de referência, das pessoas de 14 anos ou mais de idade",201705,mar-abr-mai 2017,9.0
1,Brasil,2,%,0.8,1,Brasil,4103,"Coeficiente de variação - Taxa de desocupação, na semana de referência, das pessoas de 14 anos ou mais de idade",201706,abr-mai-jun 2017,8.0
1,Brasil,2,%,0.9,1,Brasil,4103,"Coeficiente de variação - Taxa de desocupação, na semana de referência, das pessoas de 14 anos ou mais de idade",201707,mai-jun-jul 2017,9.0
1,Brasil,2,%,0.9,1,Brasil,4103,"Coeficiente de variação - Taxa de desocupação, na semana de referência, das pessoas de 14 anos ou mais de idade",201708,jun-jul-ago 2017,9.0
1,Brasil,2,%,0.9,1,Brasil,4103,"Coeficiente de variação - Taxa de desocupação, na semana de referência, das pessoas de 14 anos ou mais de idade",201709,jul-ago-set 2017,9.0
1,Brasil,2,%,0.9,1,Brasil,4103,"Coeficiente de variação - Taxa de desocupação, na semana de referência, das pessoas de 14 anos ou mais de idade",201710,ago-set-out 2017,9.0
1,Brasil,2,%,1.0,1,Brasil,4103,"Coeficiente de variação - Taxa de desocupação, na semana de referência, das pessoas de 14 anos ou mais de idade",201711,set-out-nov 2017,10.0
1,Brasil,2,%,1.0,1,Brasil,4103,"Coeficiente de variação - Taxa de desocupação, na semana de referência, das pessoas de 14 anos ou mais de idade",201712,out-nov-dez 2017,10.0
1,Brasil,2,%,0.9,1,Brasil,4103,"Coeficiente de variação - Taxa de desocupação, na semana de referência, das pessoas de 14 anos ou mais de idade",201801,nov-dez-jan 2018,9.0
1,Brasil,2,%,1.0,1,Brasil,4103,"Coeficiente de variação - Taxa de desocupação, na semana de referência, das pessoas de 14 anos ou mais de idade",201802,dez-jan-fev 2018,10.0
1,Brasil,2,%,0.9,1,Brasil,4103,"Coeficiente de variação - Taxa de desocupação, na semana de referência, das pessoas de 14 anos ou mais de idade",201803,jan-fev-mar 2018,9.0
1,Brasil,2,%,0.9,1,Brasil,4103,"Coeficiente de variação - Taxa de desocupação, na semana de referência, das pessoas de 14 anos ou mais de idade",201804,fev-mar-abr 2018,9.0
1,Brasil,2,%,0.9,1,Brasil,4103,"Coeficiente de variação - Taxa de desocupação, na semana de referência, das pessoas de 14 anos ou mais de idade",201805,mar-abr-mai 2018,9.0
1,Brasil,2,%,0.9,1,Brasil,4103,"Coeficiente de variação - Taxa de desocupação, na semana de referência, das pessoas de 14 anos ou mais de idade",201806,abr-mai-jun 2018,9.0
1,Brasil,2,%,1.0,1,Brasil,4103,"Coeficiente de variação - Taxa de desocupação, na semana de referência, das pessoas de 14 anos ou mais de idade",201807,mai-jun-jul 2018,10.0
1,Brasil,2,%,1.0,1,Brasil,4103,"Coeficiente de variação - Taxa de desocupação, na semana de referência, das pessoas de 14 anos ou mais de idade",201808,jun-jul-ago 2018,10.0
1,Brasil,2,%,0.9,1,Brasil,4103,"Coeficiente de variação - Taxa de desocupação, na semana de referência, das pessoas de 14 anos ou mais de idade",201809,jul-ago-set 2018,9.0
1,Brasil,2,%,0.9,1,Brasil,4103,"Coeficiente de variação - Taxa de desocupação, na semana de referência, das pessoas de 14 anos ou mais de idade",201810,ago-set-out 2018,9.0
1,Brasil,2,%,0.9,1,Brasil,4103,"Coeficiente de variação - Taxa de desocupação, na semana de referência, das pessoas de 14 anos ou mais de idade",201811,set-out-nov 2018,9.0
1,Brasil,2,%,0.9,1,Brasil,4103,"Coeficiente de variação - Taxa de desocupação, na semana de referência, das pessoas de 14 anos ou mais de idade",201812,out-nov-dez 2018,9.0
1,Brasil,2,%,1.0,1,Brasil,4103,"Coeficiente de variação - Taxa de desocupação, na semana de referência, das pessoas de 14 anos ou mais de idade",201901,nov-dez-jan 2019,10.0
1,Brasil,2,%,1.0,1,Brasil,4103,"Coeficiente de variação - Taxa de desocupação, na semana de referência, das pessoas de 14 anos ou mais de idade",201902,dez-jan-fev 2019,10.0
1,Brasil,2,%,1.0,1,Brasil,4103,"Coeficiente de variação - Taxa de desocupação, na semana de referência, das pessoas de 14 anos ou mais de idade",201903,jan-fev-mar 2019,10.0
1,Brasil,2,%,0.8,1,Brasil,4103,"Coeficiente de variação - Taxa de desocupação, na semana de referência, das pessoas de 14 anos ou mais de idade",201904,fev-mar-abr 2019,8.0
1,Brasil,2,%,1.0,1,Brasil,4103,"Coeficiente de variação - Taxa de desocupação, na semana de referência, das pessoas de 14 anos ou mais de idade",201905,mar-abr-mai 2019,10.0
1,Brasil,2,%,1.0,1,Brasil,4103,"Coeficiente de variação - Taxa de desocupação, na semana de referência, das pessoas de 14 anos ou mais de idade",201906,abr-mai-jun 2019,10.0
1,Brasil,2,%,1.0,1,Brasil,4103,"Coeficiente de variação - Taxa de desocupação, na semana de referência, das pessoas de 14 anos ou mais de idade",201907,mai-jun-jul 2019,10.0
1,Brasil,2,%,0.9,1,Brasil,4103,"Coeficiente de variação - Taxa de desocupação, na semana de referência, das pessoas de 14 anos ou mais de idade",201908,jun-jul-ago 2019,9.0
1,Brasil,2,%,1.0,1,Brasil,4103,"Coeficiente de variação - Taxa de desocupação, na semana de referência, das pessoas de 14 anos ou mais de idade",201909,jul-ago-set 2019,10.0
1,Brasil,2,%,1.0,1,Brasil,4103,"Coeficiente de variação - Taxa de desocupação, na semana de referência, das pessoas de 14 anos ou mais de idade",201910,ago-set-out 2019,10.0
1,Brasil,2,%,1.0,1,Brasil,4103,"Coeficiente de variação - Taxa de desocupação, na semana de referência, das pessoas de 14 anos ou mais de idade",201911,set-out-nov 2019,10.0
1,Brasil,2,%,1.0,1,Brasil,4103,"Coeficiente de variação - Taxa de desocupação, na semana de referência, das pessoas de 14 anos ou mais de idade",201912,out-nov-dez 2019,10.0
1,Brasil,2,%,1.0,1,Brasil,4103,"Coeficiente de variação - Taxa de desocupação, na semana de referência, das pessoas de 14 anos ou mais de idade",202001,nov-dez-jan 2020,10.0
1,Brasil,2,%,0.9,1,Brasil,4103,"Coeficiente de variação - Taxa de desocupação, na semana de referência, das pessoas de 14 anos ou mais de idade",202002,dez-jan-fev 2020,9.0
1,Brasil,2,%,1.0,1,Brasil,4103,"Coeficiente de variação - Taxa de desocupação, na semana de referência, das pessoas de 14 anos ou mais de idade",202003,jan-fev-mar 2020,10.0
1,Brasil,2,%,1.1,1,Brasil,4103,"Coeficiente de variação - Taxa de desocupação, na semana de referência, das pessoas de 14 anos ou mais de idade",202004,fev-mar-abr 2020,11.0
1,Brasil,2,%,1.3,1,Brasil,4103,"Coeficiente de variação - Taxa de desocupação, na semana de referência, das pessoas de 14 anos ou mais de idade",202005,mar-abr-mai 2020,13.0
1,Brasil,2,%,1.4,1,Brasil,4103,"Coeficiente de variação - Taxa de desocupação, na semana de referência, das pessoas de 14 anos ou mais de idade",202006,abr-mai-jun 2020,14.0
1,Brasil,2,%,1.2,1,Brasil,4103,"Coeficiente de variação - Taxa de desocupação, na semana de referência, das pessoas de 14 anos ou mais de idade",202007,mai-jun-jul 2020,12.0
1,Brasil,2,%,1.2,1,Brasil,4103,"Coeficiente de variação - Taxa de desocupação, na semana de referência, das pessoas de 14 anos ou mais de idade",202008,jun-jul-ago 2020,12.0
1,Brasil,2,%,1.1,1,Brasil,4103,"Coeficiente de variação - Taxa de desocupação, na semana de referência, das pessoas de 14 anos ou mais de idade",202009,jul-ago-set 2020,11.0
1,Brasil,2,%,1.2,1,Brasil,4103,"Coeficiente de variação - Taxa de desocupação, na semana de referência, das pessoas de 14 anos ou mais de idade",202010,ago-set-out 2020,12.0
1,Brasil,2,%,1.3,1,Brasil,4103,"Coeficiente de variação - Taxa de desocupação, na semana de referência, das pessoas de 14 anos ou mais de idade",202011,set-out-nov 2020,13.0
1,Brasil,2,%,1.5,1,Brasil,4103,"Coeficiente de variação - Taxa de desocupação, na semana de referência, das pessoas de 14 anos ou mais de idade",202012,out-nov-dez 2020,15.0
1,Brasil,2,%,1.3,1,Brasil,4103,"Coeficiente de variação - Taxa de desocupação, na semana de referência, das pessoas de 14 anos ou mais de idade",202101,nov-dez-jan 2021,13.0
1,Brasil,2,%,1.2,1,Brasil,4103,"Coeficiente de variação - Taxa de desocupação, na semana de referência, das pessoas de 14 anos ou mais de idade",202102,dez-jan-fev 2021,12.0
1,Brasil,2,%,1.2,1,Brasil,4103,"Coeficiente de variação - Taxa de desocupação, na semana de referência, das pessoas de 14 anos ou mais de idade",202103,jan-fev-mar 2021,12.0
1,Brasil,2,%,1.3,1,Brasil,4103,"Coeficiente de variação - Taxa de desocupação, na semana de referência, das pessoas de 14 anos ou mais de idade",202104,fev-mar-abr 2021,13.0
1,Brasil,2,%,1.3,1,Brasil,4103,"Coeficiente de variação - Taxa de desocupação, na semana de referência, das pessoas de 14 anos ou mais de idade",202105,mar-abr-mai 2021,13.0
1,Brasil,2,%,1.2,1,Brasil,4103,"Coeficiente de variação - Taxa de desocupação, na semana de referência, das pessoas de 14 anos ou mais de idade",202106,abr-mai-jun 2021,12.0
1,Brasil,2,%,1.2,1,Brasil,4103,"Coeficiente de variação - Taxa de desocupação, na semana de referência, das pessoas de 14 anos ou mais de idade",202107,mai-jun-jul 2021,12.0
1,Brasil,2,%,1.1,1,Brasil,4103,"Coeficiente de variação - Taxa de desocupação, na semana de referência, das pessoas de 14 anos ou mais de idade",202108,jun-jul-ago 2021,11.0
1,Brasil,2,%,1.1,1,Brasil,4103,"Coeficiente de variação - Taxa de desocupação, na semana de referência, das pessoas de 14 anos ou mais de idade",202109,jul-ago-set 2021,11.0
1,Brasil,2,%,1.1,1,Brasil,4103,"Coeficiente de variação - Taxa de desocupação, na semana de referência, das pessoas de 14 anos ou mais de idade",202110,ago-set-out 2021,11.0
1,Brasil,2,%,1.0,1,Brasil,4103,"Coeficiente de variação - Taxa de desocupação, na semana de referência, das pessoas de 14 anos ou mais de idade",202111,set-out-nov 2021,10.0
1,Brasil,2,%,1.0,1,Brasil,4103,"Coeficiente de variação - Taxa de desocupação, na semana de referência, das pessoas de 14 anos ou mais de idade",202112,out-nov-dez 2021,10.0
1,Brasil,2,%,1.1,1,Brasil,4103,"Coeficiente de variação - Taxa de desocupação, na semana de referência, das pessoas de 14 anos ou mais de idade",202201,nov-dez-jan 2022,11.0
1,Brasil,2,%,1.1,1,Brasil,4103,"Coeficiente de variação - Taxa de desocupação, na semana de referência, das pessoas de 14 anos ou mais de idade",202202,dez-jan-fev 2022,11.0
1,Brasil,2,%,1.0,1,Brasil,4103,"Coeficiente de variação - Taxa de desocupação, na semana de referência, das pessoas de 14 anos ou mais de idade",202203,jan-fev-mar 2022,10.0
1,Brasil,2,%,1.1,1,Brasil,4103,"Coeficiente de variação - Taxa de desocupação, na semana de referência, das pessoas de 14 anos ou mais de idade",202204,fev-mar-abr 2022,11.0
1,Brasil,2,%,1.1,1,Brasil,4103,"Coeficiente de variação - Taxa de desocupação, na semana de referência, das pessoas de 14 anos ou mais de idade",202205,mar-abr-mai 2022,11.0
1,Brasil,2,%,1.1,1,Brasil,4103,"Coeficiente de variação - Taxa de desocupação, na semana de referência, das pessoas de 14 anos ou mais de idade",202206,abr-mai-jun 2022,11.0
1,Brasil,2,%,1.1,1,Brasil,4103,"Coeficiente de variação - Taxa de desocupação, na semana de referência, das pessoas de 14 anos ou mais de idade",202207,mai-jun-jul 2022,11.0
1,Brasil,2,%,1.1,1,Brasil,4103,"Coeficiente de variação - Taxa de desocupação, na semana de referência, das pessoas de 14 anos ou mais de idade",202208,jun-jul-ago 2022,11.0
1,Brasil,2,%,1.1,1,Brasil,4103,"Coeficiente de variação - Taxa de desocupação, na semana de referência, das pessoas de 14 anos ou mais de idade",202209,jul-ago-set 2022,11.0
1,Brasil,2,%,1.2,1,Brasil,4103,"Coeficiente de variação - Taxa de desocupação, na semana de referência, das pessoas de 14 anos ou mais de idade",202210,ago-set-out 2022,12.0
1,Brasil,2,%,1.2,1,Brasil,4103,"Coeficiente de variação - Taxa de desocupação, na semana de referência, das pessoas de 14 anos ou mais de idade",202211,set-out-nov 2022,12.0
1,Brasil,2,%,1.2,1,Brasil,4103,"Coeficiente de variação - Taxa de desocupação, na semana de referência, das pessoas de 14 anos ou mais de idade",202212,out-nov-dez 2022,12.0
1,Brasil,2,%,1.3,1,Brasil,4103,"Coeficiente de variação - Taxa de desocupação, na semana de referência, das pessoas de 14 anos ou mais de idade",202301,nov-dez-jan 2023,13.0
1,Brasil,2,%,1.1,1,Brasil,4103,"Coeficiente de variação - Taxa de desocupação, na semana de referência, das pessoas de 14 anos ou mais de idade",202302,dez-jan-fev 2023,11.0
1,Brasil,2,%,1.2,1,Brasil,4103,"Coeficiente de variação - Taxa de desocupação, na semana de referência, das pessoas de 14 anos ou mais de idade",202303,jan-fev-mar 2023,12.0
1,Brasil,2,%,1.3,1,Brasil,4103,"Coeficiente de variação - Taxa de desocupação, na semana de referência, das pessoas de 14 anos ou mais de idade",202304,fev-mar-abr 2023,13.0
1,Brasil,2,%,1.3,1,Brasil,4103,"Coeficiente de variação - Taxa de desocupação, na semana de referência, das pessoas de 14 anos ou mais de idade",202305,mar-abr-mai 2023,13.0
1,Brasil,2,%,1.2,1,Brasil,4103,"Coeficiente de variação - Taxa de desocupação, na semana de referência, das pessoas de 14 anos ou mais de idade",202306,abr-mai-jun 2023,12.0
1,Brasil,2,%,1.2,1,Brasil,4103,"Coeficiente de variação - Taxa de desocupação, na semana de referência, das pessoas de 14 anos ou mais de idade",202307,mai-jun-jul 2023,12.0
1,Brasil,2,%,1.1,1,Brasil,4103,"Coeficiente de variação - Taxa de desocupação, na semana de referência, das pessoas de 14 anos ou mais de idade",202308,jun-jul-ago 2023,11.0
1,Brasil,2,%,1.2,1,Brasil,4103,"Coeficiente de variação - Taxa de desocupação, na semana de referência, das pessoas de 14 anos ou mais de idade",202309,jul-ago-set 2023,12.0
1,Brasil,2,%,1.2,1,Brasil,4103,"Coeficiente de variação - Taxa de desocupação, na semana de referência, das pessoas de 14 anos ou mais de idade",202310,ago-set-out 2023,12.0
1,Brasil,2,%,1.2,1,Brasil,4103,"Coeficiente de variação - Taxa de desocupação, na semana de referência, das pessoas de 14 anos ou mais de idade",202311,set-out-nov 2023,12.0
1,Brasil,2,%,1.1,1,Brasil,4103,"Coeficiente de variação - Taxa de desocupação, na semana de referência, das pessoas de 14 anos ou mais de idade",202312,out-nov-dez 2023,11.0
1,Brasil,2,%,1.1,1,Brasil,4103,"Coeficiente de variação - Taxa de desocupação, na semana de referência, das pessoas de 14 anos ou mais de idade",202401,nov-dez-jan 2024,11.0
1,Brasil,2,%,1.1,1,Brasil,4103,"Coeficiente de variação - Taxa de desocupação, na semana de referência, das pessoas de 14 anos ou mais de idade",202402,dez-jan-fev 2024,11.0
1,Brasil,2,%,1.1,1,Brasil,4103,"Coeficiente de variação - Taxa de desocupação, na semana de referência, das pessoas de 14 anos ou mais de idade",202403,jan-fev-mar 2024,11.0
1,Brasil,2,%,1.3,1,Brasil,4103,"Coeficiente de variação - Taxa de desocupação, na semana de referência, das pessoas de 14 anos ou mais de idade",202404,fev-mar-abr 2024,13.0
1,Brasil,2,%,1.4,1,Brasil,4103,"Coeficiente de variação - Taxa de desocupação, na semana de referência, das pessoas de 14 anos ou mais de idade",202405,mar-abr-mai 2024,14.0
1,Brasil,2,%,1.2,1,Brasil,4103,"Coeficiente de variação - Taxa de desocupação, na semana de referência, das pessoas de 14 anos ou mais de idade",202406,abr-mai-jun 2024,12.0
1,Brasil,2,%,1.2,1,Brasil,4103,"Coeficiente de variação - Taxa de desocupação, na semana de referência, das pessoas de 14 anos ou mais de idade",202407,mai-jun-jul 2024,12.0
1,Brasil,2,%,1.3,1,Brasil,4103,"Coeficiente de variação - Taxa de desocupação, na semana de referência, das pessoas de 14 anos ou mais de idade",202408,jun-jul-ago 2024,13.0
1,Brasil,2,%,1.4,1,Brasil,4103,"Coeficiente de variação - Taxa de desocupação, na semana de referência, das pessoas de 14 anos ou mais de idade",202409,jul-ago-set 2024,14.0
1,Brasil,2,%,1.4,1,Brasil,4103,"Coeficiente de variação - Taxa de desocupação, na semana de referência, das pessoas de 14 anos ou mais de idade",202410,ago-set-out 2024,14.0
1,Brasil,2,%,1.4,1,Brasil,4103,"Coeficiente de variação - Taxa de desocupação, na semana de referência, das pessoas de 14 anos ou mais de idade",202411,set-out-nov 2024,14.0
1,Brasil,2,%,1.4,1,Brasil,4103,"Coeficiente de variação - Taxa de desocupação, na semana de referência, das pessoas de 14 anos ou mais de idade",202412,out-nov-dez 2024,14.0
1,Brasil,2,%,1.4,1,Brasil,4103,"Coeficiente de variação - Taxa de desocupação, na semana de referência, das pessoas de 14 anos ou mais de idade",202501,nov-dez-jan 2025,14.0
1,Brasil,2,%,1.3,1,Brasil,4103,"Coeficiente de variação - Taxa de desocupação, na semana de referência, das pessoas de 14 anos ou mais de idade",202502,dez-jan-fev 2025,13.0
1,Brasil,2,%,1.3,1,Brasil,4103,"Coeficiente de variação - Taxa de desocupação, na semana de referência, das pessoas de 14 anos ou mais de idade",202503,jan-fev-mar 2025,13.0
1,Brasil,2,%,1.2,1,Brasil,4103,"Coeficiente de variação - Taxa de desocupação, na semana de referência, das pessoas de 14 anos ou mais de idade",202504,fev-mar-abr 2025,12.0
1,Brasil,2,%,1.3,1,Brasil,4103,"Coeficiente de variação - Taxa de desocupação, na semana de referência, das pessoas de 14 anos ou mais de idade",202505,mar-abr-mai 2025,13.0
1,Brasil,2,%,1.5,1,Brasil,4103,"Coeficiente de variação - Taxa de desocupação, na semana de referência, das pessoas de 14 anos ou mais de idade",202506,abr-mai-jun 2025,15.0
1,Brasil,2,%,1.3,1,Brasil,4103,"Coeficiente de variação - Taxa de desocupação, na semana de referência, das pessoas de 14 anos ou mais de idade",202507,mai-jun-jul 2025,13.0
1,Brasil,2,%,1.5,1,Brasil,4103,"Coeficiente de variação - Taxa de desocupação, na semana de referência, das pessoas de 14 anos ou mais de idade",202508,jun-jul-ago 2025,15.0
1,Brasil,2,%,1.5,1,Brasil,4103,"Coeficiente de variação - Taxa de desocupação, na semana de referência, das pessoas de 14 anos ou mais de idade",202509,jul-ago-set 2025,15.0
1,Brasil,2,%,1.3,1,Brasil,4103,"Coeficiente de variação - Taxa de desocupação, na semana de referência, das pessoas de 14 anos ou mais de idade",202510,ago-set-out 2025,13.0
1,Brasil,2,%,1.4,1,Brasil,4103,"Coeficiente de variação - Taxa de desocupação, na semana de referência, das pessoas de 14 anos ou mais de idade",202511,set-out-nov 2025,14.0
1,Brasil,2,%,1.5,1,Brasil,4103,"Coeficiente de variação - Taxa de desocupação, na semana de referência, das pessoas de 14 anos ou mais de idade",202512,out-nov-dez 2025,15.0
1,Brasil,2,%,1.8,1,Brasil,4103,"Coeficiente de variação - Taxa de desocupação, na semana de referência, das pessoas de 14 anos ou mais de idade",202601,nov-dez-jan 2026,18.0
1,Brasil,2,%,1.7,1,Brasil,4103,"Coeficiente de variação - Taxa de desocupação, na semana de referência, das pessoas de 14 anos ou mais de idade",202602,dez-jan-fev 2026,17.0
1,Brasil,2,%,1.3,1,Brasil,4103,"Coeficiente de variação - Taxa de desocupação, na semana de referência, das pessoas de 14 anos ou mais de idade",202603,jan-fev-mar 2026,13.0
1,Brasil,2,%,1.2,1,Brasil,4103,"Coeficiente de variação - Taxa de desocupação, na semana de referência, das pessoas de 14 anos ou mais de idade",202604,fev-mar-abr 2026,12.0
1,Brasil,2,%,1.4,1,Brasil,4103,"Coeficiente de variação - Taxa de desocupação, na semana de referência, das pessoas de 14 anos ou mais de idade",202605,mar-abr-mai 2026,14.0
1,Brasil,2,%,1.4,1,Brasil,4103,"Coeficiente de variação - Taxa de desocupação, na semana de referência, das pessoas de 14 anos ou mais de idade",202606,abr-mai-jun 2026,14.0
1,Brasil,,,...,1,Brasil,8811,"Variação em relação a três trimestres móveis anteriores - Taxa de desocupação, na semana de referência, das pessoas de 14 anos ou mais de idade",201203,jan-fev-mar 2012,
1,Brasil,,,...,1,Brasil,8811,"Variação em relação a três trimestres móveis anteriores - Taxa de desocupação, na semana de referência, das pessoas de 14 anos ou mais de idade",201204,fev-mar-abr 2012,
1,Brasil,,,...,1,Brasil,8811,"Variação em relação a três trimestres móveis anteriores - Taxa de desocupação, na semana de referência, das pessoas de 14 anos ou mais de idade",201205,mar-abr-mai 2012,
1,Brasil,1722,Ponto percentual,-0.4,1,Brasil,8811,"Variação em relação a três trimestres móveis anteriores - Taxa de desocupação, na semana de referência, das pessoas de 14 anos ou mais de idade",201206,abr-mai-jun 2012,-4.0
1,Brasil,1722,Ponto percentual,-0.3,1,Brasil,8811,"Variação em relação a três trimestres móveis anteriores - Taxa de desocupação, na semana de referência, das pessoas de 14 anos ou mais de idade",201207,mai-jun-jul 2012,-3.0
1,Brasil,1722,Ponto percentual,-0.3,1,Brasil,8811,"Variação em relação a três trimestres móveis anteriores - Taxa de desocupação, na semana de referência, das pessoas de 14 anos ou mais de idade",201208,jun-jul-ago 2012,-3.0
1,Brasil,1722,Ponto percentual,-0.5,1,Brasil,8811,"Variação em relação a três trimestres móveis anteriores - Taxa de desocupação, na semana de referência, das pessoas de 14 anos ou mais de idade",201209,jul-ago-set 2012,-5.0
1,Brasil,1722,Ponto percentual,-0.5,1,Brasil,8811,"Variação em relação a três trimestres móveis anteriores - Taxa de desocupação, na semana de referência, das pessoas de 14 anos ou mais de idade",201210,ago-set-out 2012,-5.0
1,Brasil,1722,Ponto percentual,-0.5,1,Brasil,8811,"Variação em relação a três trimestres móveis anteriores - Taxa de desocupação, na semana de referência, das pessoas de 14 anos ou mais de idade",201211,set-out-nov 2012,-5.0
1,Brasil,1722,Ponto percentual,-0.2,1,Brasil,8811,"Variação em relação a três trimestres móveis anteriores - Taxa de desocupação, na semana de referência, das pessoas de 14 anos ou mais de idade",201212,out-nov-dez 2012,-2.0
1,Brasil,1722,Ponto percentual,0.3,1,Brasil,8811,"Variação em relação a três trimestres móveis anteriores - Taxa de desocupação, na semana de referência, das pessoas de 14 anos ou mais de idade",201301,nov-dez-jan 2013,3.0
1,Brasil,1722,Ponto percentual,1.0,1,Brasil,8811,"Variação em relação a três trimestres móveis anteriores - Taxa de desocupação, na semana de referência, das pessoas de 14 anos ou mais de idade",201302,dez-jan-fev 2013,10.0
1,Brasil,1722,Ponto percentual,1.1,1,Brasil,8811,"Variação em relação a três trimestres móveis anteriores - Taxa de desocupação, na semana de referência, das pessoas de 14 anos ou mais de idade",201303,jan-fev-mar 2013,11.0
1,Brasil,1722,Ponto percentual,0.7,1,Brasil,8811,"Variação em relação a três trimestres móveis anteriores - Taxa de desocupação, na semana de referência, das pessoas de 14 anos ou mais de idade",201304,fev-mar-abr 2013,7.0
1,Brasil,1722,Ponto percentual,-0.1,1,Brasil,8811,"Variação em relação a três trimestres móveis anteriores - Taxa de desocupação, na semana de referência, das pessoas de 14 anos ou mais de idade",201305,mar-abr-mai 2013,-1.0
1,Brasil,1722,Ponto percentual,-0.5,1,Brasil,8811,"Variação em relação a três trimestres móveis anteriores - Taxa de desocupação, na semana de referência, das pessoas de 14 anos ou mais de idade",201306,abr-mai-jun 2013,-5.0
1,Brasil,1722,Ponto percentual,-0.5,1,Brasil,8811,"Variação em relação a três trimestres móveis anteriores - Taxa de desocupação, na semana de referência, das pessoas de 14 anos ou mais de idade",201307,mai-jun-jul 2013,-5.0
1,Brasil,1722,Ponto percentual,-0.5,1,Brasil,8811,"Variação em relação a três trimestres móveis anteriores - Taxa de desocupação, na semana de referência, das pessoas de 14 anos ou mais de idade",201308,jun-jul-ago 2013,-5.0
1,Brasil,1722,Ponto percentual,-0.5,1,Brasil,8811,"Variação em relação a três trimestres móveis anteriores - Taxa de desocupação, na semana de referência, das pessoas de 14 anos ou mais de idade",201309,jul-ago-set 2013,-5.0
1,Brasil,1722,Ponto percentual,-0.6,1,Brasil,8811,"Variação em relação a três trimestres móveis anteriores - Taxa de desocupação, na semana de referência, das pessoas de 14 anos ou mais de idade",201310,ago-set-out 2013,-6.0
1,Brasil,1722,Ponto percentual,-0.6,1,Brasil,8811,"Variação em relação a três trimestres móveis anteriores - Taxa de desocupação, na semana de referência, das pessoas de 14 anos ou mais de idade",201311,set-out-nov 2013,-6.0
1,Brasil,1722,Ponto percentual,-0.8,1,Brasil,8811,"Variação em relação a três trimestres móveis anteriores - Taxa de desocupação, na semana de referência, das pessoas de 14 anos ou mais de idade",201312,out-nov-dez 2013,-8.0
1,Brasil,1722,Ponto percentual,-0.3,1,Brasil,8811,"Variação em relação a três trimestres móveis anteriores - Taxa de desocupação, na semana de referência, das pessoas de 14 anos ou mais de idade",201401,nov-dez-jan 2014,-3.0
1,Brasil,1722,Ponto percentual,0.3,1,Brasil,8811,"Variação em relação a três trimestres móveis anteriores - Taxa de desocupação, na semana de referência, das pessoas de 14 anos ou mais de idade",201402,dez-jan-fev 2014,3.0
1,Brasil,1722,Ponto percentual,1.0,1,Brasil,8811,"Variação em relação a três trimestres móveis anteriores - Taxa de desocupação, na semana de referência, das pessoas de 14 anos ou mais de idade",201403,jan-fev-mar 2014,10.0
1,Brasil,1722,Ponto percentual,0.7,1,Brasil,8811,"Variação em relação a três trimestres móveis anteriores - Taxa de desocupação, na semana de referência, das pessoas de 14 anos ou mais de idade",201404,fev-mar-abr 2014,7.0
1,Brasil,1722,Ponto percentual,0.2,1,Brasil,8811,"Variação em relação a três trimestres móveis anteriores - Taxa de desocupação, na semana de referência, das pessoas de 14 anos ou mais de idade",201405,mar-abr-mai 2014,2.0
1,Brasil,1722,Ponto percentual,-0.3,1,Brasil,8811,"Variação em relação a três trimestres móveis anteriores - Taxa de desocupação, na semana de referência, das pessoas de 14 anos ou mais de idade",201406,abr-mai-jun 2014,-3.0
1,Brasil,1722,Ponto percentual,-0.2,1,Brasil,8811,"Variação em relação a três trimestres móveis anteriores - Taxa de desocupação, na semana de referência, das pessoas de 14 anos ou mais de idade",201407,mai-jun-jul 2014,-2.0
1,Brasil,1722,Ponto percentual,-0.1,1,Brasil,8811,"Variação em relação a três trimestres móveis anteriores - Taxa de desocupação, na semana de referência, das pessoas de 14 anos ou mais de idade",201408,jun-jul-ago 2014,-1.0
1,Brasil,1722,Ponto percentual,-0.1,1,Brasil,8811,"Variação em relação a três trimestres móveis anteriores - Taxa de desocupação, na semana de referência, das pessoas de 14 anos ou mais de idade",201409,jul-ago-set 2014,-1.0
1,Brasil,1722,Ponto percentual,-0.3,1,Brasil,8811,"Variação em relação a três trimestres móveis anteriores - Taxa de desocupação, na semana de referência, das pessoas de 14 anos ou mais de idade",201410,ago-set-out 2014,-3.0
1,Brasil,1722,Ponto percentual,-0.4,1,Brasil,8811,"Variação em relação a três trimestres móveis anteriores - Taxa de desocupação, na semana de referência, das pessoas de 14 anos ou mais de idade",201411,set-out-nov 2014,-4.0
1,Brasil,1722,Ponto percentual,-0.3,1,Brasil,8811,"Variação em relação a três trimestres móveis anteriores - Taxa de desocupação, na semana de referência, das pessoas de 14 anos ou mais de idade",201412,out-nov-dez 2014,-3.0
1,Brasil,1722,Ponto percentual,0.2,1,Brasil,8811,"Variação em relação a três trimestres móveis anteriores - Taxa de desocupação, na semana de referência, das pessoas de 14 anos ou mais de idade",201501,nov-dez-jan 2015,2.0
1,Brasil,1722,Ponto percentual,0.9,1,Brasil,8811,"Variação em relação a três trimestres móveis anteriores - Taxa de desocupação, na semana de referência, das pessoas de 14 anos ou mais de idade",201502,dez-jan-fev 2015,9.0
1,Brasil,1722,Ponto percentual,1.5,1,Brasil,8811,"Variação em relação a três trimestres móveis anteriores - Taxa de desocupação, na semana de referência, das pessoas de 14 anos ou mais de idade",201503,jan-fev-mar 2015,15.0
1,Brasil,1722,Ponto percentual,1.2,1,Brasil,8811,"Variação em relação a três trimestres móveis anteriores - Taxa de desocupação, na semana de referência, das pessoas de 14 anos ou mais de idade",201504,fev-mar-abr 2015,12.0
1,Brasil,1722,Ponto percentual,0.7,1,Brasil,8811,"Variação em relação a três trimestres móveis anteriores - Taxa de desocupação, na semana de referência, das pessoas de 14 anos ou mais de idade",201505,mar-abr-mai 2015,7.0
1,Brasil,1722,Ponto percentual,0.4,1,Brasil,8811,"Variação em relação a três trimestres móveis anteriores - Taxa de desocupação, na semana de referência, das pessoas de 14 anos ou mais de idade",201506,abr-mai-jun 2015,4.0
1,Brasil,1722,Ponto percentual,0.5,1,Brasil,8811,"Variação em relação a três trimestres móveis anteriores - Taxa de desocupação, na semana de referência, das pessoas de 14 anos ou mais de idade",201507,mai-jun-jul 2015,5.0
1,Brasil,1722,Ponto percentual,0.6,1,Brasil,8811,"Variação em relação a três trimestres móveis anteriores - Taxa de desocupação, na semana de referência, das pessoas de 14 anos ou mais de idade",201508,jun-jul-ago 2015,6.0
1,Brasil,1722,Ponto percentual,0.6,1,Brasil,8811,"Variação em relação a três trimestres móveis anteriores - Taxa de desocupação, na semana de referência, das pessoas de 14 anos ou mais de idade",201509,jul-ago-set 2015,6.0
1,Brasil,1722,Ponto percentual,0.4,1,Brasil,8811,"Variação em relação a três trimestres móveis anteriores - Taxa de desocupação, na semana de referência, das pessoas de 14 anos ou mais de idade",201510,ago-set-out 2015,4.0
1,Brasil,1722,Ponto percentual,0.3,1,Brasil,8811,"Variação em relação a três trimestres móveis anteriores - Taxa de desocupação, na semana de referência, das pessoas de 14 anos ou mais de idade",201511,set-out-nov 2015,3.0
1,Brasil,1722,Ponto percentual,0.1,1,Brasil,8811,"Variação em relação a três trimestres móveis anteriores - Taxa de desocupação, na semana de referência, das pessoas de 14 anos ou mais de idade",201512,out-nov-dez 2015,1.0
1,Brasil,1722,Ponto percentual,0.5,1,Brasil,8811,"Variação em relação a três trimestres móveis anteriores - Taxa de desocupação, na semana de referência, das pessoas de 14 anos ou mais de idade",201601,nov-dez-jan 2016,5.0
1,Brasil,1722,Ponto percentual,1.2,1,Brasil,8811,"Variação em relação a três trimestres móveis anteriores - Taxa de desocupação, na semana de referência, das pessoas de 14 anos ou mais de idade",201602,dez-jan-fev 2016,12.0
1,Brasil,1722,Ponto percentual,2.0,1,Brasil,8811,"Variação em relação a três trimestres móveis anteriores - Taxa de desocupação, na semana de referência, das pessoas de 14 anos ou mais de idade",201603,jan-fev-mar 2016,20.0
1,Brasil,1722,Ponto percentual,1.7,1,Brasil,8811,"Variação em relação a três trimestres móveis anteriores - Taxa de desocupação, na semana de referência, das pessoas de 14 anos ou mais de idade",201604,fev-mar-abr 2016,17.0
1,Brasil,1722,Ponto percentual,1.0,1,Brasil,8811,"Variação em relação a três trimestres móveis anteriores - Taxa de desocupação, na semana de referência, das pessoas de 14 anos ou mais de idade",201605,mar-abr-mai 2016,10.0
1,Brasil,1722,Ponto percentual,0.4,1,Brasil,8811,"Variação em relação a três trimestres móveis anteriores - Taxa de desocupação, na semana de referência, das pessoas de 14 anos ou mais de idade",201606,abr-mai-jun 2016,4.0
1,Brasil,1722,Ponto percentual,0.4,1,Brasil,8811,"Variação em relação a três trimestres móveis anteriores - Taxa de desocupação, na semana de referência, das pessoas de 14 anos ou mais de idade",201607,mai-jun-jul 2016,4.0
1,Brasil,1722,Ponto percentual,0.6,1,Brasil,8811,"Variação em relação a três trimestres móveis anteriores - Taxa de desocupação, na semana de referência, das pessoas de 14 anos ou mais de idade",201608,jun-jul-ago 2016,6.0
1,Brasil,1722,Ponto percentual,0.5,1,Brasil,8811,"Variação em relação a três trimestres móveis anteriores - Taxa de desocupação, na semana de referência, das pessoas de 14 anos ou mais de idade",201609,jul-ago-set 2016,5.0
1,Brasil,1722,Ponto percentual,0.2,1,Brasil,8811,"Variação em relação a três trimestres móveis anteriores - Taxa de desocupação, na semana de referência, das pessoas de 14 anos ou mais de idade",201610,ago-set-out 2016,2.0
1,Brasil,1722,Ponto percentual,0.1,1,Brasil,8811,"Variação em relação a três trimestres móveis anteriores - Taxa de desocupação, na semana de referência, das pessoas de 14 anos ou mais de idade",201611,set-out-nov 2016,1.0
1,Brasil,1722,Ponto percentual,0.2,1,Brasil,8811,"Variação em relação a três trimestres móveis anteriores - Taxa de desocupação, na semana de referência, das pessoas de 14 anos ou mais de idade",201612,out-nov-dez 2016,2.0
1,Brasil,1722,Ponto percentual,0.7,1,Brasil,8811,"Variação em relação a três trimestres móveis anteriores - Taxa de desocupação, na semana de referência, das pessoas de 14 anos ou mais de idade",201701,nov-dez-jan 2017,7.0
1,Brasil,1722,Ponto percentual,1.3,1,Brasil,8811,"Variação em relação a três trimestres móveis anteriores - Taxa de desocupação, na semana de referência, das pessoas de 14 anos ou mais de idade",201702,dez-jan-fev 2017,13.0
1,Brasil,1722,Ponto percentual,1.7,1,Brasil,8811,"Variação em relação a três trimestres móveis anteriores - Taxa de desocupação, na semana de referência, das pessoas de 14 anos ou mais de idade",201703,jan-fev-mar 2017,17.0
1,Brasil,1722,Ponto percentual,1.0,1,Brasil,8811,"Variação em relação a três trimestres móveis anteriores - Taxa de desocupação, na semana de referência, das pessoas de 14 anos ou mais de idade",201704,fev-mar-abr 2017,10.0
1,Brasil,1722,Ponto percentual,0.1,1,Brasil,8811,"Variação em relação a três trimestres móveis anteriores - Taxa de desocupação, na semana de referência, das pessoas de 14 anos ou mais de idade",201705,mar-abr-mai 2017,1.0
1,Brasil,1722,Ponto percentual,-0.8,1,Brasil,8811,"Variação em relação a três trimestres móveis anteriores - Taxa de desocupação, na semana de referência, das pessoas de 14 anos ou mais de idade",201706,abr-mai-jun 2017,-8.0
1,Brasil,1722,Ponto percentual,-0.8,1,Brasil,8811,"Variação em relação a três trimestres móveis anteriores - Taxa de desocupação, na semana de referência, das pessoas de 14 anos ou mais de idade",201707,mai-jun-jul 2017,-8.0
1,Brasil,1722,Ponto percentual,-0.7,1,Brasil,8811,"Variação em relação a três trimestres móveis anteriores - Taxa de desocupação, na semana de referência, das pessoas de 14 anos ou mais de idade",201708,jun-jul-ago 2017,-7.0
1,Brasil,1722,Ponto percentual,-0.6,1,Brasil,8811,"Variação em relação a três trimestres móveis anteriores - Taxa de desocupação, na semana de referência, das pessoas de 14 anos ou mais de idade",201709,jul-ago-set 2017,-6.0
1,Brasil,1722,Ponto percentual,-0.6,1,Brasil,8811,"Variação em relação a três trimestres móveis anteriores - Taxa de desocupação, na semana de referência, das pessoas de 14 anos ou mais de idade",201710,ago-set-out 2017,-6.0
1,Brasil,1722,Ponto percentual,-0.5,1,Brasil,8811,"Variação em relação a três trimestres móveis anteriores - Taxa de desocupação, na semana de referência, das pessoas de 14 anos ou mais de idade",201711,set-out-nov 2017,-5.0
1,Brasil,1722,Ponto percentual,-0.6,1,Brasil,8811,"Variação em relação a três trimestres móveis anteriores - Taxa de desocupação, na semana de referência, das pessoas de 14 anos ou mais de idade",201712,out-nov-dez 2017,-6.0
1,Brasil,1722,Ponto percentual,0.0,1,Brasil,8811,"Variação em relação a três trimestres móveis anteriores - Taxa de desocupação, na semana de referência, das pessoas de 14 anos ou mais de idade",201801,nov-dez-jan 2018,0.0
1,Brasil,1722,Ponto percentual,0.6,1,Brasil,8811,"Variação em relação a três trimestres móveis anteriores - Taxa de desocupação, na semana de referência, das pessoas de 14 anos ou mais de idade",201802,dez-jan-fev 2018,6.0
1,Brasil,1722,Ponto percentual,1.3,1,Brasil,8811,"Variação em relação a três trimestres móveis anteriores - Taxa de desocupação, na semana de referência, das pessoas de 14 anos ou mais de idade",201803,jan-fev-mar 2018,13.0
1,Brasil,1722,Ponto percentual,0.7,1,Brasil,8811,"Variação em relação a três trimestres móveis anteriores - Taxa de desocupação, na semana de referência, das pessoas de 14 anos ou mais de idade",201804,fev-mar-abr 2018,7.0
1,Brasil,1722,Ponto percentual,0.1,1,Brasil,8811,"Variação em relação a três trimestres móveis anteriores - Taxa de desocupação, na semana de referência, das pessoas de 14 anos ou mais de idade",201805,mar-abr-mai 2018,1.0
1,Brasil,1722,Ponto percentual,-0.7,1,Brasil,8811,"Variação em relação a três trimestres móveis anteriores - Taxa de desocupação, na semana de referência, das pessoas de 14 anos ou mais de idade",201806,abr-mai-jun 2018,-7.0
1,Brasil,1722,Ponto percentual,-0.6,1,Brasil,8811,"Variação em relação a três trimestres móveis anteriores - Taxa de desocupação, na semana de referência, das pessoas de 14 anos ou mais de idade",201807,mai-jun-jul 2018,-6.0
1,Brasil,1722,Ponto percentual,-0.6,1,Brasil,8811,"Variação em relação a três trimestres móveis anteriores - Taxa de desocupação, na semana de referência, das pessoas de 14 anos ou mais de idade",201808,jun-jul-ago 2018,-6.0
1,Brasil,1722,Ponto percentual,-0.5,1,Brasil,8811,"Variação em relação a três trimestres móveis anteriores - Taxa de desocupação, na semana de referência, das pessoas de 14 anos ou mais de idade",201809,jul-ago-set 2018,-5.0
1,Brasil,1722,Ponto percentual,-0.6,1,Brasil,8811,"Variação em relação a três trimestres móveis anteriores - Taxa de desocupação, na semana de referência, das pessoas de 14 anos ou mais de idade",201810,ago-set-out 2018,-6.0
1,Brasil,1722,Ponto percentual,-0.6,1,Brasil,8811,"Variação em relação a três trimestres móveis anteriores - Taxa de desocupação, na semana de referência, das pessoas de 14 anos ou mais de idade",201811,set-out-nov 2018,-6.0
1,Brasil,1722,Ponto percentual,-0.3,1,Brasil,8811,"Variação em relação a três trimestres móveis anteriores - Taxa de desocupação, na semana de referência, das pessoas de 14 anos ou mais de idade",201812,out-nov-dez 2018,-3.0
1,Brasil,1722,Ponto percentual,0.3,1,Brasil,8811,"Variação em relação a três trimestres móveis anteriores - Taxa de desocupação, na semana de referência, das pessoas de 14 anos ou mais de idade",201901,nov-dez-jan 2019,3.0
1,Brasil,1722,Ponto percentual,0.9,1,Brasil,8811,"Variação em relação a três trimestres móveis anteriores - Taxa de desocupação, na semana de referência, das pessoas de 14 anos ou mais de idade",201902,dez-jan-fev 2019,9.0
1,Brasil,1722,Ponto percentual,1.1,1,Brasil,8811,"Variação em relação a três trimestres móveis anteriores - Taxa de desocupação, na semana de referência, das pessoas de 14 anos ou mais de idade",201903,jan-fev-mar 2019,11.0
1,Brasil,1722,Ponto percentual,0.5,1,Brasil,8811,"Variação em relação a três trimestres móveis anteriores - Taxa de desocupação, na semana de referência, das pessoas de 14 anos ou mais de idade",201904,fev-mar-abr 2019,5.0
1,Brasil,1722,Ponto percentual,-0.2,1,Brasil,8811,"Variação em relação a três trimestres móveis anteriores - Taxa de desocupação, na semana de referência, das pessoas de 14 anos ou mais de idade",201905,mar-abr-mai 2019,-2.0
1,Brasil,1722,Ponto percentual,-0.7,1,Brasil,8811,"Variação em relação a três trimestres móveis anteriores - Taxa de desocupação, na semana de referência, das pessoas de 14 anos ou mais de idade",201906,abr-mai-jun 2019,-7.0
1,Brasil,1722,Ponto percentual,-0.7,1,Brasil,8811,"Variação em relação a três trimestres móveis anteriores - Taxa de desocupação, na semana de referência, das pessoas de 14 anos ou mais de idade",201907,mai-jun-jul 2019,-7.0
1,Brasil,1722,Ponto percentual,-0.4,1,Brasil,8811,"Variação em relação a três trimestres móveis anteriores - Taxa de desocupação, na semana de referência, das pessoas de 14 anos ou mais de idade",201908,jun-jul-ago 2019,-4.0
1,Brasil,1722,Ponto percentual,-0.2,1,Brasil,8811,"Variação em relação a três trimestres móveis anteriores - Taxa de desocupação, na semana de referência, das pessoas de 14 anos ou mais de idade",201909,jul-ago-set 2019,-2.0
1,Brasil,1722,Ponto percentual,-0.2,1,Brasil,8811,"Variação em relação a três trimestres móveis anteriores - Taxa de desocupação, na semana de referência, das pessoas de 14 anos ou mais de idade",201910,ago-set-out 2019,-2.0
1,Brasil,1722,Ponto percentual,-0.7,1,Brasil,8811,"Variação em relação a três trimestres móveis anteriores - Taxa de desocupação, na semana de referência, das pessoas de 14 anos ou mais de idade",201911,set-out-nov 2019,-7.0
1,Brasil,1722,Ponto percentual,-0.8,1,Brasil,8811,"Variação em relação a três trimestres móveis anteriores - Taxa de desocupação, na semana de referência, das pessoas de 14 anos ou mais de idade",201912,out-nov-dez 2019,-8.0
1,Brasil,1722,Ponto percentual,-0.4,1,Brasil,8811,"Variação em relação a três trimestres móveis anteriores - Taxa de desocupação, na semana de referência, das pessoas de 14 anos ou mais de idade",202001,nov-dez-jan 2020,-4.0
1,Brasil,1722,Ponto percentual,0.5,1,Brasil,8811,"Variação em relação a três trimestres móveis anteriores - Taxa de desocupação, na semana de referência, das pessoas de 14 anos ou mais de idade",202002,dez-jan-fev 2020,5.0
1,Brasil,1722,Ponto percentual,1.3,1,Brasil,8811,"Variação em relação a três trimestres móveis anteriores - Taxa de desocupação, na semana de referência, das pessoas de 14 anos ou mais de idade",202003,jan-fev-mar 2020,13.0
1,Brasil,1722,Ponto percentual,1.4,1,Brasil,8811,"Variação em relação a três trimestres móveis anteriores - Taxa de desocupação, na semana de referência, das pessoas de 14 anos ou mais de idade",202004,fev-mar-abr 2020,14.0
1,Brasil,1722,Ponto percentual,1.4,1,Brasil,8811,"Variação em relação a três trimestres móveis anteriores - Taxa de desocupação, na semana de referência, das pessoas de 14 anos ou mais de idade",202005,mar-abr-mai 2020,14.0
1,Brasil,1722,Ponto percentual,1.2,1,Brasil,8811,"Variação em relação a três trimestres móveis anteriores - Taxa de desocupação, na semana de referência, das pessoas de 14 anos ou mais de idade",202006,abr-mai-jun 2020,12.0
1,Brasil,1722,Ponto percentual,1.3,1,Brasil,8811,"Variação em relação a três trimestres móveis anteriores - Taxa de desocupação, na semana de referência, das pessoas de 14 anos ou mais de idade",202007,mai-jun-jul 2020,13.0
1,Brasil,1722,Ponto percentual,1.7,1,Brasil,8811,"Variação em relação a três trimestres móveis anteriores - Taxa de desocupação, na semana de referência, das pessoas de 14 anos ou mais de idade",202008,jun-jul-ago 2020,17.0
1,Brasil,1722,Ponto percentual,1.3,1,Brasil,8811,"Variação em relação a três trimestres móveis anteriores - Taxa de desocupação, na semana de referência, das pessoas de 14 anos ou mais de idade",202009,jul-ago-set 2020,13.0
1,Brasil,1722,Ponto percentual,0.5,1,Brasil,8811,"Variação em relação a três trimestres móveis anteriores - Taxa de desocupação, na semana de referência, das pessoas de 14 anos ou mais de idade",202010,ago-set-out 2020,5.0
1,Brasil,1722,Ponto percentual,-0.4,1,Brasil,8811,"Variação em relação a três trimestres móveis anteriores - Taxa de desocupação, na semana de referência, das pessoas de 14 anos ou mais de idade",202011,set-out-nov 2020,-4.0
1,Brasil,1722,Ponto percentual,-0.7,1,Brasil,8811,"Variação em relação a três trimestres móveis anteriores - Taxa de desocupação, na semana de referência, das pessoas de 14 anos ou mais de idade",202012,out-nov-dez 2020,-7.0
1,Brasil,1722,Ponto percentual,-0.1,1,Brasil,8811,"Variação em relação a três trimestres móveis anteriores - Taxa de desocupação, na semana de referência, das pessoas de 14 anos ou mais de idade",202101,nov-dez-jan 2021,-1.0
1,Brasil,1722,Ponto percentual,0.3,1,Brasil,8811,"Variação em relação a três trimestres móveis anteriores - Taxa de desocupação, na semana de referência, das pessoas de 14 anos ou mais de idade",202102,dez-jan-fev 2021,3.0
1,Brasil,1722,Ponto percentual,0.7,1,Brasil,8811,"Variação em relação a três trimestres móveis anteriores - Taxa de desocupação, na semana de referência, das pessoas de 14 anos ou mais de idade",202103,jan-fev-mar 2021,7.0
1,Brasil,1722,Ponto percentual,0.3,1,Brasil,8811,"Variação em relação a três trimestres móveis anteriores - Taxa de desocupação, na semana de referência, das pessoas de 14 anos ou mais de idade",202104,fev-mar-abr 2021,3.0
1,Brasil,1722,Ponto percentual,0.1,1,Brasil,8811,"Variação em relação a três trimestres móveis anteriores - Taxa de desocupação, na semana de referência, das pessoas de 14 anos ou mais de idade",202105,mar-abr-mai 2021,1.0
1,Brasil,1722,Ponto percentual,-0.7,1,Brasil,8811,"Variação em relação a três trimestres móveis anteriores - Taxa de desocupação, na semana de referência, das pessoas de 14 anos ou mais de idade",202106,abr-mai-jun 2021,-7.0
1,Brasil,1722,Ponto percentual,-1.1,1,Brasil,8811,"Variação em relação a três trimestres móveis anteriores - Taxa de desocupação, na semana de referência, das pessoas de 14 anos ou mais de idade",202107,mai-jun-jul 2021,-11.0
1,Brasil,1722,Ponto percentual,-1.6,1,Brasil,8811,"Variação em relação a três trimestres móveis anteriores - Taxa de desocupação, na semana de referência, das pessoas de 14 anos ou mais de idade",202108,jun-jul-ago 2021,-16.0
1,Brasil,1722,Ponto percentual,-1.6,1,Brasil,8811,"Variação em relação a três trimestres móveis anteriores - Taxa de desocupação, na semana de referência, das pessoas de 14 anos ou mais de idade",202109,jul-ago-set 2021,-16.0
1,Brasil,1722,Ponto percentual,-1.6,1,Brasil,8811,"Variação em relação a três trimestres móveis anteriores - Taxa de desocupação, na semana de referência, das pessoas de 14 anos ou mais de idade",202110,ago-set-out 2021,-16.0
1,Brasil,1722,Ponto percentual,-1.6,1,Brasil,8811,"Variação em relação a três trimestres móveis anteriores - Taxa de desocupação, na semana de referência, das pessoas de 14 anos ou mais de idade",202111,set-out-nov 2021,-16.0
1,Brasil,1722,Ponto percentual,-1.5,1,Brasil,8811,"Variação em relação a três trimestres móveis anteriores - Taxa de desocupação, na semana de referência, das pessoas de 14 anos ou mais de idade",202112,out-nov-dez 2021,-15.0
1,Brasil,1722,Ponto percentual,-0.9,1,Brasil,8811,"Variação em relação a três trimestres móveis anteriores - Taxa de desocupação, na semana de referência, das pessoas de 14 anos ou mais de idade",202201,nov-dez-jan 2022,-9.0
1,Brasil,1722,Ponto percentual,-0.4,1,Brasil,8811,"Variação em relação a três trimestres móveis anteriores - Taxa de desocupação, na semana de referência, das pessoas de 14 anos ou mais de idade",202202,dez-jan-fev 2022,-4.0
1,Brasil,1722,Ponto percentual,0.0,1,Brasil,8811,"Variação em relação a três trimestres móveis anteriores - Taxa de desocupação, na semana de referência, das pessoas de 14 anos ou mais de idade",202203,jan-fev-mar 2022,0.0
1,Brasil,1722,Ponto percentual,-0.7,1,Brasil,8811,"Variação em relação a três trimestres móveis anteriores - Taxa de desocupação, na semana de referência, das pessoas de 14 anos ou mais de idade",202204,fev-mar-abr 2022,-7.0
1,Brasil,1722,Ponto percentual,-1.4,1,Brasil,8811,"Variação em relação a três trimestres móveis anteriores - Taxa de desocupação, na semana de referência, das pessoas de 14 anos ou mais de idade",202205,mar-abr-mai 2022,-14.0
1,Brasil,1722,Ponto percentual,-1.8,1,Brasil,8811,"Variação em relação a três trimestres móveis anteriores - Taxa de desocupação, na semana de referência, das pessoas de 14 anos ou mais de idade",202206,abr-mai-jun 2022,-18.0
1,Brasil,1722,Ponto percentual,-1.4,1,Brasil,8811,"Variação em relação a três trimestres móveis anteriores - Taxa de desocupação, na semana de referência, das pessoas de 14 anos ou mais de idade",202207,mai-jun-jul 2022,-14.0
1,Brasil,1722,Ponto percentual,-0.9,1,Brasil,8811,"Variação em relação a três trimestres móveis anteriores - Taxa de desocupação, na semana de referência, das pessoas de 14 anos ou mais de idade",202208,jun-jul-ago 2022,-9.0
1,Brasil,1722,Ponto percentual,-0.6,1,Brasil,8811,"Variação em relação a três trimestres móveis anteriores - Taxa de desocupação, na semana de referência, das pessoas de 14 anos ou mais de idade",202209,jul-ago-set 2022,-6.0
1,Brasil,1722,Ponto percentual,-0.8,1,Brasil,8811,"Variação em relação a três trimestres móveis anteriores - Taxa de desocupação, na semana de referência, das pessoas de 14 anos ou mais de idade",202210,ago-set-out 2022,-8.0
1,Brasil,1722,Ponto percentual,-0.9,1,Brasil,8811,"Variação em relação a três trimestres móveis anteriores - Taxa de desocupação, na semana de referência, das pessoas de 14 anos ou mais de idade",202211,set-out-nov 2022,-9.0
1,Brasil,1722,Ponto percentual,-0.7,1,Brasil,8811,"Variação em relação a três trimestres móveis anteriores - Taxa de desocupação, na semana de referência, das pessoas de 14 anos ou mais de idade",202212,out-nov-dez 2022,-7.0
1,Brasil,1722,Ponto percentual,0.1,1,Brasil,8811,"Variação em relação a três trimestres móveis anteriores - Taxa de desocupação, na semana de referência, das pessoas de 14 anos ou mais de idade",202301,nov-dez-jan 2023,1.0
1,Brasil,1722,Ponto percentual,0.5,1,Brasil,8811,"Variação em relação a três trimestres móveis anteriores - Taxa de desocupação, na semana de referência, das pessoas de 14 anos ou mais de idade",202302,dez-jan-fev 2023,5.0
1,Brasil,1722,Ponto percentual,0.8,1,Brasil,8811,"Variação em relação a três trimestres móveis anteriores - Taxa de desocupação, na semana de referência, das pessoas de 14 anos ou mais de idade",202303,jan-fev-mar 2023,8.0
1,Brasil,1722,Ponto percentual,0.1,1,Brasil,8811,"Variação em relação a três trimestres móveis anteriores - Taxa de desocupação, na semana de referência, das pessoas de 14 anos ou mais de idade",202304,fev-mar-abr 2023,1.0
1,Brasil,1722,Ponto percentual,-0.3,1,Brasil,8811,"Variação em relação a três trimestres móveis anteriores - Taxa de desocupação, na semana de referência, das pessoas de 14 anos ou mais de idade",202305,mar-abr-mai 2023,-3.0
1,Brasil,1722,Ponto percentual,-0.8,1,Brasil,8811,"Variação em relação a três trimestres móveis anteriores - Taxa de desocupação, na semana de referência, das pessoas de 14 anos ou mais de idade",202306,abr-mai-jun 2023,-8.0
1,Brasil,1722,Ponto percentual,-0.6,1,Brasil,8811,"Variação em relação a três trimestres móveis anteriores - Taxa de desocupação, na semana de referência, das pessoas de 14 anos ou mais de idade",202307,mai-jun-jul 2023,-6.0
1,Brasil,1722,Ponto percentual,-0.6,1,Brasil,8811,"Variação em relação a três trimestres móveis anteriores - Taxa de desocupação, na semana de referência, das pessoas de 14 anos ou mais de idade",202308,jun-jul-ago 2023,-6.0
1,Brasil,1722,Ponto percentual,-0.3,1,Brasil,8811,"Variação em relação a três trimestres móveis anteriores - Taxa de desocupação, na semana de referência, das pessoas de 14 anos ou mais de idade",202309,jul-ago-set 2023,-3.0
1,Brasil,1722,Ponto percentual,-0.3,1,Brasil,8811,"Variação em relação a três trimestres móveis anteriores - Taxa de desocupação, na semana de referência, das pessoas de 14 anos ou mais de idade",202310,ago-set-out 2023,-3.0
1,Brasil,1722,Ponto percentual,-0.2,1,Brasil,8811,"Variação em relação a três trimestres móveis anteriores - Taxa de desocupação, na semana de referência, das pessoas de 14 anos ou mais de idade",202311,set-out-nov 2023,-2.0
1,Brasil,1722,Ponto percentual,-0.3,1,Brasil,8811,"Variação em relação a três trimestres móveis anteriores - Taxa de desocupação, na semana de referência, das pessoas de 14 anos ou mais de idade",202312,out-nov-dez 2023,-3.0
1,Brasil,1722,Ponto percentual,0.0,1,Brasil,8811,"Variação em relação a três trimestres móveis anteriores - Taxa de desocupação, na semana de referência, das pessoas de 14 anos ou mais de idade",202401,nov-dez-jan 2024,0.0
1,Brasil,1722,Ponto percentual,0.3,1,Brasil,8811,"Variação em relação a três trimestres móveis anteriores - Taxa de desocupação, na semana de referência, das pessoas de 14 anos ou mais de idade",202402,dez-jan-fev 2024,3.0
1,Brasil,1722,Ponto percentual,0.5,1,Brasil,8811,"Variação em relação a três trimestres móveis anteriores - Taxa de desocupação, na semana de referência, das pessoas de 14 anos ou mais de idade",202403,jan-fev-mar 2024,5.0
1,Brasil,1722,Ponto percentual,-0.1,1,Brasil,8811,"Variação em relação a três trimestres móveis anteriores - Taxa de desocupação, na semana de referência, das pessoas de 14 anos ou mais de idade",202404,fev-mar-abr 2024,-1.0
1,Brasil,1722,Ponto percentual,-0.7,1,Brasil,8811,"Variação em relação a três trimestres móveis anteriores - Taxa de desocupação, na semana de referência, das pessoas de 14 anos ou mais de idade",202405,mar-abr-mai 2024,-7.0
1,Brasil,1722,Ponto percentual,-1.0,1,Brasil,8811,"Variação em relação a três trimestres móveis anteriores - Taxa de desocupação, na semana de referência, das pessoas de 14 anos ou mais de idade",202406,abr-mai-jun 2024,-10.0
1,Brasil,1722,Ponto percentual,-0.7,1,Brasil,8811,"Variação em relação a três trimestres móveis anteriores - Taxa de desocupação, na semana de referência, das pessoas de 14 anos ou mais de idade",202407,mai-jun-jul 2024,-7.0
1,Brasil,1722,Ponto percentual,-0.5,1,Brasil,8811,"Variação em relação a três trimestres móveis anteriores - Taxa de desocupação, na semana de referência, das pessoas de 14 anos ou mais de idade",202408,jun-jul-ago 2024,-5.0
1,Brasil,1722,Ponto percentual,-0.5,1,Brasil,8811,"Variação em relação a três trimestres móveis anteriores - Taxa de desocupação, na semana de referência, das pessoas de 14 anos ou mais de idade",202409,jul-ago-set 2024,-5.0
1,Brasil,1722,Ponto percentual,-0.6,1,Brasil,8811,"Variação em relação a três trimestres móveis anteriores - Taxa de desocupação, na semana de referência, das pessoas de 14 anos ou mais de idade",202410,ago-set-out 2024,-6.0
1,Brasil,1722,Ponto percentual,-0.5,1,Brasil,8811,"Variação em relação a três trimestres móveis anteriores - Taxa de desocupação, na semana de referência, das pessoas de 14 anos ou mais de idade",202411,set-out-nov 2024,-5.0
1,Brasil,1722,Ponto percentual,-0.2,1,Brasil,8811,"Variação em relação a três trimestres móveis anteriores - Taxa de desocupação, na semana de referência, das pessoas de 14 anos ou mais de idade",202412,out-nov-dez 2024,-2.0
1,Brasil,1722,Ponto percentual,0.4,1,Brasil,8811,"Variação em relação a três trimestres móveis anteriores - Taxa de desocupação, na semana de referência, das pessoas de 14 anos ou mais de idade",202501,nov-dez-jan 2025,4.0
1,Brasil,1722,Ponto percentual,0.7,1,Brasil,8811,"Variação em relação a três trimestres móveis anteriores - Taxa de desocupação, na semana de referência, das pessoas de 14 anos ou mais de idade",202502,dez-jan-fev 2025,7.0
1,Brasil,1722,Ponto percentual,0.8,1,Brasil,8811,"Variação em relação a três trimestres móveis anteriores - Taxa de desocupação, na semana de referência, das pessoas de 14 anos ou mais de idade",202503,jan-fev-mar 2025,8.0
1,Brasil,1722,Ponto percentual,0.0,1,Brasil,8811,"Variação em relação a três trimestres móveis anteriores - Taxa de desocupação, na semana de referência, das pessoas de 14 anos ou mais de idade",202504,fev-mar-abr 2025,0.0
1,Brasil,1722,Ponto percentual,-0.6,1,Brasil,8811,"Variação em relação a três trimestres móveis anteriores - Taxa de desocupação, na semana de referência, das pessoas de 14 anos ou mais de idade",202505,mar-abr-mai 2025,-6.0
1,Brasil,1722,Ponto percentual,-1.2,1,Brasil,8811,"Variação em relação a três trimestres móveis anteriores - Taxa de desocupação, na semana de referência, das pessoas de 14 anos ou mais de idade",202506,abr-mai-jun 2025,-12.0
1,Brasil,1722,Ponto percentual,-0.9,1,Brasil,8811,"Variação em relação a três trimestres móveis anteriores - Taxa de desocupação, na semana de referência, das pessoas de 14 anos ou mais de idade",202507,mai-jun-jul 2025,-9.0
1,Brasil,1722,Ponto percentual,-0.6,1,Brasil,8811,"Variação em relação a três trimestres móveis anteriores - Taxa de desocupação, na semana de referência, das pessoas de 14 anos ou mais de idade",202508,jun-jul-ago 2025,-6.0
1,Brasil,1722,Ponto percentual,-0.2,1,Brasil,8811,"Variação em relação a três trimestres móveis anteriores - Taxa de desocupação, na semana de referência, das pessoas de 14 anos ou mais de idade",202509,jul-ago-set 2025,-2.0
1,Brasil,1722,Ponto percentual,-0.2,1,Brasil,8811,"Variação em relação a três trimestres móveis anteriores - Taxa de desocupação, na semana de referência, das pessoas de 14 anos ou mais de idade",202510,ago-set-out 2025,-2.0
1,Brasil,1722,Ponto percentual,-0.4,1,Brasil,8811,"Variação em relação a três trimestres móveis anteriores - Taxa de desocupação, na semana de referência, das pessoas de 14 anos ou mais de idade",202511,set-out-nov 2025,-4.0
1,Brasil,1722,Ponto percentual,-0.5,1,Brasil,8811,"Variação em relação a três trimestres móveis anteriores - Taxa de desocupação, na semana de referência, das pessoas de 14 anos ou mais de idade",202512,out-nov-dez 2025,-5.0
1,Brasil,1722,Ponto percentual,-0.1,1,Brasil,8811,"Variação em relação a três trimestres móveis anteriores - Taxa de desocupação, na semana de referência, das pessoas de 14 anos ou mais de idade",202601,nov-dez-jan 2026,-1.0
1,Brasil,1722,Ponto percentual,0.6,1,Brasil,8811,"Variação em relação a três trimestres móveis anteriores - Taxa de desocupação, na semana de referência, das pessoas de 14 anos ou mais de idade",202602,dez-jan-fev 2026,6.0
1,Brasil,1722,Ponto percentual,1.0,1,Brasil,8811,"Variação em relação a três trimestres móveis anteriores - Taxa de desocupação, na semana de referência, das pessoas de 14 anos ou mais de idade",202603,jan-fev-mar 2026,10.0
1,Brasil,1722,Ponto percentual,0.4,1,Brasil,8811,"Variação em relação a três trimestres móveis anteriores - Taxa de desocupação, na semana de referência, das pessoas de 14 anos ou mais de idade",202604,fev-mar-abr 2026,4.0
1,Brasil,1722,Ponto percentual,-0.2,1,Brasil,8811,"Variação em relação a três trimestres móveis anteriores - Taxa de desocupação, na semana de referência, das pessoas de 14 anos ou mais de idade",202605,mar-abr-mai 2026,-2.0
1,Brasil,1722,Ponto percentual,-0.7,1,Brasil,8811,"Variação em relação a três trimestres móveis anteriores - Taxa de desocupação, na semana de referência, das pessoas de 14 anos ou mais de idade",202606,abr-mai-jun 2026,-7.0
1,Brasil,,,...,1,Brasil,8814,"Situação da Variação em relação a três trimestres móveis anteriores - Taxa de desocupação, na semana de referência, das pessoas de 14 anos ou mais de idade",201203,jan-fev-mar 2012,
1,Brasil,,,...,1,Brasil,8814,"Situação da Variação em relação a três trimestres móveis anteriores - Taxa de desocupação, na semana de referência, das pessoas de 14 anos ou mais de idade",201204,fev-mar-abr 2012,
1,Brasil,,,...,1,Brasil,8814,"Situação da Variação em relação a três trimestres móveis anteriores - Taxa de desocupação, na semana de referência, das pessoas de 14 anos ou mais de idade",201205,mar-abr-mai 2012,
1,Brasil,1694,Nenhuma,Z,1,Brasil,8814,"Situação da Variação em relação a três trimestres móveis anteriores - Taxa de desocupação, na semana de referência, das pessoas de 14 anos ou mais de idade",201206,abr-mai-jun 2012,
1,Brasil,1694,Nenhuma,Z,1,Brasil,8814,"Situação da Variação em relação a três trimestres móveis anteriores - Taxa de desocupação, na semana de referência, das pessoas de 14 anos ou mais de idade",201207,mai-jun-jul 2012,
1,Brasil,1694,Nenhuma,Z,1,Brasil,8814,"Situação da Variação em relação a três trimestres móveis anteriores - Taxa de desocupação, na semana de referência, das pessoas de 14 anos ou mais de idade",201208,jun-jul-ago 2012,
1,Brasil,1694,Nenhuma,Z,1,Brasil,8814,"Situação da Variação em relação a três trimestres móveis anteriores - Taxa de desocupação, na semana de referência, das pessoas de 14 anos ou mais de idade",201209,jul-ago-set 2012,
1,Brasil,1694,Nenhuma,Z,1,Brasil,8814,"Situação da Variação em relação a três trimestres móveis anteriores - Taxa de desocupação, na semana de referência, das pessoas de 14 anos ou mais de idade",201210,ago-set-out 2012,
1,Brasil,1694,Nenhuma,Z,1,Brasil,8814,"Situação da Variação em relação a três trimestres móveis anteriores - Taxa de desocupação, na semana de referência, das pessoas de 14 anos ou mais de idade",201211,set-out-nov 2012,
1,Brasil,1694,Nenhuma,Z,1,Brasil,8814,"Situação da Variação em relação a três trimestres móveis anteriores - Taxa de desocupação, na semana de referência, das pessoas de 14 anos ou mais de idade",201212,out-nov-dez 2012,
1,Brasil,1694,Nenhuma,Z,1,Brasil,8814,"Situação da Variação em relação a três trimestres móveis anteriores - Taxa de desocupação, na semana de referência, das pessoas de 14 anos ou mais de idade",201301,nov-dez-jan 2013,
1,Brasil,1694,Nenhuma,Z,1,Brasil,8814,"Situação da Variação em relação a três trimestres móveis anteriores - Taxa de desocupação, na semana de referência, das pessoas de 14 anos ou mais de idade",201302,dez-jan-fev 2013,
1,Brasil,1694,Nenhuma,Z,1,Brasil,8814,"Situação da Variação em relação a três trimestres móveis anteriores - Taxa de desocupação, na semana de referência, das pessoas de 14 anos ou mais de idade",201303,jan-fev-mar 2013,
1,Brasil,1694,Nenhuma,Z,1,Brasil,8814,"Situação da Variação em relação a três trimestres móveis anteriores - Taxa de desocupação, na semana de referência, das pessoas de 14 anos ou mais de idade",201304,fev-mar-abr 2013,
1,Brasil,1694,Nenhuma,A,1,Brasil,8814,"Situação da Variação em relação a três trimestres móveis anteriores - Taxa de desocupação, na semana de referência, das pessoas de 14 anos ou mais de idade",201305,mar-abr-mai 2013,
1,Brasil,1694,Nenhuma,Z,1,Brasil,8814,"Situação da Variação em relação a três trimestres móveis anteriores - Taxa de desocupação, na semana de referência, das pessoas de 14 anos ou mais de idade",201306,abr-mai-jun 2013,
1,Brasil,1694,Nenhuma,Z,1,Brasil,8814,"Situação da Variação em relação a três trimestres móveis anteriores - Taxa de desocupação, na semana de referência, das pessoas de 14 anos ou mais de idade",201307,mai-jun-jul 2013,
1,Brasil,1694,Nenhuma,Z,1,Brasil,8814,"Situação da Variação em relação a três trimestres móveis anteriores - Taxa de desocupação, na semana de referência, das pessoas de 14 anos ou mais de idade",201308,jun-jul-ago 2013,
1,Brasil,1694,Nenhuma,Z,1,Brasil,8814,"Situação da Variação em relação a três trimestres móveis anteriores - Taxa de desocupação, na semana de referência, das pessoas de 14 anos ou mais de idade",201309,jul-ago-set 2013,
1,Brasil,1694,Nenhuma,Z,1,Brasil,8814,"Situação da Variação em relação a três trimestres móveis anteriores - Taxa de desocupação, na semana de referência, das pessoas de 14 anos ou mais de idade",201310,ago-set-out 2013,
1,Brasil,1694,Nenhuma,Z,1,Brasil,8814,"Situação da Variação em relação a três trimestres móveis anteriores - Taxa de desocupação, na semana de referência, das pessoas de 14 anos ou mais de idade",201311,set-out-nov 2013,
1,Brasil,1694,Nenhuma,Z,1,Brasil,8814,"Situação da Variação em relação a três trimestres móveis anteriores - Taxa de desocupação, na semana de referência, das pessoas de 14 anos ou mais de idade",201312,out-nov-dez 2013,
1,Brasil,1694,Nenhuma,Z,1,Brasil,8814,"Situação da Variação em relação a três trimestres móveis anteriores - Taxa de desocupação, na semana de referência, das pessoas de 14 anos ou mais de idade",201401,nov-dez-jan 2014,
1,Brasil,1694,Nenhuma,Z,1,Brasil,8814,"Situação da Variação em relação a três trimestres móveis anteriores - Taxa de desocupação, na semana de referência, das pessoas de 14 anos ou mais de idade",201402,dez-jan-fev 2014,
1,Brasil,1694,Nenhuma,Z,1,Brasil,8814,"Situação da Variação em relação a três trimestres móveis anteriores - Taxa de desocupação, na semana de referência, das pessoas de 14 anos ou mais de idade",201403,jan-fev-mar 2014,
1,Brasil,1694,Nenhuma,Z,1,Brasil,8814,"Situação da Variação em relação a três trimestres móveis anteriores - Taxa de desocupação, na semana de referência, das pessoas de 14 anos ou mais de idade",201404,fev-mar-abr 2014,
1,Brasil,1694,Nenhuma,Z,1,Brasil,8814,"Situação da Variação em relação a três trimestres móveis anteriores - Taxa de desocupação, na semana de referência, das pessoas de 14 anos ou mais de idade",201405,mar-abr-mai 2014,
1,Brasil,1694,Nenhuma,Z,1,Brasil,8814,"Situação da Variação em relação a três trimestres móveis anteriores - Taxa de desocupação, na semana de referência, das pessoas de 14 anos ou mais de idade",201406,abr-mai-jun 2014,
1,Brasil,1694,Nenhuma,Z,1,Brasil,8814,"Situação da Variação em relação a três trimestres móveis anteriores - Taxa de desocupação, na semana de referência, das pessoas de 14 anos ou mais de idade",201407,mai-jun-jul 2014,
1,Brasil,1694,Nenhuma,A,1,Brasil,8814,"Situação da Variação em relação a três trimestres móveis anteriores - Taxa de desocupação, na semana de referência, das pessoas de 14 anos ou mais de idade",201408,jun-jul-ago 2014,
1,Brasil,1694,Nenhuma,A,1,Brasil,8814,"Situação da Variação em relação a três trimestres móveis anteriores - Taxa de desocupação, na semana de referência, das pessoas de 14 anos ou mais de idade",201409,jul-ago-set 2014,
1,Brasil,1694,Nenhuma,Z,1,Brasil,8814,"Situação da Variação em relação a três trimestres móveis anteriores - Taxa de desocupação, na semana de referência, das pessoas de 14 anos ou mais de idade",201410,ago-set-out 2014,
1,Brasil,1694,Nenhuma,Z,1,Brasil,8814,"Situação da Variação em relação a três trimestres móveis anteriores - Taxa de desocupação, na semana de referência, das pessoas de 14 anos ou mais de idade",201411,set-out-nov 2014,
1,Brasil,1694,Nenhuma,Z,1,Brasil,8814,"Situação da Variação em relação a três trimestres móveis anteriores - Taxa de desocupação, na semana de referência, das pessoas de 14 anos ou mais de idade",201412,out-nov-dez 2014,
1,Brasil,1694,Nenhuma,Z,1,Brasil,8814,"Situação da Variação em relação a três trimestres móveis anteriores - Taxa de desocupação, na semana de referência, das pessoas de 14 anos ou mais de idade",201501,nov-dez-jan 2015,
1,Brasil,1694,Nenhuma,Z,1,Brasil,8814,"Situação da Variação em relação a três trimestres móveis anteriores - Taxa de desocupação, na semana de referência, das pessoas de 14 anos ou mais de idade",201502,dez-jan-fev 2015,
1,Brasil,1694,Nenhuma,Z,1,Brasil,8814,"Situação da Variação em relação a três trimestres móveis anteriores - Taxa de desocupação, na semana de referência, das pessoas de 14 anos ou mais de idade",201503,jan-fev-mar 2015,
1,Brasil,1694,Nenhuma,Z,1,Brasil,8814,"Situação da Variação em relação a três trimestres móveis anteriores - Taxa de desocupação, na semana de referência, das pessoas de 14 anos ou mais de idade",201504,fev-mar-abr 2015,
1,Brasil,1694,Nenhuma,Z,1,Brasil,8814,"Situação da Variação em relação a três trimestres móveis anteriores - Taxa de desocupação, na semana de referência, das pessoas de 14 anos ou mais de idade",201505,mar-abr-mai 2015,
1,Brasil,1694,Nenhuma,Z,1,Brasil,8814,"Situação da Variação em relação a três trimestres móveis anteriores - Taxa de desocupação, na semana de referência, das pessoas de 14 anos ou mais de idade",201506,abr-mai-jun 2015,
1,Brasil,1694,Nenhuma,Z,1,Brasil,8814,"Situação da Variação em relação a três trimestres móveis anteriores - Taxa de desocupação, na semana de referência, das pessoas de 14 anos ou mais de idade",201507,mai-jun-jul 2015,
1,Brasil,1694,Nenhuma,Z,1,Brasil,8814,"Situação da Variação em relação a três trimestres móveis anteriores - Taxa de desocupação, na semana de referência, das pessoas de 14 anos ou mais de idade",201508,jun-jul-ago 2015,
1,Brasil,1694,Nenhuma,Z,1,Brasil,8814,"Situação da Variação em relação a três trimestres móveis anteriores - Taxa de desocupação, na semana de referência, das pessoas de 14 anos ou mais de idade",201509,jul-ago-set 2015,
1,Brasil,1694,Nenhuma,Z,1,Brasil,8814,"Situação da Variação em relação a três trimestres móveis anteriores - Taxa de desocupação, na semana de referência, das pessoas de 14 anos ou mais de idade",201510,ago-set-out 2015,
1,Brasil,1694,Nenhuma,Z,1,Brasil,8814,"Situação da Variação em relação a três trimestres móveis anteriores - Taxa de desocupação, na semana de referência, das pessoas de 14 anos ou mais de idade",201511,set-out-nov 2015,
1,Brasil,1694,Nenhuma,A,1,Brasil,8814,"Situação da Variação em relação a três trimestres móveis anteriores - Taxa de desocupação, na semana de referência, das pessoas de 14 anos ou mais de idade",201512,out-nov-dez 2015,
1,Brasil,1694,Nenhuma,Z,1,Brasil,8814,"Situação da Variação em relação a três trimestres móveis anteriores - Taxa de desocupação, na semana de referência, das pessoas de 14 anos ou mais de idade",201601,nov-dez-jan 2016,
1,Brasil,1694,Nenhuma,Z,1,Brasil,8814,"Situação da Variação em relação a três trimestres móveis anteriores - Taxa de desocupação, na semana de referência, das pessoas de 14 anos ou mais de idade",201602,dez-jan-fev 2016,
1,Brasil,1694,Nenhuma,Z,1,Brasil,8814,"Situação da Variação em relação a três trimestres móveis anteriores - Taxa de desocupação, na semana de referência, das pessoas de 14 anos ou mais de idade",201603,jan-fev-mar 2016,
1,Brasil,1694,Nenhuma,Z,1,Brasil,8814,"Situação da Variação em relação a três trimestres móveis anteriores - Taxa de desocupação, na semana de referência, das pessoas de 14 anos ou mais de idade",201604,fev-mar-abr 2016,
1,Brasil,1694,Nenhuma,Z,1,Brasil,8814,"Situação da Variação em relação a três trimestres móveis anteriores - Taxa de desocupação, na semana de referência, das pessoas de 14 anos ou mais de idade",201605,mar-abr-mai 2016,
1,Brasil,1694,Nenhuma,Z,1,Brasil,8814,"Situação da Variação em relação a três trimestres móveis anteriores - Taxa de desocupação, na semana de referência, das pessoas de 14 anos ou mais de idade",201606,abr-mai-jun 2016,
1,Brasil,1694,Nenhuma,Z,1,Brasil,8814,"Situação da Variação em relação a três trimestres móveis anteriores - Taxa de desocupação, na semana de referência, das pessoas de 14 anos ou mais de idade",201607,mai-jun-jul 2016,
1,Brasil,1694,Nenhuma,Z,1,Brasil,8814,"Situação da Variação em relação a três trimestres móveis anteriores - Taxa de desocupação, na semana de referência, das pessoas de 14 anos ou mais de idade",201608,jun-jul-ago 2016,
1,Brasil,1694,Nenhuma,Z,1,Brasil,8814,"Situação da Variação em relação a três trimestres móveis anteriores - Taxa de desocupação, na semana de referência, das pessoas de 14 anos ou mais de idade",201609,jul-ago-set 2016,
1,Brasil,1694,Nenhuma,A,1,Brasil,8814,"Situação da Variação em relação a três trimestres móveis anteriores - Taxa de desocupação, na semana de referência, das pessoas de 14 anos ou mais de idade",201610,ago-set-out 2016,
1,Brasil,1694,Nenhuma,A,1,Brasil,8814,"Situação da Variação em relação a três trimestres móveis anteriores - Taxa de desocupação, na semana de referência, das pessoas de 14 anos ou mais de idade",201611,set-out-nov 2016,
1,Brasil,1694,Nenhuma,Z,1,Brasil,8814,"Situação da Variação em relação a três trimestres móveis anteriores - Taxa de desocupação, na semana de referência, das pessoas de 14 anos ou mais de idade",201612,out-nov-dez 2016,
1,Brasil,1694,Nenhuma,Z,1,Brasil,8814,"Situação da Variação em relação a três trimestres móveis anteriores - Taxa de desocupação, na semana de referência, das pessoas de 14 anos ou mais de idade",201701,nov-dez-jan 2017,
1,Brasil,1694,Nenhuma,Z,1,Brasil,8814,"Situação da Variação em relação a três trimestres móveis anteriores - Taxa de desocupação, na semana de referência, das pessoas de 14 anos ou mais de idade",201702,dez-jan-fev 2017,
1,Brasil,1694,Nenhuma,Z,1,Brasil,8814,"Situação da Variação em relação a três trimestres móveis anteriores - Taxa de desocupação, na semana de referência, das pessoas de 14 anos ou mais de idade",201703,jan-fev-mar 2017,
1,Brasil,1694,Nenhuma,Z,1,Brasil,8814,"Situação da Variação em relação a três trimestres móveis anteriores - Taxa de desocupação, na semana de referência, das pessoas de 14 anos ou mais de idade",201704,fev-mar-abr 2017,
1,Brasil,1694,Nenhuma,A,1,Brasil,8814,"Situação da Variação em relação a três trimestres móveis anteriores - Taxa de desocupação, na semana de referência, das pessoas de 14 anos ou mais de idade",201705,mar-abr-mai 2017,
1,Brasil,1694,Nenhuma,Z,1,Brasil,8814,"Situação da Variação em relação a três trimestres móveis anteriores - Taxa de desocupação, na semana de referência, das pessoas de 14 anos ou mais de idade",201706,abr-mai-jun 2017,
1,Brasil,1694,Nenhuma,Z,1,Brasil,8814,"Situação da Variação em relação a três trimestres móveis anteriores - Taxa de desocupação, na semana de referência, das pessoas de 14 anos ou mais de idade",201707,mai-jun-jul 2017,
1,Brasil,1694,Nenhuma,Z,1,Brasil,8814,"Situação da Variação em relação a três trimestres móveis anteriores - Taxa de desocupação, na semana de referência, das pessoas de 14 anos ou mais de idade",201708,jun-jul-ago 2017,
1,Brasil,1694,Nenhuma,Z,1,Brasil,8814,"Situação da Variação em relação a três trimestres móveis anteriores - Taxa de desocupação, na semana de referência, das pessoas de 14 anos ou mais de idade",201709,jul-ago-set 2017,
1,Brasil,1694,Nenhuma,Z,1,Brasil,8814,"Situação da Variação em relação a três trimestres móveis anteriores - Taxa de desocupação, na semana de referência, das pessoas de 14 anos ou mais de idade",201710,ago-set-out 2017,
1,Brasil,1694,Nenhuma,Z,1,Brasil,8814,"Situação da Variação em relação a três trimestres móveis anteriores - Taxa de desocupação, na semana de referência, das pessoas de 14 anos ou mais de idade",201711,set-out-nov 2017,
1,Brasil,1694,Nenhuma,Z,1,Brasil,8814,"Situação da Variação em relação a três trimestres móveis anteriores - Taxa de desocupação, na semana de referência, das pessoas de 14 anos ou mais de idade",201712,out-nov-dez 2017,
1,Brasil,1694,Nenhuma,A,1,Brasil,8814,"Situação da Variação em relação a três trimestres móveis anteriores - Taxa de desocupação, na semana de referência, das pessoas de 14 anos ou mais de idade",201801,nov-dez-jan 2018,
1,Brasil,1694,Nenhuma,Z,1,Brasil,8814,"Situação da Variação em relação a três trimestres móveis anteriores - Taxa de desocupação, na semana de referência, das pessoas de 14 anos ou mais de idade",201802,dez-jan-fev 2018,
1,Brasil,1694,Nenhuma,Z,1,Brasil,8814,"Situação da Variação em relação a três trimestres móveis anteriores - Taxa de desocupação, na semana de referência, das pessoas de 14 anos ou mais de idade",201803,jan-fev-mar 2018,
1,Brasil,1694,Nenhuma,Z,1,Brasil,8814,"Situação da Variação em relação a três trimestres móveis anteriores - Taxa de desocupação, na semana de referência, das pessoas de 14 anos ou mais de idade",201804,fev-mar-abr 2018,
1,Brasil,1694,Nenhuma,A,1,Brasil,8814,"Situação da Variação em relação a três trimestres móveis anteriores - Taxa de desocupação, na semana de referência, das pessoas de 14 anos ou mais de idade",201805,mar-abr-mai 2018,
1,Brasil,1694,Nenhuma,Z,1,Brasil,8814,"Situação da Variação em relação a três trimestres móveis anteriores - Taxa de desocupação, na semana de referência, das pessoas de 14 anos ou mais de idade",201806,abr-mai-jun 2018,
1,Brasil,1694,Nenhuma,Z,1,Brasil,8814,"Situação da Variação em relação a três trimestres móveis anteriores - Taxa de desocupação, na semana de referência, das pessoas de 14 anos ou mais de idade",201807,mai-jun-jul 2018,
1,Brasil,1694,Nenhuma,Z,1,Brasil,8814,"Situação da Variação em relação a três trimestres móveis anteriores - Taxa de desocupação, na semana de referência, das pessoas de 14 anos ou mais de idade",201808,jun-jul-ago 2018,
1,Brasil,1694,Nenhuma,Z,1,Brasil,8814,"Situação da Variação em relação a três trimestres móveis anteriores - Taxa de desocupação, na semana de referência, das pessoas de 14 anos ou mais de idade",201809,jul-ago-set 2018,
1,Brasil,1694,Nenhuma,Z,1,Brasil,8814,"Situação da Variação em relação a três trimestres móveis anteriores - Taxa de desocupação, na semana de referência, das pessoas de 14 anos ou mais de idade",201810,ago-set-out 2018,
1,Brasil,1694,Nenhuma,Z,1,Brasil,8814,"Situação da Variação em relação a três trimestres móveis anteriores - Taxa de desocupação, na semana de referência, das pessoas de 14 anos ou mais de idade",201811,set-out-nov 2018,
1,Brasil,1694,Nenhuma,Z,1,Brasil,8814,"Situação da Variação em relação a três trimestres móveis anteriores - Taxa de desocupação, na semana de referência, das pessoas de 14 anos ou mais de idade",201812,out-nov-dez 2018,
1,Brasil,1694,Nenhuma,Z,1,Brasil,8814,"Situação da Variação em relação a três trimestres móveis anteriores - Taxa de desocupação, na semana de referência, das pessoas de 14 anos ou mais de idade",201901,nov-dez-jan 2019,
1,Brasil,1694,Nenhuma,Z,1,Brasil,8814,"Situação da Variação em relação a três trimestres móveis anteriores - Taxa de desocupação, na semana de referência, das pessoas de 14 anos ou mais de idade",201902,dez-jan-fev 2019,
1,Brasil,1694,Nenhuma,Z,1,Brasil,8814,"Situação da Variação em relação a três trimestres móveis anteriores - Taxa de desocupação, na semana de referência, das pessoas de 14 anos ou mais de idade",201903,jan-fev-mar 2019,
1,Brasil,1694,Nenhuma,Z,1,Brasil,8814,"Situação da Variação em relação a três trimestres móveis anteriores - Taxa de desocupação, na semana de referência, das pessoas de 14 anos ou mais de idade",201904,fev-mar-abr 2019,
1,Brasil,1694,Nenhuma,A,1,Brasil,8814,"Situação da Variação em relação a três trimestres móveis anteriores - Taxa de desocupação, na semana de referência, das pessoas de 14 anos ou mais de idade",201905,mar-abr-mai 2019,
1,Brasil,1694,Nenhuma,Z,1,Brasil,8814,"Situação da Variação em relação a três trimestres móveis anteriores - Taxa de desocupação, na semana de referência, das pessoas de 14 anos ou mais de idade",201906,abr-mai-jun 2019,
1,Brasil,1694,Nenhuma,Z,1,Brasil,8814,"Situação da Variação em relação a três trimestres móveis anteriores - Taxa de desocupação, na semana de referência, das pessoas de 14 anos ou mais de idade",201907,mai-jun-jul 2019,
1,Brasil,1694,Nenhuma,Z,1,Brasil,8814,"Situação da Variação em relação a três trimestres móveis anteriores - Taxa de desocupação, na semana de referência, das pessoas de 14 anos ou mais de idade",201908,jun-jul-ago 2019,
1,Brasil,1694,Nenhuma,Z,1,Brasil,8814,"Situação da Variação em relação a três trimestres móveis anteriores - Taxa de desocupação, na semana de referência, das pessoas de 14 anos ou mais de idade",201909,jul-ago-set 2019,
1,Brasil,1694,Nenhuma,A,1,Brasil,8814,"Situação da Variação em relação a três trimestres móveis anteriores - Taxa de desocupação, na semana de referência, das pessoas de 14 anos ou mais de idade",201910,ago-set-out 2019,
1,Brasil,1694,Nenhuma,Z,1,Brasil,8814,"Situação da Variação em relação a três trimestres móveis anteriores - Taxa de desocupação, na semana de referência, das pessoas de 14 anos ou mais de idade",201911,set-out-nov 2019,
1,Brasil,1694,Nenhuma,Z,1,Brasil,8814,"Situação da Variação em relação a três trimestres móveis anteriores - Taxa de desocupação, na semana de referência, das pessoas de 14 anos ou mais de idade",201912,out-nov-dez 2019,
1,Brasil,1694,Nenhuma,Z,1,Brasil,8814,"Situação da Variação em relação a três trimestres móveis anteriores - Taxa de desocupação, na semana de referência, das pessoas de 14 anos ou mais de idade",202001,nov-dez-jan 2020,
1,Brasil,1694,Nenhuma,Z,1,Brasil,8814,"Situação da Variação em relação a três trimestres móveis anteriores - Taxa de desocupação, na semana de referência, das pessoas de 14 anos ou mais de idade",202002,dez-jan-fev 2020,
1,Brasil,1694,Nenhuma,Z,1,Brasil,8814,"Situação da Variação em relação a três trimestres móveis anteriores - Taxa de desocupação, na semana de referência, das pessoas de 14 anos ou mais de idade",202003,jan-fev-mar 2020,
1,Brasil,1694,Nenhuma,Z,1,Brasil,8814,"Situação da Variação em relação a três trimestres móveis anteriores - Taxa de desocupação, na semana de referência, das pessoas de 14 anos ou mais de idade",202004,fev-mar-abr 2020,
1,Brasil,1694,Nenhuma,Z,1,Brasil,8814,"Situação da Variação em relação a três trimestres móveis anteriores - Taxa de desocupação, na semana de referência, das pessoas de 14 anos ou mais de idade",202005,mar-abr-mai 2020,
1,Brasil,1694,Nenhuma,Z,1,Brasil,8814,"Situação da Variação em relação a três trimestres móveis anteriores - Taxa de desocupação, na semana de referência, das pessoas de 14 anos ou mais de idade",202006,abr-mai-jun 2020,
1,Brasil,1694,Nenhuma,Z,1,Brasil,8814,"Situação da Variação em relação a três trimestres móveis anteriores - Taxa de desocupação, na semana de referência, das pessoas de 14 anos ou mais de idade",202007,mai-jun-jul 2020,
1,Brasil,1694,Nenhuma,Z,1,Brasil,8814,"Situação da Variação em relação a três trimestres móveis anteriores - Taxa de desocupação, na semana de referência, das pessoas de 14 anos ou mais de idade",202008,jun-jul-ago 2020,
1,Brasil,1694,Nenhuma,Z,1,Brasil,8814,"Situação da Variação em relação a três trimestres móveis anteriores - Taxa de desocupação, na semana de referência, das pessoas de 14 anos ou mais de idade",202009,jul-ago-set 2020,
1,Brasil,1694,Nenhuma,Z,1,Brasil,8814,"Situação da Variação em relação a três trimestres móveis anteriores - Taxa de desocupação, na semana de referência, das pessoas de 14 anos ou mais de idade",202010,ago-set-out 2020,
1,Brasil,1694,Nenhuma,Z,1,Brasil,8814,"Situação da Variação em relação a três trimestres móveis anteriores - Taxa de desocupação, na semana de referência, das pessoas de 14 anos ou mais de idade",202011,set-out-nov 2020,
1,Brasil,1694,Nenhuma,Z,1,Brasil,8814,"Situação da Variação em relação a três trimestres móveis anteriores - Taxa de desocupação, na semana de referência, das pessoas de 14 anos ou mais de idade",202012,out-nov-dez 2020,
1,Brasil,1694,Nenhuma,A,1,Brasil,8814,"Situação da Variação em relação a três trimestres móveis anteriores - Taxa de desocupação, na semana de referência, das pessoas de 14 anos ou mais de idade",202101,nov-dez-jan 2021,
1,Brasil,1694,Nenhuma,A,1,Brasil,8814,"Situação da Variação em relação a três trimestres móveis anteriores - Taxa de desocupação, na semana de referência, das pessoas de 14 anos ou mais de idade",202102,dez-jan-fev 2021,
1,Brasil,1694,Nenhuma,Z,1,Brasil,8814,"Situação da Variação em relação a três trimestres móveis anteriores - Taxa de desocupação, na semana de referência, das pessoas de 14 anos ou mais de idade",202103,jan-fev-mar 2021,
1,Brasil,1694,Nenhuma,A,1,Brasil,8814,"Situação da Variação em relação a três trimestres móveis anteriores - Taxa de desocupação, na semana de referência, das pessoas de 14 anos ou mais de idade",202104,fev-mar-abr 2021,
1,Brasil,1694,Nenhuma,A,1,Brasil,8814,"Situação da Variação em relação a três trimestres móveis anteriores - Taxa de desocupação, na semana de referência, das pessoas de 14 anos ou mais de idade",202105,mar-abr-mai 2021,
1,Brasil,1694,Nenhuma,Z,1,Brasil,8814,"Situação da Variação em relação a três trimestres móveis anteriores - Taxa de desocupação, na semana de referência, das pessoas de 14 anos ou mais de idade",202106,abr-mai-jun 2021,
1,Brasil,1694,Nenhuma,Z,1,Brasil,8814,"Situação da Variação em relação a três trimestres móveis anteriores - Taxa de desocupação, na semana de referência, das pessoas de 14 anos ou mais de idade",202107,mai-jun-jul 2021,
1,Brasil,1694,Nenhuma,Z,1,Brasil,8814,"Situação da Variação em relação a três trimestres móveis anteriores - Taxa de desocupação, na semana de referência, das pessoas de 14 anos ou mais de idade",202108,jun-jul-ago 2021,
1,Brasil,1694,Nenhuma,Z,1,Brasil,8814,"Situação da Variação em relação a três trimestres móveis anteriores - Taxa de desocupação, na semana de referência, das pessoas de 14 anos ou mais de idade",202109,jul-ago-set 2021,
1,Brasil,1694,Nenhuma,Z,1,Brasil,8814,"Situação da Variação em relação a três trimestres móveis anteriores - Taxa de desocupação, na semana de referência, das pessoas de 14 anos ou mais de idade",202110,ago-set-out 2021,
1,Brasil,1694,Nenhuma,Z,1,Brasil,8814,"Situação da Variação em relação a três trimestres móveis anteriores - Taxa de desocupação, na semana de referência, das pessoas de 14 anos ou mais de idade",202111,set-out-nov 2021,
1,Brasil,1694,Nenhuma,Z,1,Brasil,8814,"Situação da Variação em relação a três trimestres móveis anteriores - Taxa de desocupação, na semana de referência, das pessoas de 14 anos ou mais de idade",202112,out-nov-dez 2021,
1,Brasil,1694,Nenhuma,Z,1,Brasil,8814,"Situação da Variação em relação a três trimestres móveis anteriores - Taxa de desocupação, na semana de referência, das pessoas de 14 anos ou mais de idade",202201,nov-dez-jan 2022,
1,Brasil,1694,Nenhuma,Z,1,Brasil,8814,"Situação da Variação em relação a três trimestres móveis anteriores - Taxa de desocupação, na semana de referência, das pessoas de 14 anos ou mais de idade",202202,dez-jan-fev 2022,
1,Brasil,1694,Nenhuma,A,1,Brasil,8814,"Situação da Variação em relação a três trimestres móveis anteriores - Taxa de desocupação, na semana de referência, das pessoas de 14 anos ou mais de idade",202203,jan-fev-mar 2022,
1,Brasil,1694,Nenhuma,Z,1,Brasil,8814,"Situação da Variação em relação a três trimestres móveis anteriores - Taxa de desocupação, na semana de referência, das pessoas de 14 anos ou mais de idade",202204,fev-mar-abr 2022,
1,Brasil,1694,Nenhuma,Z,1,Brasil,8814,"Situação da Variação em relação a três trimestres móveis anteriores - Taxa de desocupação, na semana de referência, das pessoas de 14 anos ou mais de idade",202205,mar-abr-mai 2022,
1,Brasil,1694,Nenhuma,Z,1,Brasil,8814,"Situação da Variação em relação a três trimestres móveis anteriores - Taxa de desocupação, na semana de referência, das pessoas de 14 anos ou mais de idade",202206,abr-mai-jun 2022,
1,Brasil,1694,Nenhuma,Z,1,Brasil,8814,"Situação da Variação em relação a três trimestres móveis anteriores - Taxa de desocupação, na semana de referência, das pessoas de 14 anos ou mais de idade",202207,mai-jun-jul 2022,
1,Brasil,1694,Nenhuma,Z,1,Brasil,8814,"Situação da Variação em relação a três trimestres móveis anteriores - Taxa de desocupação, na semana de referência, das pessoas de 14 anos ou mais de idade",202208,jun-jul-ago 2022,
1,Brasil,1694,Nenhuma,Z,1,Brasil,8814,"Situação da Variação em relação a três trimestres móveis anteriores - Taxa de desocupação, na semana de referência, das pessoas de 14 anos ou mais de idade",202209,jul-ago-set 2022,
1,Brasil,1694,Nenhuma,Z,1,Brasil,8814,"Situação da Variação em relação a três trimestres móveis anteriores - Taxa de desocupação, na semana de referência, das pessoas de 14 anos ou mais de idade",202210,ago-set-out 2022,
1,Brasil,1694,Nenhuma,Z,1,Brasil,8814,"Situação da Variação em relação a três trimestres móveis anteriores - Taxa de desocupação, na semana de referência, das pessoas de 14 anos ou mais de idade",202211,set-out-nov 2022,
1,Brasil,1694,Nenhuma,Z,1,Brasil,8814,"Situação da Variação em relação a três trimestres móveis anteriores - Taxa de desocupação, na semana de referência, das pessoas de 14 anos ou mais de idade",202212,out-nov-dez 2022,
1,Brasil,1694,Nenhuma,A,1,Brasil,8814,"Situação da Variação em relação a três trimestres móveis anteriores - Taxa de desocupação, na semana de referência, das pessoas de 14 anos ou mais de idade",202301,nov-dez-jan 2023,
1,Brasil,1694,Nenhuma,Z,1,Brasil,8814,"Situação da Variação em relação a três trimestres móveis anteriores - Taxa de desocupação, na semana de referência, das pessoas de 14 anos ou mais de idade",202302,dez-jan-fev 2023,
1,Brasil,1694,Nenhuma,Z,1,Brasil,8814,"Situação da Variação em relação a três trimestres móveis anteriores - Taxa de desocupação, na semana de referência, das pessoas de 14 anos ou mais de idade",202303,jan-fev-mar 2023,
1,Brasil,1694,Nenhuma,A,1,Brasil,8814,"Situação da Variação em relação a três trimestres móveis anteriores - Taxa de desocupação, na semana de referência, das pessoas de 14 anos ou mais de idade",202304,fev-mar-abr 2023,
1,Brasil,1694,Nenhuma,Z,1,Brasil,8814,"Situação da Variação em relação a três trimestres móveis anteriores - Taxa de desocupação, na semana de referência, das pessoas de 14 anos ou mais de idade",202305,mar-abr-mai 2023,
1,Brasil,1694,Nenhuma,Z,1,Brasil,8814,"Situação da Variação em relação a três trimestres móveis anteriores - Taxa de desocupação, na semana de referência, das pessoas de 14 anos ou mais de idade",202306,abr-mai-jun 2023,
1,Brasil,1694,Nenhuma,Z,1,Brasil,8814,"Situação da Variação em relação a três trimestres móveis anteriores - Taxa de desocupação, na semana de referência, das pessoas de 14 anos ou mais de idade",202307,mai-jun-jul 2023,
1,Brasil,1694,Nenhuma,Z,1,Brasil,8814,"Situação da Variação em relação a três trimestres móveis anteriores - Taxa de desocupação, na semana de referência, das pessoas de 14 anos ou mais de idade",202308,jun-jul-ago 2023,
1,Brasil,1694,Nenhuma,Z,1,Brasil,8814,"Situação da Variação em relação a três trimestres móveis anteriores - Taxa de desocupação, na semana de referência, das pessoas de 14 anos ou mais de idade",202309,jul-ago-set 2023,
1,Brasil,1694,Nenhuma,Z,1,Brasil,8814,"Situação da Variação em relação a três trimestres móveis anteriores - Taxa de desocupação, na semana de referência, das pessoas de 14 anos ou mais de idade",202310,ago-set-out 2023,
1,Brasil,1694,Nenhuma,Z,1,Brasil,8814,"Situação da Variação em relação a três trimestres móveis anteriores - Taxa de desocupação, na semana de referência, das pessoas de 14 anos ou mais de idade",202311,set-out-nov 2023,
1,Brasil,1694,Nenhuma,Z,1,Brasil,8814,"Situação da Variação em relação a três trimestres móveis anteriores - Taxa de desocupação, na semana de referência, das pessoas de 14 anos ou mais de idade",202312,out-nov-dez 2023,
1,Brasil,1694,Nenhuma,A,1,Brasil,8814,"Situação da Variação em relação a três trimestres móveis anteriores - Taxa de desocupação, na semana de referência, das pessoas de 14 anos ou mais de idade",202401,nov-dez-jan 2024,
1,Brasil,1694,Nenhuma,Z,1,Brasil,8814,"Situação da Variação em relação a três trimestres móveis anteriores - Taxa de desocupação, na semana de referência, das pessoas de 14 anos ou mais de idade",202402,dez-jan-fev 2024,
1,Brasil,1694,Nenhuma,Z,1,Brasil,8814,"Situação da Variação em relação a três trimestres móveis anteriores - Taxa de desocupação, na semana de referência, das pessoas de 14 anos ou mais de idade",202403,jan-fev-mar 2024,
1,Brasil,1694,Nenhuma,A,1,Brasil,8814,"Situação da Variação em relação a três trimestres móveis anteriores - Taxa de desocupação, na semana de referência, das pessoas de 14 anos ou mais de idade",202404,fev-mar-abr 2024,
1,Brasil,1694,Nenhuma,Z,1,Brasil,8814,"Situação da Variação em relação a três trimestres móveis anteriores - Taxa de desocupação, na semana de referência, das pessoas de 14 anos ou mais de idade",202405,mar-abr-mai 2024,
1,Brasil,1694,Nenhuma,Z,1,Brasil,8814,"Situação da Variação em relação a três trimestres móveis anteriores - Taxa de desocupação, na semana de referência, das pessoas de 14 anos ou mais de idade",202406,abr-mai-jun 2024,
1,Brasil,1694,Nenhuma,Z,1,Brasil,8814,"Situação da Variação em relação a três trimestres móveis anteriores - Taxa de desocupação, na semana de referência, das pessoas de 14 anos ou mais de idade",202407,mai-jun-jul 2024,
1,Brasil,1694,Nenhuma,Z,1,Brasil,8814,"Situação da Variação em relação a três trimestres móveis anteriores - Taxa de desocupação, na semana de referência, das pessoas de 14 anos ou mais de idade",202408,jun-jul-ago 2024,
1,Brasil,1694,Nenhuma,Z,1,Brasil,8814,"Situação da Variação em relação a três trimestres móveis anteriores - Taxa de desocupação, na semana de referência, das pessoas de 14 anos ou mais de idade",202409,jul-ago-set 2024,
1,Brasil,1694,Nenhuma,Z,1,Brasil,8814,"Situação da Variação em relação a três trimestres móveis anteriores - Taxa de desocupação, na semana de referência, das pessoas de 14 anos ou mais de idade",202410,ago-set-out 2024,
1,Brasil,1694,Nenhuma,Z,1,Brasil,8814,"Situação da Variação em relação a três trimestres móveis anteriores - Taxa de desocupação, na semana de referência, das pessoas de 14 anos ou mais de idade",202411,set-out-nov 2024,
1,Brasil,1694,Nenhuma,A,1,Brasil,8814,"Situação da Variação em relação a três trimestres móveis anteriores - Taxa de desocupação, na semana de referência, das pessoas de 14 anos ou mais de idade",202412,out-nov-dez 2024,
1,Brasil,1694,Nenhuma,Z,1,Brasil,8814,"Situação da Variação em relação a três trimestres móveis anteriores - Taxa de desocupação, na semana de referência, das pessoas de 14 anos ou mais de idade",202501,nov-dez-jan 2025,
1,Brasil,1694,Nenhuma,Z,1,Brasil,8814,"Situação da Variação em relação a três trimestres móveis anteriores - Taxa de desocupação, na semana de referência, das pessoas de 14 anos ou mais de idade",202502,dez-jan-fev 2025,
1,Brasil,1694,Nenhuma,Z,1,Brasil,8814,"Situação da Variação em relação a três trimestres móveis anteriores - Taxa de desocupação, na semana de referência, das pessoas de 14 anos ou mais de idade",202503,jan-fev-mar 2025,
1,Brasil,1694,Nenhuma,A,1,Brasil,8814,"Situação da Variação em relação a três trimestres móveis anteriores - Taxa de desocupação, na semana de referência, das pessoas de 14 anos ou mais de idade",202504,fev-mar-abr 2025,
1,Brasil,1694,Nenhuma,Z,1,Brasil,8814,"Situação da Variação em relação a três trimestres móveis anteriores - Taxa de desocupação, na semana de referência, das pessoas de 14 anos ou mais de idade",202505,mar-abr-mai 2025,
1,Brasil,1694,Nenhuma,Z,1,Brasil,8814,"Situação da Variação em relação a três trimestres móveis anteriores - Taxa de desocupação, na semana de referência, das pessoas de 14 anos ou mais de idade",202506,abr-mai-jun 2025,
1,Brasil,1694,Nenhuma,Z,1,Brasil,8814,"Situação da Variação em relação a três trimestres móveis anteriores - Taxa de desocupação, na semana de referência, das pessoas de 14 anos ou mais de idade",202507,mai-jun-jul 2025,
1,Brasil,1694,Nenhuma,Z,1,Brasil,8814,"Situação da Variação em relação a três trimestres móveis anteriores - Taxa de desocupação, na semana de referência, das pessoas de 14 anos ou mais de idade",202508,jun-jul-ago 2025,
1,Brasil,1694,Nenhuma,Z,1,Brasil,8814,"Situação da Variação em relação a três trimestres móveis anteriores - Taxa de desocupação, na semana de referência, das pessoas de 14 anos ou mais de idade",202509,jul-ago-set 2025,
1,Brasil,1694,Nenhuma,Z,1,Brasil,8814,"Situação da Variação em relação a três trimestres móveis anteriores - Taxa de desocupação, na semana de referência, das pessoas de 14 anos ou mais de idade",202510,ago-set-out 2025,
1,Brasil,1694,Nenhuma,Z,1,Brasil,8814,"Situação da Variação em relação a três trimestres móveis anteriores - Taxa de desocupação, na semana de referência, das pessoas de 14 anos ou mais de idade",202511,set-out-nov 2025,
1,Brasil,1694,Nenhuma,Z,1,Brasil,8814,"Situação da Variação em relação a três trimestres móveis anteriores - Taxa de desocupação, na semana de referência, das pessoas de 14 anos ou mais de idade",202512,out-nov-dez 2025,
1,Brasil,1694,Nenhuma,A,1,Brasil,8814,"Situação da Variação em relação a três trimestres móveis anteriores - Taxa de desocupação, na semana de referência, das pessoas de 14 anos ou mais de idade",202601,nov-dez-jan 2026,
1,Brasil,1694,Nenhuma,Z,1,Brasil,8814,"Situação da Variação em relação a três trimestres móveis anteriores - Taxa de desocupação, na semana de referência, das pessoas de 14 anos ou mais de idade",202602,dez-jan-fev 2026,
1,Brasil,1694,Nenhuma,Z,1,Brasil,8814,"Situação da Variação em relação a três trimestres móveis anteriores - Taxa de desocupação, na semana de referência, das pessoas de 14 anos ou mais de idade",202603,jan-fev-mar 2026,
1,Brasil,1694,Nenhuma,Z,1,Brasil,8814,"Situação da Variação em relação a três trimestres móveis anteriores - Taxa de desocupação, na semana de referência, das pessoas de 14 anos ou mais de idade",202604,fev-mar-abr 2026,
1,Brasil,1694,Nenhuma,A,1,Brasil,8814,"Situação da Variação em relação a três trimestres móveis anteriores - Taxa de desocupação, na semana de referência, das pessoas de 14 anos ou mais de idade",202605,mar-abr-mai 2026,
1,Brasil,1694,Nenhuma,Z,1,Brasil,8814,"Situação da Variação em relação a três trimestres móveis anteriores - Taxa de desocupação, na semana de referência, das pessoas de 14 anos ou mais de idade",202606,abr-mai-jun 2026,
1,Brasil,,,...,1,Brasil,8816,"Variação em relação ao mesmo trimestre móvel do ano anterior - Taxa de desocupação, na semana de referência, das pessoas de 14 anos ou mais de idade",201203,jan-fev-mar 2012,
1,Brasil,,,...,1,Brasil,8816,"Variação em relação ao mesmo trimestre móvel do ano anterior - Taxa de desocupação, na semana de referência, das pessoas de 14 anos ou mais de idade",201204,fev-mar-abr 2012,
1,Brasil,,,...,1,Brasil,8816,"Variação em relação ao mesmo trimestre móvel do ano anterior - Taxa de desocupação, na semana de referência, das pessoas de 14 anos ou mais de idade",201205,mar-abr-mai 2012,
1,Brasil,,,...,1,Brasil,8816,"Variação em relação ao mesmo trimestre móvel do ano anterior - Taxa de desocupação, na semana de referência, das pessoas de 14 anos ou mais de idade",201206,abr-mai-jun 2012,
1,Brasil,,,...,1,Brasil,8816,"Variação em relação ao mesmo trimestre móvel do ano anterior - Taxa de desocupação, na semana de referência, das pessoas de 14 anos ou mais de idade",201207,mai-jun-jul 2012,
1,Brasil,,,...,1,Brasil,8816,"Variação em relação ao mesmo trimestre móvel do ano anterior - Taxa de desocupação, na semana de referência, das pessoas de 14 anos ou mais de idade",201208,jun-jul-ago 2012,
1,Brasil,,,...,1,Brasil,8816,"Variação em relação ao mesmo trimestre móvel do ano anterior - Taxa de desocupação, na semana de referência, das pessoas de 14 anos ou mais de idade",201209,jul-ago-set 2012,
1,Brasil,,,...,1,Brasil,8816,"Variação em relação ao mesmo trimestre móvel do ano anterior - Taxa de desocupação, na semana de referência, das pessoas de 14 anos ou mais de idade",201210,ago-set-out 2012,
1,Brasil,,,...,1,Brasil,8816,"Variação em relação ao mesmo trimestre móvel do ano anterior - Taxa de desocupação, na semana de referência, das pessoas de 14 anos ou mais de idade",201211,set-out-nov 2012,
1,Brasil,,,...,1,Brasil,8816,"Variação em relação ao mesmo trimestre móvel do ano anterior - Taxa de desocupação, na semana de referência, das pessoas de 14 anos ou mais de idade",201212,out-nov-dez 2012,
1,Brasil,,,...,1,Brasil,8816,"Variação em relação ao mesmo trimestre móvel do ano anterior - Taxa de desocupação, na semana de referência, das pessoas de 14 anos ou mais de idade",201301,nov-dez-jan 2013,
1,Brasil,,,...,1,Brasil,8816,"Variação em relação ao mesmo trimestre móvel do ano anterior - Taxa de desocupação, na semana de referência, das pessoas de 14 anos ou mais de idade",201302,dez-jan-fev 2013,
1,Brasil,1722,Ponto percentual,0.1,1,Brasil,8816,"Variação em relação ao mesmo trimestre móvel do ano anterior - Taxa de desocupação, na semana de referência, das pessoas de 14 anos ou mais de idade",201303,jan-fev-mar 2013,1.0
1,Brasil,1722,Ponto percentual,0.1,1,Brasil,8816,"Variação em relação ao mesmo trimestre móvel do ano anterior - Taxa de desocupação, na semana de referência, das pessoas de 14 anos ou mais de idade",201304,fev-mar-abr 2013,1.0
1,Brasil,1722,Ponto percentual,0.0,1,Brasil,8816,"Variação em relação ao mesmo trimestre móvel do ano anterior - Taxa de desocupação, na semana de referência, das pessoas de 14 anos ou mais de idade",201305,mar-abr-mai 2013,0.0
1,Brasil,1722,Ponto percentual,-0.1,1,Brasil,8816,"Variação em relação ao mesmo trimestre móvel do ano anterior - Taxa de desocupação, na semana de referência, das pessoas de 14 anos ou mais de idade",201306,abr-mai-jun 2013,-1.0
1,Brasil,1722,Ponto percentual,-0.1,1,Brasil,8816,"Variação em relação ao mesmo trimestre móvel do ano anterior - Taxa de desocupação, na semana de referência, das pessoas de 14 anos ou mais de idade",201307,mai-jun-jul 2013,-1.0
1,Brasil,1722,Ponto percentual,-0.2,1,Brasil,8816,"Variação em relação ao mesmo trimestre móvel do ano anterior - Taxa de desocupação, na semana de referência, das pessoas de 14 anos ou mais de idade",201308,jun-jul-ago 2013,-2.0
1,Brasil,1722,Ponto percentual,-0.1,1,Brasil,8816,"Variação em relação ao mesmo trimestre móvel do ano anterior - Taxa de desocupação, na semana de referência, das pessoas de 14 anos ou mais de idade",201309,jul-ago-set 2013,-1.0
1,Brasil,1722,Ponto percentual,-0.2,1,Brasil,8816,"Variação em relação ao mesmo trimestre móvel do ano anterior - Taxa de desocupação, na semana de referência, das pessoas de 14 anos ou mais de idade",201310,ago-set-out 2013,-2.0
1,Brasil,1722,Ponto percentual,-0.3,1,Brasil,8816,"Variação em relação ao mesmo trimestre móvel do ano anterior - Taxa de desocupação, na semana de referência, das pessoas de 14 anos ou mais de idade",201311,set-out-nov 2013,-3.0
1,Brasil,1722,Ponto percentual,-0.7,1,Brasil,8816,"Variação em relação ao mesmo trimestre móvel do ano anterior - Taxa de desocupação, na semana de referência, das pessoas de 14 anos ou mais de idade",201312,out-nov-dez 2013,-7.0
1,Brasil,1722,Ponto percentual,-0.8,1,Brasil,8816,"Variação em relação ao mesmo trimestre móvel do ano anterior - Taxa de desocupação, na semana de referência, das pessoas de 14 anos ou mais de idade",201401,nov-dez-jan 2014,-8.0
1,Brasil,1722,Ponto percentual,-1.0,1,Brasil,8816,"Variação em relação ao mesmo trimestre móvel do ano anterior - Taxa de desocupação, na semana de referência, das pessoas de 14 anos ou mais de idade",201402,dez-jan-fev 2014,-10.0
1,Brasil,1722,Ponto percentual,-0.8,1,Brasil,8816,"Variação em relação ao mesmo trimestre móvel do ano anterior - Taxa de desocupação, na semana de referência, das pessoas de 14 anos ou mais de idade",201403,jan-fev-mar 2014,-8.0
1,Brasil,1722,Ponto percentual,-0.7,1,Brasil,8816,"Variação em relação ao mesmo trimestre móvel do ano anterior - Taxa de desocupação, na semana de referência, das pessoas de 14 anos ou mais de idade",201404,fev-mar-abr 2014,-7.0
1,Brasil,1722,Ponto percentual,-0.6,1,Brasil,8816,"Variação em relação ao mesmo trimestre móvel do ano anterior - Taxa de desocupação, na semana de referência, das pessoas de 14 anos ou mais de idade",201405,mar-abr-mai 2014,-6.0
1,Brasil,1722,Ponto percentual,-0.6,1,Brasil,8816,"Variação em relação ao mesmo trimestre móvel do ano anterior - Taxa de desocupação, na semana de referência, das pessoas de 14 anos ou mais de idade",201406,abr-mai-jun 2014,-6.0
1,Brasil,1722,Ponto percentual,-0.4,1,Brasil,8816,"Variação em relação ao mesmo trimestre móvel do ano anterior - Taxa de desocupação, na semana de referência, das pessoas de 14 anos ou mais de idade",201407,mai-jun-jul 2014,-4.0
1,Brasil,1722,Ponto percentual,-0.2,1,Brasil,8816,"Variação em relação ao mesmo trimestre móvel do ano anterior - Taxa de desocupação, na semana de referência, das pessoas de 14 anos ou mais de idade",201408,jun-jul-ago 2014,-2.0
1,Brasil,1722,Ponto percentual,-0.2,1,Brasil,8816,"Variação em relação ao mesmo trimestre móvel do ano anterior - Taxa de desocupação, na semana de referência, das pessoas de 14 anos ou mais de idade",201409,jul-ago-set 2014,-2.0
1,Brasil,1722,Ponto percentual,-0.1,1,Brasil,8816,"Variação em relação ao mesmo trimestre móvel do ano anterior - Taxa de desocupação, na semana de referência, das pessoas de 14 anos ou mais de idade",201410,ago-set-out 2014,-1.0
1,Brasil,1722,Ponto percentual,0.0,1,Brasil,8816,"Variação em relação ao mesmo trimestre móvel do ano anterior - Taxa de desocupação, na semana de referência, das pessoas de 14 anos ou mais de idade",201411,set-out-nov 2014,0.0
1,Brasil,1722,Ponto percentual,0.3,1,Brasil,8816,"Variação em relação ao mesmo trimestre móvel do ano anterior - Taxa de desocupação, na semana de referência, das pessoas de 14 anos ou mais de idade",201412,out-nov-dez 2014,3.0
1,Brasil,1722,Ponto percentual,0.4,1,Brasil,8816,"Variação em relação ao mesmo trimestre móvel do ano anterior - Taxa de desocupação, na semana de referência, das pessoas de 14 anos ou mais de idade",201501,nov-dez-jan 2015,4.0
1,Brasil,1722,Ponto percentual,0.7,1,Brasil,8816,"Variação em relação ao mesmo trimestre móvel do ano anterior - Taxa de desocupação, na semana de referência, das pessoas de 14 anos ou mais de idade",201502,dez-jan-fev 2015,7.0
1,Brasil,1722,Ponto percentual,0.8,1,Brasil,8816,"Variação em relação ao mesmo trimestre móvel do ano anterior - Taxa de desocupação, na semana de referência, das pessoas de 14 anos ou mais de idade",201503,jan-fev-mar 2015,8.0
1,Brasil,1722,Ponto percentual,0.9,1,Brasil,8816,"Variação em relação ao mesmo trimestre móvel do ano anterior - Taxa de desocupação, na semana de referência, das pessoas de 14 anos ou mais de idade",201504,fev-mar-abr 2015,9.0
1,Brasil,1722,Ponto percentual,1.2,1,Brasil,8816,"Variação em relação ao mesmo trimestre móvel do ano anterior - Taxa de desocupação, na semana de referência, das pessoas de 14 anos ou mais de idade",201505,mar-abr-mai 2015,12.0
1,Brasil,1722,Ponto percentual,1.5,1,Brasil,8816,"Variação em relação ao mesmo trimestre móvel do ano anterior - Taxa de desocupação, na semana de referência, das pessoas de 14 anos ou mais de idade",201506,abr-mai-jun 2015,15.0
1,Brasil,1722,Ponto percentual,1.7,1,Brasil,8816,"Variação em relação ao mesmo trimestre móvel do ano anterior - Taxa de desocupação, na semana de referência, das pessoas de 14 anos ou mais de idade",201507,mai-jun-jul 2015,17.0
1,Brasil,1722,Ponto percentual,1.9,1,Brasil,8816,"Variação em relação ao mesmo trimestre móvel do ano anterior - Taxa de desocupação, na semana de referência, das pessoas de 14 anos ou mais de idade",201508,jun-jul-ago 2015,19.0
1,Brasil,1722,Ponto percentual,2.2,1,Brasil,8816,"Variação em relação ao mesmo trimestre móvel do ano anterior - Taxa de desocupação, na semana de referência, das pessoas de 14 anos ou mais de idade",201509,jul-ago-set 2015,22.0
1,Brasil,1722,Ponto percentual,2.4,1,Brasil,8816,"Variação em relação ao mesmo trimestre móvel do ano anterior - Taxa de desocupação, na semana de referência, das pessoas de 14 anos ou mais de idade",201510,ago-set-out 2015,24.0
1,Brasil,1722,Ponto percentual,2.5,1,Brasil,8816,"Variação em relação ao mesmo trimestre móvel do ano anterior - Taxa de desocupação, na semana de referência, das pessoas de 14 anos ou mais de idade",201511,set-out-nov 2015,25.0
1,Brasil,1722,Ponto percentual,2.5,1,Brasil,8816,"Variação em relação ao mesmo trimestre móvel do ano anterior - Taxa de desocupação, na semana de referência, das pessoas de 14 anos ou mais de idade",201512,out-nov-dez 2015,25.0
1,Brasil,1722,Ponto percentual,2.7,1,Brasil,8816,"Variação em relação ao mesmo trimestre móvel do ano anterior - Taxa de desocupação, na semana de referência, das pessoas de 14 anos ou mais de idade",201601,nov-dez-jan 2016,27.0
1,Brasil,1722,Ponto percentual,2.8,1,Brasil,8816,"Variação em relação ao mesmo trimestre móvel do ano anterior - Taxa de desocupação, na semana de referência, das pessoas de 14 anos ou mais de idade",201602,dez-jan-fev 2016,28.0
1,Brasil,1722,Ponto percentual,3.0,1,Brasil,8816,"Variação em relação ao mesmo trimestre móvel do ano anterior - Taxa de desocupação, na semana de referência, das pessoas de 14 anos ou mais de idade",201603,jan-fev-mar 2016,30.0
1,Brasil,1722,Ponto percentual,3.2,1,Brasil,8816,"Variação em relação ao mesmo trimestre móvel do ano anterior - Taxa de desocupação, na semana de referência, das pessoas de 14 anos ou mais de idade",201604,fev-mar-abr 2016,32.0
1,Brasil,1722,Ponto percentual,3.1,1,Brasil,8816,"Variação em relação ao mesmo trimestre móvel do ano anterior - Taxa de desocupação, na semana de referência, das pessoas de 14 anos ou mais de idade",201605,mar-abr-mai 2016,31.0
1,Brasil,1722,Ponto percentual,3.0,1,Brasil,8816,"Variação em relação ao mesmo trimestre móvel do ano anterior - Taxa de desocupação, na semana de referência, das pessoas de 14 anos ou mais de idade",201606,abr-mai-jun 2016,30.0
1,Brasil,1722,Ponto percentual,3.0,1,Brasil,8816,"Variação em relação ao mesmo trimestre móvel do ano anterior - Taxa de desocupação, na semana de referência, das pessoas de 14 anos ou mais de idade",201607,mai-jun-jul 2016,30.0
1,Brasil,1722,Ponto percentual,3.0,1,Brasil,8816,"Variação em relação ao mesmo trimestre móvel do ano anterior - Taxa de desocupação, na semana de referência, das pessoas de 14 anos ou mais de idade",201608,jun-jul-ago 2016,30.0
1,Brasil,1722,Ponto percentual,2.9,1,Brasil,8816,"Variação em relação ao mesmo trimestre móvel do ano anterior - Taxa de desocupação, na semana de referência, das pessoas de 14 anos ou mais de idade",201609,jul-ago-set 2016,29.0
1,Brasil,1722,Ponto percentual,2.8,1,Brasil,8816,"Variação em relação ao mesmo trimestre móvel do ano anterior - Taxa de desocupação, na semana de referência, das pessoas de 14 anos ou mais de idade",201610,ago-set-out 2016,28.0
1,Brasil,1722,Ponto percentual,2.8,1,Brasil,8816,"Variação em relação ao mesmo trimestre móvel do ano anterior - Taxa de desocupação, na semana de referência, das pessoas de 14 anos ou mais de idade",201611,set-out-nov 2016,28.0
1,Brasil,1722,Ponto percentual,3.1,1,Brasil,8816,"Variação em relação ao mesmo trimestre móvel do ano anterior - Taxa de desocupação, na semana de referência, das pessoas de 14 anos ou mais de idade",201612,out-nov-dez 2016,31.0
1,Brasil,1722,Ponto percentual,3.1,1,Brasil,8816,"Variação em relação ao mesmo trimestre móvel do ano anterior - Taxa de desocupação, na semana de referência, das pessoas de 14 anos ou mais de idade",201701,nov-dez-jan 2017,31.0
1,Brasil,1722,Ponto percentual,2.9,1,Brasil,8816,"Variação em relação ao mesmo trimestre móvel do ano anterior - Taxa de desocupação, na semana de referência, das pessoas de 14 anos ou mais de idade",201702,dez-jan-fev 2017,29.0
1,Brasil,1722,Ponto percentual,2.8,1,Brasil,8816,"Variação em relação ao mesmo trimestre móvel do ano anterior - Taxa de desocupação, na semana de referência, das pessoas de 14 anos ou mais de idade",201703,jan-fev-mar 2017,28.0
1,Brasil,1722,Ponto percentual,2.4,1,Brasil,8816,"Variação em relação ao mesmo trimestre móvel do ano anterior - Taxa de desocupação, na semana de referência, das pessoas de 14 anos ou mais de idade",201704,fev-mar-abr 2017,24.0
1,Brasil,1722,Ponto percentual,2.1,1,Brasil,8816,"Variação em relação ao mesmo trimestre móvel do ano anterior - Taxa de desocupação, na semana de referência, das pessoas de 14 anos ou mais de idade",201705,mar-abr-mai 2017,21.0
1,Brasil,1722,Ponto percentual,1.7,1,Brasil,8816,"Variação em relação ao mesmo trimestre móvel do ano anterior - Taxa de desocupação, na semana de referência, das pessoas de 14 anos ou mais de idade",201706,abr-mai-jun 2017,17.0
1,Brasil,1722,Ponto percentual,1.2,1,Brasil,8816,"Variação em relação ao mesmo trimestre móvel do ano anterior - Taxa de desocupação, na semana de referência, das pessoas de 14 anos ou mais de idade",201707,mai-jun-jul 2017,12.0
1,Brasil,1722,Ponto percentual,0.8,1,Brasil,8816,"Variação em relação ao mesmo trimestre móvel do ano anterior - Taxa de desocupação, na semana de referência, das pessoas de 14 anos ou mais de idade",201708,jun-jul-ago 2017,8.0
1,Brasil,1722,Ponto percentual,0.6,1,Brasil,8816,"Variação em relação ao mesmo trimestre móvel do ano anterior - Taxa de desocupação, na semana de referência, das pessoas de 14 anos ou mais de idade",201709,jul-ago-set 2017,6.0
1,Brasil,1722,Ponto percentual,0.4,1,Brasil,8816,"Variação em relação ao mesmo trimestre móvel do ano anterior - Taxa de desocupação, na semana de referência, das pessoas de 14 anos ou mais de idade",201710,ago-set-out 2017,4.0
1,Brasil,1722,Ponto percentual,0.2,1,Brasil,8816,"Variação em relação ao mesmo trimestre móvel do ano anterior - Taxa de desocupação, na semana de referência, das pessoas de 14 anos ou mais de idade",201711,set-out-nov 2017,2.0
1,Brasil,1722,Ponto percentual,-0.3,1,Brasil,8816,"Variação em relação ao mesmo trimestre móvel do ano anterior - Taxa de desocupação, na semana de referência, das pessoas de 14 anos ou mais de idade",201712,out-nov-dez 2017,-3.0
1,Brasil,1722,Ponto percentual,-0.4,1,Brasil,8816,"Variação em relação ao mesmo trimestre móvel do ano anterior - Taxa de desocupação, na semana de referência, das pessoas de 14 anos ou mais de idade",201801,nov-dez-jan 2018,-4.0
1,Brasil,1722,Ponto percentual,-0.6,1,Brasil,8816,"Variação em relação ao mesmo trimestre móvel do ano anterior - Taxa de desocupação, na semana de referência, das pessoas de 14 anos ou mais de idade",201802,dez-jan-fev 2018,-6.0
1,Brasil,1722,Ponto percentual,-0.6,1,Brasil,8816,"Variação em relação ao mesmo trimestre móvel do ano anterior - Taxa de desocupação, na semana de referência, das pessoas de 14 anos ou mais de idade",201803,jan-fev-mar 2018,-6.0
1,Brasil,1722,Ponto percentual,-0.7,1,Brasil,8816,"Variação em relação ao mesmo trimestre móvel do ano anterior - Taxa de desocupação, na semana de referência, das pessoas de 14 anos ou mais de idade",201804,fev-mar-abr 2018,-7.0
1,Brasil,1722,Ponto percentual,-0.6,1,Brasil,8816,"Variação em relação ao mesmo trimestre móvel do ano anterior - Taxa de desocupação, na semana de referência, das pessoas de 14 anos ou mais de idade",201805,mar-abr-mai 2018,-6.0
1,Brasil,1722,Ponto percentual,-0.5,1,Brasil,8816,"Variação em relação ao mesmo trimestre móvel do ano anterior - Taxa de desocupação, na semana de referência, das pessoas de 14 anos ou mais de idade",201806,abr-mai-jun 2018,-5.0
1,Brasil,1722,Ponto percentual,-0.5,1,Brasil,8816,"Variação em relação ao mesmo trimestre móvel do ano anterior - Taxa de desocupação, na semana de referência, das pessoas de 14 anos ou mais de idade",201807,mai-jun-jul 2018,-5.0
1,Brasil,1722,Ponto percentual,-0.4,1,Brasil,8816,"Variação em relação ao mesmo trimestre móvel do ano anterior - Taxa de desocupação, na semana de referência, das pessoas de 14 anos ou mais de idade",201808,jun-jul-ago 2018,-4.0
1,Brasil,1722,Ponto percentual,-0.5,1,Brasil,8816,"Variação em relação ao mesmo trimestre móvel do ano anterior - Taxa de desocupação, na semana de referência, das pessoas de 14 anos ou mais de idade",201809,jul-ago-set 2018,-5.0
1,Brasil,1722,Ponto percentual,-0.4,1,Brasil,8816,"Variação em relação ao mesmo trimestre móvel do ano anterior - Taxa de desocupação, na semana de referência, das pessoas de 14 anos ou mais de idade",201810,ago-set-out 2018,-4.0
1,Brasil,1722,Ponto percentual,-0.4,1,Brasil,8816,"Variação em relação ao mesmo trimestre móvel do ano anterior - Taxa de desocupação, na semana de referência, das pessoas de 14 anos ou mais de idade",201811,set-out-nov 2018,-4.0
1,Brasil,1722,Ponto percentual,-0.2,1,Brasil,8816,"Variação em relação ao mesmo trimestre móvel do ano anterior - Taxa de desocupação, na semana de referência, das pessoas de 14 anos ou mais de idade",201812,out-nov-dez 2018,-2.0
1,Brasil,1722,Ponto percentual,-0.1,1,Brasil,8816,"Variação em relação ao mesmo trimestre móvel do ano anterior - Taxa de desocupação, na semana de referência, das pessoas de 14 anos ou mais de idade",201901,nov-dez-jan 2019,-1.0
1,Brasil,1722,Ponto percentual,-0.1,1,Brasil,8816,"Variação em relação ao mesmo trimestre móvel do ano anterior - Taxa de desocupação, na semana de referência, das pessoas de 14 anos ou mais de idade",201902,dez-jan-fev 2019,-1.0
1,Brasil,1722,Ponto percentual,-0.4,1,Brasil,8816,"Variação em relação ao mesmo trimestre móvel do ano anterior - Taxa de desocupação, na semana de referência, das pessoas de 14 anos ou mais de idade",201903,jan-fev-mar 2019,-4.0
1,Brasil,1722,Ponto percentual,-0.4,1,Brasil,8816,"Variação em relação ao mesmo trimestre móvel do ano anterior - Taxa de desocupação, na semana de referência, das pessoas de 14 anos ou mais de idade",201904,fev-mar-abr 2019,-4.0
1,Brasil,1722,Ponto percentual,-0.4,1,Brasil,8816,"Variação em relação ao mesmo trimestre móvel do ano anterior - Taxa de desocupação, na semana de referência, das pessoas de 14 anos ou mais de idade",201905,mar-abr-mai 2019,-4.0
1,Brasil,1722,Ponto percentual,-0.4,1,Brasil,8816,"Variação em relação ao mesmo trimestre móvel do ano anterior - Taxa de desocupação, na semana de referência, das pessoas de 14 anos ou mais de idade",201906,abr-mai-jun 2019,-4.0
1,Brasil,1722,Ponto percentual,-0.5,1,Brasil,8816,"Variação em relação ao mesmo trimestre móvel do ano anterior - Taxa de desocupação, na semana de referência, das pessoas de 14 anos ou mais de idade",201907,mai-jun-jul 2019,-5.0
1,Brasil,1722,Ponto percentual,-0.3,1,Brasil,8816,"Variação em relação ao mesmo trimestre móvel do ano anterior - Taxa de desocupação, na semana de referência, das pessoas de 14 anos ou mais de idade",201908,jun-jul-ago 2019,-3.0
1,Brasil,1722,Ponto percentual,-0.1,1,Brasil,8816,"Variação em relação ao mesmo trimestre móvel do ano anterior - Taxa de desocupação, na semana de referência, das pessoas de 14 anos ou mais de idade",201909,jul-ago-set 2019,-1.0
1,Brasil,1722,Ponto percentual,-0.1,1,Brasil,8816,"Variação em relação ao mesmo trimestre móvel do ano anterior - Taxa de desocupação, na semana de referência, das pessoas de 14 anos ou mais de idade",201910,ago-set-out 2019,-1.0
1,Brasil,1722,Ponto percentual,-0.4,1,Brasil,8816,"Variação em relação ao mesmo trimestre móvel do ano anterior - Taxa de desocupação, na semana de referência, das pessoas de 14 anos ou mais de idade",201911,set-out-nov 2019,-4.0
1,Brasil,1722,Ponto percentual,-0.6,1,Brasil,8816,"Variação em relação ao mesmo trimestre móvel do ano anterior - Taxa de desocupação, na semana de referência, das pessoas de 14 anos ou mais de idade",201912,out-nov-dez 2019,-6.0
1,Brasil,1722,Ponto percentual,-0.8,1,Brasil,8816,"Variação em relação ao mesmo trimestre móvel do ano anterior - Taxa de desocupação, na semana de referência, das pessoas de 14 anos ou mais de idade",202001,nov-dez-jan 2020,-8.0
1,Brasil,1722,Ponto percentual,-0.8,1,Brasil,8816,"Variação em relação ao mesmo trimestre móvel do ano anterior - Taxa de desocupação, na semana de referência, das pessoas de 14 anos ou mais de idade",202002,dez-jan-fev 2020,-8.0
1,Brasil,1722,Ponto percentual,-0.5,1,Brasil,8816,"Variação em relação ao mesmo trimestre móvel do ano anterior - Taxa de desocupação, na semana de referência, das pessoas de 14 anos ou mais de idade",202003,jan-fev-mar 2020,-5.0
1,Brasil,1722,Ponto percentual,0.1,1,Brasil,8816,"Variação em relação ao mesmo trimestre móvel do ano anterior - Taxa de desocupação, na semana de referência, das pessoas de 14 anos ou mais de idade",202004,fev-mar-abr 2020,1.0
1,Brasil,1722,Ponto percentual,0.7,1,Brasil,8816,"Variação em relação ao mesmo trimestre móvel do ano anterior - Taxa de desocupação, na semana de referência, das pessoas de 14 anos ou mais de idade",202005,mar-abr-mai 2020,7.0
1,Brasil,1722,Ponto percentual,1.4,1,Brasil,8816,"Variação em relação ao mesmo trimestre móvel do ano anterior - Taxa de desocupação, na semana de referência, das pessoas de 14 anos ou mais de idade",202006,abr-mai-jun 2020,14.0
1,Brasil,1722,Ponto percentual,2.1,1,Brasil,8816,"Variação em relação ao mesmo trimestre móvel do ano anterior - Taxa de desocupação, na semana de referência, das pessoas de 14 anos ou mais de idade",202007,mai-jun-jul 2020,21.0
1,Brasil,1722,Ponto percentual,2.8,1,Brasil,8816,"Variação em relação ao mesmo trimestre móvel do ano anterior - Taxa de desocupação, na semana de referência, das pessoas de 14 anos ou mais de idade",202008,jun-jul-ago 2020,28.0
1,Brasil,1722,Ponto percentual,3.0,1,Brasil,8816,"Variação em relação ao mesmo trimestre móvel do ano anterior - Taxa de desocupação, na semana de referência, das pessoas de 14 anos ou mais de idade",202009,jul-ago-set 2020,30.0
1,Brasil,1722,Ponto percentual,2.8,1,Brasil,8816,"Variação em relação ao mesmo trimestre móvel do ano anterior - Taxa de desocupação, na semana de referência, das pessoas de 14 anos ou mais de idade",202010,ago-set-out 2020,28.0
1,Brasil,1722,Ponto percentual,3.1,1,Brasil,8816,"Variação em relação ao mesmo trimestre móvel do ano anterior - Taxa de desocupação, na semana de referência, das pessoas de 14 anos ou mais de idade",202011,set-out-nov 2020,31.0
1,Brasil,1722,Ponto percentual,3.1,1,Brasil,8816,"Variação em relação ao mesmo trimestre móvel do ano anterior - Taxa de desocupação, na semana de referência, das pessoas de 14 anos ou mais de idade",202012,out-nov-dez 2020,31.0
1,Brasil,1722,Ponto percentual,3.1,1,Brasil,8816,"Variação em relação ao mesmo trimestre móvel do ano anterior - Taxa de desocupação, na semana de referência, das pessoas de 14 anos ou mais de idade",202101,nov-dez-jan 2021,31.0
1,Brasil,1722,Ponto percentual,2.8,1,Brasil,8816,"Variação em relação ao mesmo trimestre móvel do ano anterior - Taxa de desocupação, na semana de referência, das pessoas de 14 anos ou mais de idade",202102,dez-jan-fev 2021,28.0
1,Brasil,1722,Ponto percentual,2.5,1,Brasil,8816,"Variação em relação ao mesmo trimestre móvel do ano anterior - Taxa de desocupação, na semana de referência, das pessoas de 14 anos ou mais de idade",202103,jan-fev-mar 2021,25.0
1,Brasil,1722,Ponto percentual,2.1,1,Brasil,8816,"Variação em relação ao mesmo trimestre móvel do ano anterior - Taxa de desocupação, na semana de referência, das pessoas de 14 anos ou mais de idade",202104,fev-mar-abr 2021,21.0
1,Brasil,1722,Ponto percentual,1.6,1,Brasil,8816,"Variação em relação ao mesmo trimestre móvel do ano anterior - Taxa de desocupação, na semana de referência, das pessoas de 14 anos ou mais de idade",202105,mar-abr-mai 2021,16.0
1,Brasil,1722,Ponto percentual,0.7,1,Brasil,8816,"Variação em relação ao mesmo trimestre móvel do ano anterior - Taxa de desocupação, na semana de referência, das pessoas de 14 anos ou mais de idade",202106,abr-mai-jun 2021,7.0
1,Brasil,1722,Ponto percentual,-0.4,1,Brasil,8816,"Variação em relação ao mesmo trimestre móvel do ano anterior - Taxa de desocupação, na semana de referência, das pessoas de 14 anos ou mais de idade",202107,mai-jun-jul 2021,-4.0
1,Brasil,1722,Ponto percentual,-1.6,1,Brasil,8816,"Variação em relação ao mesmo trimestre móvel do ano anterior - Taxa de desocupação, na semana de referência, das pessoas de 14 anos ou mais de idade",202108,jun-jul-ago 2021,-16.0
1,Brasil,1722,Ponto percentual,-2.2,1,Brasil,8816,"Variação em relação ao mesmo trimestre móvel do ano anterior - Taxa de desocupação, na semana de referência, das pessoas de 14 anos ou mais de idade",202109,jul-ago-set 2021,-22.0
1,Brasil,1722,Ponto percentual,-2.5,1,Brasil,8816,"Variação em relação ao mesmo trimestre móvel do ano anterior - Taxa de desocupação, na semana de referência, das pessoas de 14 anos ou mais de idade",202110,ago-set-out 2021,-25.0
1,Brasil,1722,Ponto percentual,-2.8,1,Brasil,8816,"Variação em relação ao mesmo trimestre móvel do ano anterior - Taxa de desocupação, na semana de referência, das pessoas de 14 anos ou mais de idade",202111,set-out-nov 2021,-28.0
1,Brasil,1722,Ponto percentual,-3.0,1,Brasil,8816,"Variação em relação ao mesmo trimestre móvel do ano anterior - Taxa de desocupação, na semana de referência, das pessoas de 14 anos ou mais de idade",202112,out-nov-dez 2021,-30.0
1,Brasil,1722,Ponto percentual,-3.2,1,Brasil,8816,"Variação em relação ao mesmo trimestre móvel do ano anterior - Taxa de desocupação, na semana de referência, das pessoas de 14 anos ou mais de idade",202201,nov-dez-jan 2022,-32.0
1,Brasil,1722,Ponto percentual,-3.4,1,Brasil,8816,"Variação em relação ao mesmo trimestre móvel do ano anterior - Taxa de desocupação, na semana de referência, das pessoas de 14 anos ou mais de idade",202202,dez-jan-fev 2022,-34.0
1,Brasil,1722,Ponto percentual,-3.8,1,Brasil,8816,"Variação em relação ao mesmo trimestre móvel do ano anterior - Taxa de desocupação, na semana de referência, das pessoas de 14 anos ou mais de idade",202203,jan-fev-mar 2022,-38.0
1,Brasil,1722,Ponto percentual,-4.3,1,Brasil,8816,"Variação em relação ao mesmo trimestre móvel do ano anterior - Taxa de desocupação, na semana de referência, das pessoas de 14 anos ou mais de idade",202204,fev-mar-abr 2022,-43.0
1,Brasil,1722,Ponto percentual,-4.9,1,Brasil,8816,"Variação em relação ao mesmo trimestre móvel do ano anterior - Taxa de desocupação, na semana de referência, das pessoas de 14 anos ou mais de idade",202205,mar-abr-mai 2022,-49.0
1,Brasil,1722,Ponto percentual,-4.9,1,Brasil,8816,"Variação em relação ao mesmo trimestre móvel do ano anterior - Taxa de desocupação, na semana de referência, das pessoas de 14 anos ou mais de idade",202206,abr-mai-jun 2022,-49.0
1,Brasil,1722,Ponto percentual,-4.6,1,Brasil,8816,"Variação em relação ao mesmo trimestre móvel do ano anterior - Taxa de desocupação, na semana de referência, das pessoas de 14 anos ou mais de idade",202207,mai-jun-jul 2022,-46.0
1,Brasil,1722,Ponto percentual,-4.2,1,Brasil,8816,"Variação em relação ao mesmo trimestre móvel do ano anterior - Taxa de desocupação, na semana de referência, das pessoas de 14 anos ou mais de idade",202208,jun-jul-ago 2022,-42.0
1,Brasil,1722,Ponto percentual,-4.0,1,Brasil,8816,"Variação em relação ao mesmo trimestre móvel do ano anterior - Taxa de desocupação, na semana de referência, das pessoas de 14 anos ou mais de idade",202209,jul-ago-set 2022,-40.0
1,Brasil,1722,Ponto percentual,-3.8,1,Brasil,8816,"Variação em relação ao mesmo trimestre móvel do ano anterior - Taxa de desocupação, na semana de referência, das pessoas de 14 anos ou mais de idade",202210,ago-set-out 2022,-38.0
1,Brasil,1722,Ponto percentual,-3.5,1,Brasil,8816,"Variação em relação ao mesmo trimestre móvel do ano anterior - Taxa de desocupação, na semana de referência, das pessoas de 14 anos ou mais de idade",202211,set-out-nov 2022,-35.0
1,Brasil,1722,Ponto percentual,-3.2,1,Brasil,8816,"Variação em relação ao mesmo trimestre móvel do ano anterior - Taxa de desocupação, na semana de referência, das pessoas de 14 anos ou mais de idade",202212,out-nov-dez 2022,-32.0
1,Brasil,1722,Ponto percentual,-2.9,1,Brasil,8816,"Variação em relação ao mesmo trimestre móvel do ano anterior - Taxa de desocupação, na semana de referência, das pessoas de 14 anos ou mais de idade",202301,nov-dez-jan 2023,-29.0
1,Brasil,1722,Ponto percentual,-2.6,1,Brasil,8816,"Variação em relação ao mesmo trimestre móvel do ano anterior - Taxa de desocupação, na semana de referência, das pessoas de 14 anos ou mais de idade",202302,dez-jan-fev 2023,-26.0
1,Brasil,1722,Ponto percentual,-2.4,1,Brasil,8816,"Variação em relação ao mesmo trimestre móvel do ano anterior - Taxa de desocupação, na semana de referência, das pessoas de 14 anos ou mais de idade",202303,jan-fev-mar 2023,-24.0
1,Brasil,1722,Ponto percentual,-2.0,1,Brasil,8816,"Variação em relação ao mesmo trimestre móvel do ano anterior - Taxa de desocupação, na semana de referência, das pessoas de 14 anos ou mais de idade",202304,fev-mar-abr 2023,-20.0
1,Brasil,1722,Ponto percentual,-1.5,1,Brasil,8816,"Variação em relação ao mesmo trimestre móvel do ano anterior - Taxa de desocupação, na semana de referência, das pessoas de 14 anos ou mais de idade",202305,mar-abr-mai 2023,-15.0
1,Brasil,1722,Ponto percentual,-1.3,1,Brasil,8816,"Variação em relação ao mesmo trimestre móvel do ano anterior - Taxa de desocupação, na semana de referência, das pessoas de 14 anos ou mais de idade",202306,abr-mai-jun 2023,-13.0
1,Brasil,1722,Ponto percentual,-1.2,1,Brasil,8816,"Variação em relação ao mesmo trimestre móvel do ano anterior - Taxa de desocupação, na semana de referência, das pessoas de 14 anos ou mais de idade",202307,mai-jun-jul 2023,-12.0
1,Brasil,1722,Ponto percentual,-1.1,1,Brasil,8816,"Variação em relação ao mesmo trimestre móvel do ano anterior - Taxa de desocupação, na semana de referência, das pessoas de 14 anos ou mais de idade",202308,jun-jul-ago 2023,-11.0
1,Brasil,1722,Ponto percentual,-1.0,1,Brasil,8816,"Variação em relação ao mesmo trimestre móvel do ano anterior - Taxa de desocupação, na semana de referência, das pessoas de 14 anos ou mais de idade",202309,jul-ago-set 2023,-10.0
1,Brasil,1722,Ponto percentual,-0.7,1,Brasil,8816,"Variação em relação ao mesmo trimestre móvel do ano anterior - Taxa de desocupação, na semana de referência, das pessoas de 14 anos ou mais de idade",202310,ago-set-out 2023,-7.0
1,Brasil,1722,Ponto percentual,-0.5,1,Brasil,8816,"Variação em relação ao mesmo trimestre móvel do ano anterior - Taxa de desocupação, na semana de referência, das pessoas de 14 anos ou mais de idade",202311,set-out-nov 2023,-5.0
1,Brasil,1722,Ponto percentual,-0.5,1,Brasil,8816,"Variação em relação ao mesmo trimestre móvel do ano anterior - Taxa de desocupação, na semana de referência, das pessoas de 14 anos ou mais de idade",202312,out-nov-dez 2023,-5.0
1,Brasil,1722,Ponto percentual,-0.7,1,Brasil,8816,"Variação em relação ao mesmo trimestre móvel do ano anterior - Taxa de desocupação, na semana de referência, das pessoas de 14 anos ou mais de idade",202401,nov-dez-jan 2024,-7.0
1,Brasil,1722,Ponto percentual,-0.7,1,Brasil,8816,"Variação em relação ao mesmo trimestre móvel do ano anterior - Taxa de desocupação, na semana de referência, das pessoas de 14 anos ou mais de idade",202402,dez-jan-fev 2024,-7.0
1,Brasil,1722,Ponto percentual,-0.9,1,Brasil,8816,"Variação em relação ao mesmo trimestre móvel do ano anterior - Taxa de desocupação, na semana de referência, das pessoas de 14 anos ou mais de idade",202403,jan-fev-mar 2024,-9.0
1,Brasil,1722,Ponto percentual,-1.0,1,Brasil,8816,"Variação em relação ao mesmo trimestre móvel do ano anterior - Taxa de desocupação, na semana de referência, das pessoas de 14 anos ou mais de idade",202404,fev-mar-abr 2024,-10.0
1,Brasil,1722,Ponto percentual,-1.2,1,Brasil,8816,"Variação em relação ao mesmo trimestre móvel do ano anterior - Taxa de desocupação, na semana de referência, das pessoas de 14 anos ou mais de idade",202405,mar-abr-mai 2024,-12.0
1,Brasil,1722,Ponto percentual,-1.1,1,Brasil,8816,"Variação em relação ao mesmo trimestre móvel do ano anterior - Taxa de desocupação, na semana de referência, das pessoas de 14 anos ou mais de idade",202406,abr-mai-jun 2024,-11.0
1,Brasil,1722,Ponto percentual,-1.1,1,Brasil,8816,"Variação em relação ao mesmo trimestre móvel do ano anterior - Taxa de desocupação, na semana de referência, das pessoas de 14 anos ou mais de idade",202407,mai-jun-jul 2024,-11.0
1,Brasil,1722,Ponto percentual,-1.2,1,Brasil,8816,"Variação em relação ao mesmo trimestre móvel do ano anterior - Taxa de desocupação, na semana de referência, das pessoas de 14 anos ou mais de idade",202408,jun-jul-ago 2024,-12.0
1,Brasil,1722,Ponto percentual,-1.3,1,Brasil,8816,"Variação em relação ao mesmo trimestre móvel do ano anterior - Taxa de desocupação, na semana de referência, das pessoas de 14 anos ou mais de idade",202409,jul-ago-set 2024,-13.0
1,Brasil,1722,Ponto percentual,-1.4,1,Brasil,8816,"Variação em relação ao mesmo trimestre móvel do ano anterior - Taxa de desocupação, na semana de referência, das pessoas de 14 anos ou mais de idade",202410,ago-set-out 2024,-14.0
1,Brasil,1722,Ponto percentual,-1.4,1,Brasil,8816,"Variação em relação ao mesmo trimestre móvel do ano anterior - Taxa de desocupação, na semana de referência, das pessoas de 14 anos ou mais de idade",202411,set-out-nov 2024,-14.0
1,Brasil,1722,Ponto percentual,-1.2,1,Brasil,8816,"Variação em relação ao mesmo trimestre móvel do ano anterior - Taxa de desocupação, na semana de referência, das pessoas de 14 anos ou mais de idade",202412,out-nov-dez 2024,-12.0
1,Brasil,1722,Ponto percentual,-1.1,1,Brasil,8816,"Variação em relação ao mesmo trimestre móvel do ano anterior - Taxa de desocupação, na semana de referência, das pessoas de 14 anos ou mais de idade",202501,nov-dez-jan 2025,-11.0
1,Brasil,1722,Ponto percentual,-1.1,1,Brasil,8816,"Variação em relação ao mesmo trimestre móvel do ano anterior - Taxa de desocupação, na semana de referência, das pessoas de 14 anos ou mais de idade",202502,dez-jan-fev 2025,-11.0
1,Brasil,1722,Ponto percentual,-0.9,1,Brasil,8816,"Variação em relação ao mesmo trimestre móvel do ano anterior - Taxa de desocupação, na semana de referência, das pessoas de 14 anos ou mais de idade",202503,jan-fev-mar 2025,-9.0
1,Brasil,1722,Ponto percentual,-0.9,1,Brasil,8816,"Variação em relação ao mesmo trimestre móvel do ano anterior - Taxa de desocupação, na semana de referência, das pessoas de 14 anos ou mais de idade",202504,fev-mar-abr 2025,-9.0
1,Brasil,1722,Ponto percentual,-1.0,1,Brasil,8816,"Variação em relação ao mesmo trimestre móvel do ano anterior - Taxa de desocupação, na semana de referência, das pessoas de 14 anos ou mais de idade",202505,mar-abr-mai 2025,-10.0
1,Brasil,1722,Ponto percentual,-1.1,1,Brasil,8816,"Variação em relação ao mesmo trimestre móvel do ano anterior - Taxa de desocupação, na semana de referência, das pessoas de 14 anos ou mais de idade",202506,abr-mai-jun 2025,-11.0
1,Brasil,1722,Ponto percentual,-1.1,1,Brasil,8816,"Variação em relação ao mesmo trimestre móvel do ano anterior - Taxa de desocupação, na semana de referência, das pessoas de 14 anos ou mais de idade",202507,mai-jun-jul 2025,-11.0
1,Brasil,1722,Ponto percentual,-1.0,1,Brasil,8816,"Variação em relação ao mesmo trimestre móvel do ano anterior - Taxa de desocupação, na semana de referência, das pessoas de 14 anos ou mais de idade",202508,jun-jul-ago 2025,-10.0
1,Brasil,1722,Ponto percentual,-0.8,1,Brasil,8816,"Variação em relação ao mesmo trimestre móvel do ano anterior - Taxa de desocupação, na semana de referência, das pessoas de 14 anos ou mais de idade",202509,jul-ago-set 2025,-8.0
1,Brasil,1722,Ponto percentual,-0.7,1,Brasil,8816,"Variação em relação ao mesmo trimestre móvel do ano anterior - Taxa de desocupação, na semana de referência, das pessoas de 14 anos ou mais de idade",202510,ago-set-out 2025,-7.0
1,Brasil,1722,Ponto percentual,-0.9,1,Brasil,8816,"Variação em relação ao mesmo trimestre móvel do ano anterior - Taxa de desocupação, na semana de referência, das pessoas de 14 anos ou mais de idade",202511,set-out-nov 2025,-9.0
1,Brasil,1722,Ponto percentual,-1.1,1,Brasil,8816,"Variação em relação ao mesmo trimestre móvel do ano anterior - Taxa de desocupação, na semana de referência, das pessoas de 14 anos ou mais de idade",202512,out-nov-dez 2025,-11.0
1,Brasil,1722,Ponto percentual,-1.1,1,Brasil,8816,"Variação em relação ao mesmo trimestre móvel do ano anterior - Taxa de desocupação, na semana de referência, das pessoas de 14 anos ou mais de idade",202601,nov-dez-jan 2026,-11.0
1,Brasil,1722,Ponto percentual,-1.0,1,Brasil,8816,"Variação em relação ao mesmo trimestre móvel do ano anterior - Taxa de desocupação, na semana de referência, das pessoas de 14 anos ou mais de idade",202602,dez-jan-fev 2026,-10.0
1,Brasil,1722,Ponto percentual,-0.9,1,Brasil,8816,"Variação em relação ao mesmo trimestre móvel do ano anterior - Taxa de desocupação, na semana de referência, das pessoas de 14 anos ou mais de idade",202603,jan-fev-mar 2026,-9.0
1,Brasil,1722,Ponto percentual,-0.8,1,Brasil,8816,"Variação em relação ao mesmo trimestre móvel do ano anterior - Taxa de desocupação, na semana de referência, das pessoas de 14 anos ou mais de idade",202604,fev-mar-abr 2026,-8.0
1,Brasil,1722,Ponto percentual,-0.6,1,Brasil,8816,"Variação em relação ao mesmo trimestre móvel do ano anterior - Taxa de desocupação, na semana de referência, das pessoas de 14 anos ou mais de idade",202605,mar-abr-mai 2026,-6.0
1,Brasil,1722,Ponto percentual,-0.4,1,Brasil,8816,"Variação em relação ao mesmo trimestre móvel do ano anterior - Taxa de desocupação, na semana de referência, das pessoas de 14 anos ou mais de idade",202606,abr-mai-jun 2026,-4.0
1,Brasil,,,...,1,Brasil,8819,"Situação da Variação em relação ao mesmo trimestre móvel do ano anterior - Taxa de desocupação, na semana de referência, das pessoas de 14 anos ou mais de idade",201203,jan-fev-mar 2012,
1,Brasil,,,...,1,Brasil,8819,"Situação da Variação em relação ao mesmo trimestre móvel do ano anterior - Taxa de desocupação, na semana de referência, das pessoas de 14 anos ou mais de idade",201204,fev-mar-abr 2012,
1,Brasil,,,...,1,Brasil,8819,"Situação da Variação em relação ao mesmo trimestre móvel do ano anterior - Taxa de desocupação, na semana de referência, das pessoas de 14 anos ou mais de idade",201205,mar-abr-mai 2012,
1,Brasil,,,...,1,Brasil,8819,"Situação da Variação em relação ao mesmo trimestre móvel do ano anterior - Taxa de desocupação, na semana de referência, das pessoas de 14 anos ou mais de idade",201206,abr-mai-jun 2012,
1,Brasil,,,...,1,Brasil,8819,"Situação da Variação em relação ao mesmo trimestre móvel do ano anterior - Taxa de desocupação, na semana de referência, das pessoas de 14 anos ou mais de idade",201207,mai-jun-jul 2012,
1,Brasil,,,...,1,Brasil,8819,"Situação da Variação em relação ao mesmo trimestre móvel do ano anterior - Taxa de desocupação, na semana de referência, das pessoas de 14 anos ou mais de idade",201208,jun-jul-ago 2012,
1,Brasil,,,...,1,Brasil,8819,"Situação da Variação em relação ao mesmo trimestre móvel do ano anterior - Taxa de desocupação, na semana de referência, das pessoas de 14 anos ou mais de idade",201209,jul-ago-set 2012,
1,Brasil,,,...,1,Brasil,8819,"Situação da Variação em relação ao mesmo trimestre móvel do ano anterior - Taxa de desocupação, na semana de referência, das pessoas de 14 anos ou mais de idade",201210,ago-set-out 2012,
1,Brasil,,,...,1,Brasil,8819,"Situação da Variação em relação ao mesmo trimestre móvel do ano anterior - Taxa de desocupação, na semana de referência, das pessoas de 14 anos ou mais de idade",201211,set-out-nov 2012,
1,Brasil,,,...,1,Brasil,8819,"Situação da Variação em relação ao mesmo trimestre móvel do ano anterior - Taxa de desocupação, na semana de referência, das pessoas de 14 anos ou mais de idade",201212,out-nov-dez 2012,
1,Brasil,,,...,1,Brasil,8819,"Situação da Variação em relação ao mesmo trimestre móvel do ano anterior - Taxa de desocupação, na semana de referência, das pessoas de 14 anos ou mais de idade",201301,nov-dez-jan 2013,
1,Brasil,,,...,1,Brasil,8819,"Situação da Variação em relação ao mesmo trimestre móvel do ano anterior - Taxa de desocupação, na semana de referência, das pessoas de 14 anos ou mais de idade",201302,dez-jan-fev 2013,
1,Brasil,1694,Nenhuma,A,1,Brasil,8819,"Situação da Variação em relação ao mesmo trimestre móvel do ano anterior - Taxa de desocupação, na semana de referência, das pessoas de 14 anos ou mais de idade",201303,jan-fev-mar 2013,
1,Brasil,1694,Nenhuma,A,1,Brasil,8819,"Situação da Variação em relação ao mesmo trimestre móvel do ano anterior - Taxa de desocupação, na semana de referência, das pessoas de 14 anos ou mais de idade",201304,fev-mar-abr 2013,
1,Brasil,1694,Nenhuma,A,1,Brasil,8819,"Situação da Variação em relação ao mesmo trimestre móvel do ano anterior - Taxa de desocupação, na semana de referência, das pessoas de 14 anos ou mais de idade",201305,mar-abr-mai 2013,
1,Brasil,1694,Nenhuma,A,1,Brasil,8819,"Situação da Variação em relação ao mesmo trimestre móvel do ano anterior - Taxa de desocupação, na semana de referência, das pessoas de 14 anos ou mais de idade",201306,abr-mai-jun 2013,
1,Brasil,1694,Nenhuma,A,1,Brasil,8819,"Situação da Variação em relação ao mesmo trimestre móvel do ano anterior - Taxa de desocupação, na semana de referência, das pessoas de 14 anos ou mais de idade",201307,mai-jun-jul 2013,
1,Brasil,1694,Nenhuma,A,1,Brasil,8819,"Situação da Variação em relação ao mesmo trimestre móvel do ano anterior - Taxa de desocupação, na semana de referência, das pessoas de 14 anos ou mais de idade",201308,jun-jul-ago 2013,
1,Brasil,1694,Nenhuma,A,1,Brasil,8819,"Situação da Variação em relação ao mesmo trimestre móvel do ano anterior - Taxa de desocupação, na semana de referência, das pessoas de 14 anos ou mais de idade",201309,jul-ago-set 2013,
1,Brasil,1694,Nenhuma,A,1,Brasil,8819,"Situação da Variação em relação ao mesmo trimestre móvel do ano anterior - Taxa de desocupação, na semana de referência, das pessoas de 14 anos ou mais de idade",201310,ago-set-out 2013,
1,Brasil,1694,Nenhuma,Z,1,Brasil,8819,"Situação da Variação em relação ao mesmo trimestre móvel do ano anterior - Taxa de desocupação, na semana de referência, das pessoas de 14 anos ou mais de idade",201311,set-out-nov 2013,
1,Brasil,1694,Nenhuma,Z,1,Brasil,8819,"Situação da Variação em relação ao mesmo trimestre móvel do ano anterior - Taxa de desocupação, na semana de referência, das pessoas de 14 anos ou mais de idade",201312,out-nov-dez 2013,
1,Brasil,1694,Nenhuma,Z,1,Brasil,8819,"Situação da Variação em relação ao mesmo trimestre móvel do ano anterior - Taxa de desocupação, na semana de referência, das pessoas de 14 anos ou mais de idade",201401,nov-dez-jan 2014,
1,Brasil,1694,Nenhuma,Z,1,Brasil,8819,"Situação da Variação em relação ao mesmo trimestre móvel do ano anterior - Taxa de desocupação, na semana de referência, das pessoas de 14 anos ou mais de idade",201402,dez-jan-fev 2014,
1,Brasil,1694,Nenhuma,Z,1,Brasil,8819,"Situação da Variação em relação ao mesmo trimestre móvel do ano anterior - Taxa de desocupação, na semana de referência, das pessoas de 14 anos ou mais de idade",201403,jan-fev-mar 2014,
1,Brasil,1694,Nenhuma,Z,1,Brasil,8819,"Situação da Variação em relação ao mesmo trimestre móvel do ano anterior - Taxa de desocupação, na semana de referência, das pessoas de 14 anos ou mais de idade",201404,fev-mar-abr 2014,
1,Brasil,1694,Nenhuma,Z,1,Brasil,8819,"Situação da Variação em relação ao mesmo trimestre móvel do ano anterior - Taxa de desocupação, na semana de referência, das pessoas de 14 anos ou mais de idade",201405,mar-abr-mai 2014,
1,Brasil,1694,Nenhuma,Z,1,Brasil,8819,"Situação da Variação em relação ao mesmo trimestre móvel do ano anterior - Taxa de desocupação, na semana de referência, das pessoas de 14 anos ou mais de idade",201406,abr-mai-jun 2014,
1,Brasil,1694,Nenhuma,Z,1,Brasil,8819,"Situação da Variação em relação ao mesmo trimestre móvel do ano anterior - Taxa de desocupação, na semana de referência, das pessoas de 14 anos ou mais de idade",201407,mai-jun-jul 2014,
1,Brasil,1694,Nenhuma,Z,1,Brasil,8819,"Situação da Variação em relação ao mesmo trimestre móvel do ano anterior - Taxa de desocupação, na semana de referência, das pessoas de 14 anos ou mais de idade",201408,jun-jul-ago 2014,
1,Brasil,1694,Nenhuma,A,1,Brasil,8819,"Situação da Variação em relação ao mesmo trimestre móvel do ano anterior - Taxa de desocupação, na semana de referência, das pessoas de 14 anos ou mais de idade",201409,jul-ago-set 2014,
1,Brasil,1694,Nenhuma,A,1,Brasil,8819,"Situação da Variação em relação ao mesmo trimestre móvel do ano anterior - Taxa de desocupação, na semana de referência, das pessoas de 14 anos ou mais de idade",201410,ago-set-out 2014,
1,Brasil,1694,Nenhuma,A,1,Brasil,8819,"Situação da Variação em relação ao mesmo trimestre móvel do ano anterior - Taxa de desocupação, na semana de referência, das pessoas de 14 anos ou mais de idade",201411,set-out-nov 2014,
1,Brasil,1694,Nenhuma,Z,1,Brasil,8819,"Situação da Variação em relação ao mesmo trimestre móvel do ano anterior - Taxa de desocupação, na semana de referência, das pessoas de 14 anos ou mais de idade",201412,out-nov-dez 2014,
1,Brasil,1694,Nenhuma,Z,1,Brasil,8819,"Situação da Variação em relação ao mesmo trimestre móvel do ano anterior - Taxa de desocupação, na semana de referência, das pessoas de 14 anos ou mais de idade",201501,nov-dez-jan 2015,
1,Brasil,1694,Nenhuma,Z,1,Brasil,8819,"Situação da Variação em relação ao mesmo trimestre móvel do ano anterior - Taxa de desocupação, na semana de referência, das pessoas de 14 anos ou mais de idade",201502,dez-jan-fev 2015,
1,Brasil,1694,Nenhuma,Z,1,Brasil,8819,"Situação da Variação em relação ao mesmo trimestre móvel do ano anterior - Taxa de desocupação, na semana de referência, das pessoas de 14 anos ou mais de idade",201503,jan-fev-mar 2015,
1,Brasil,1694,Nenhuma,Z,1,Brasil,8819,"Situação da Variação em relação ao mesmo trimestre móvel do ano anterior - Taxa de desocupação, na semana de referência, das pessoas de 14 anos ou mais de idade",201504,fev-mar-abr 2015,
1,Brasil,1694,Nenhuma,Z,1,Brasil,8819,"Situação da Variação em relação ao mesmo trimestre móvel do ano anterior - Taxa de desocupação, na semana de referência, das pessoas de 14 anos ou mais de idade",201505,mar-abr-mai 2015,
1,Brasil,1694,Nenhuma,Z,1,Brasil,8819,"Situação da Variação em relação ao mesmo trimestre móvel do ano anterior - Taxa de desocupação, na semana de referência, das pessoas de 14 anos ou mais de idade",201506,abr-mai-jun 2015,
1,Brasil,1694,Nenhuma,Z,1,Brasil,8819,"Situação da Variação em relação ao mesmo trimestre móvel do ano anterior - Taxa de desocupação, na semana de referência, das pessoas de 14 anos ou mais de idade",201507,mai-jun-jul 2015,
1,Brasil,1694,Nenhuma,Z,1,Brasil,8819,"Situação da Variação em relação ao mesmo trimestre móvel do ano anterior - Taxa de desocupação, na semana de referência, das pessoas de 14 anos ou mais de idade",201508,jun-jul-ago 2015,
1,Brasil,1694,Nenhuma,Z,1,Brasil,8819,"Situação da Variação em relação ao mesmo trimestre móvel do ano anterior - Taxa de desocupação, na semana de referência, das pessoas de 14 anos ou mais de idade",201509,jul-ago-set 2015,
1,Brasil,1694,Nenhuma,Z,1,Brasil,8819,"Situação da Variação em relação ao mesmo trimestre móvel do ano anterior - Taxa de desocupação, na semana de referência, das pessoas de 14 anos ou mais de idade",201510,ago-set-out 2015,
1,Brasil,1694,Nenhuma,Z,1,Brasil,8819,"Situação da Variação em relação ao mesmo trimestre móvel do ano anterior - Taxa de desocupação, na semana de referência, das pessoas de 14 anos ou mais de idade",201511,set-out-nov 2015,
1,Brasil,1694,Nenhuma,Z,1,Brasil,8819,"Situação da Variação em relação ao mesmo trimestre móvel do ano anterior - Taxa de desocupação, na semana de referência, das pessoas de 14 anos ou mais de idade",201512,out-nov-dez 2015,
1,Brasil,1694,Nenhuma,Z,1,Brasil,8819,"Situação da Variação em relação ao mesmo trimestre móvel do ano anterior - Taxa de desocupação, na semana de referência, das pessoas de 14 anos ou mais de idade",201601,nov-dez-jan 2016,
1,Brasil,1694,Nenhuma,Z,1,Brasil,8819,"Situação da Variação em relação ao mesmo trimestre móvel do ano anterior - Taxa de desocupação, na semana de referência, das pessoas de 14 anos ou mais de idade",201602,dez-jan-fev 2016,
1,Brasil,1694,Nenhuma,Z,1,Brasil,8819,"Situação da Variação em relação ao mesmo trimestre móvel do ano anterior - Taxa de desocupação, na semana de referência, das pessoas de 14 anos ou mais de idade",201603,jan-fev-mar 2016,
1,Brasil,1694,Nenhuma,Z,1,Brasil,8819,"Situação da Variação em relação ao mesmo trimestre móvel do ano anterior - Taxa de desocupação, na semana de referência, das pessoas de 14 anos ou mais de idade",201604,fev-mar-abr 2016,
1,Brasil,1694,Nenhuma,Z,1,Brasil,8819,"Situação da Variação em relação ao mesmo trimestre móvel do ano anterior - Taxa de desocupação, na semana de referência, das pessoas de 14 anos ou mais de idade",201605,mar-abr-mai 2016,
1,Brasil,1694,Nenhuma,Z,1,Brasil,8819,"Situação da Variação em relação ao mesmo trimestre móvel do ano anterior - Taxa de desocupação, na semana de referência, das pessoas de 14 anos ou mais de idade",201606,abr-mai-jun 2016,
1,Brasil,1694,Nenhuma,Z,1,Brasil,8819,"Situação da Variação em relação ao mesmo trimestre móvel do ano anterior - Taxa de desocupação, na semana de referência, das pessoas de 14 anos ou mais de idade",201607,mai-jun-jul 2016,
1,Brasil,1694,Nenhuma,Z,1,Brasil,8819,"Situação da Variação em relação ao mesmo trimestre móvel do ano anterior - Taxa de desocupação, na semana de referência, das pessoas de 14 anos ou mais de idade",201608,jun-jul-ago 2016,
1,Brasil,1694,Nenhuma,Z,1,Brasil,8819,"Situação da Variação em relação ao mesmo trimestre móvel do ano anterior - Taxa de desocupação, na semana de referência, das pessoas de 14 anos ou mais de idade",201609,jul-ago-set 2016,
1,Brasil,1694,Nenhuma,Z,1,Brasil,8819,"Situação da Variação em relação ao mesmo trimestre móvel do ano anterior - Taxa de desocupação, na semana de referência, das pessoas de 14 anos ou mais de idade",201610,ago-set-out 2016,
1,Brasil,1694,Nenhuma,Z,1,Brasil,8819,"Situação da Variação em relação ao mesmo trimestre móvel do ano anterior - Taxa de desocupação, na semana de referência, das pessoas de 14 anos ou mais de idade",201611,set-out-nov 2016,
1,Brasil,1694,Nenhuma,Z,1,Brasil,8819,"Situação da Variação em relação ao mesmo trimestre móvel do ano anterior - Taxa de desocupação, na semana de referência, das pessoas de 14 anos ou mais de idade",201612,out-nov-dez 2016,
1,Brasil,1694,Nenhuma,Z,1,Brasil,8819,"Situação da Variação em relação ao mesmo trimestre móvel do ano anterior - Taxa de desocupação, na semana de referência, das pessoas de 14 anos ou mais de idade",201701,nov-dez-jan 2017,
1,Brasil,1694,Nenhuma,Z,1,Brasil,8819,"Situação da Variação em relação ao mesmo trimestre móvel do ano anterior - Taxa de desocupação, na semana de referência, das pessoas de 14 anos ou mais de idade",201702,dez-jan-fev 2017,
1,Brasil,1694,Nenhuma,Z,1,Brasil,8819,"Situação da Variação em relação ao mesmo trimestre móvel do ano anterior - Taxa de desocupação, na semana de referência, das pessoas de 14 anos ou mais de idade",201703,jan-fev-mar 2017,
1,Brasil,1694,Nenhuma,Z,1,Brasil,8819,"Situação da Variação em relação ao mesmo trimestre móvel do ano anterior - Taxa de desocupação, na semana de referência, das pessoas de 14 anos ou mais de idade",201704,fev-mar-abr 2017,
1,Brasil,1694,Nenhuma,Z,1,Brasil,8819,"Situação da Variação em relação ao mesmo trimestre móvel do ano anterior - Taxa de desocupação, na semana de referência, das pessoas de 14 anos ou mais de idade",201705,mar-abr-mai 2017,
1,Brasil,1694,Nenhuma,Z,1,Brasil,8819,"Situação da Variação em relação ao mesmo trimestre móvel do ano anterior - Taxa de desocupação, na semana de referência, das pessoas de 14 anos ou mais de idade",201706,abr-mai-jun 2017,
1,Brasil,1694,Nenhuma,Z,1,Brasil,8819,"Situação da Variação em relação ao mesmo trimestre móvel do ano anterior - Taxa de desocupação, na semana de referência, das pessoas de 14 anos ou mais de idade",201707,mai-jun-jul 2017,
1,Brasil,1694,Nenhuma,Z,1,Brasil,8819,"Situação da Variação em relação ao mesmo trimestre móvel do ano anterior - Taxa de desocupação, na semana de referência, das pessoas de 14 anos ou mais de idade",201708,jun-jul-ago 2017,
1,Brasil,1694,Nenhuma,Z,1,Brasil,8819,"Situação da Variação em relação ao mesmo trimestre móvel do ano anterior - Taxa de desocupação, na semana de referência, das pessoas de 14 anos ou mais de idade",201709,jul-ago-set 2017,
1,Brasil,1694,Nenhuma,Z,1,Brasil,8819,"Situação da Variação em relação ao mesmo trimestre móvel do ano anterior - Taxa de desocupação, na semana de referência, das pessoas de 14 anos ou mais de idade",201710,ago-set-out 2017,
1,Brasil,1694,Nenhuma,A,1,Brasil,8819,"Situação da Variação em relação ao mesmo trimestre móvel do ano anterior - Taxa de desocupação, na semana de referência, das pessoas de 14 anos ou mais de idade",201711,set-out-nov 2017,
1,Brasil,1694,Nenhuma,A,1,Brasil,8819,"Situação da Variação em relação ao mesmo trimestre móvel do ano anterior - Taxa de desocupação, na semana de referência, das pessoas de 14 anos ou mais de idade",201712,out-nov-dez 2017,
1,Brasil,1694,Nenhuma,Z,1,Brasil,8819,"Situação da Variação em relação ao mesmo trimestre móvel do ano anterior - Taxa de desocupação, na semana de referência, das pessoas de 14 anos ou mais de idade",201801,nov-dez-jan 2018,
1,Brasil,1694,Nenhuma,Z,1,Brasil,8819,"Situação da Variação em relação ao mesmo trimestre móvel do ano anterior - Taxa de desocupação, na semana de referência, das pessoas de 14 anos ou mais de idade",201802,dez-jan-fev 2018,
1,Brasil,1694,Nenhuma,Z,1,Brasil,8819,"Situação da Variação em relação ao mesmo trimestre móvel do ano anterior - Taxa de desocupação, na semana de referência, das pessoas de 14 anos ou mais de idade",201803,jan-fev-mar 2018,
1,Brasil,1694,Nenhuma,Z,1,Brasil,8819,"Situação da Variação em relação ao mesmo trimestre móvel do ano anterior - Taxa de desocupação, na semana de referência, das pessoas de 14 anos ou mais de idade",201804,fev-mar-abr 2018,
1,Brasil,1694,Nenhuma,Z,1,Brasil,8819,"Situação da Variação em relação ao mesmo trimestre móvel do ano anterior - Taxa de desocupação, na semana de referência, das pessoas de 14 anos ou mais de idade",201805,mar-abr-mai 2018,
1,Brasil,1694,Nenhuma,Z,1,Brasil,8819,"Situação da Variação em relação ao mesmo trimestre móvel do ano anterior - Taxa de desocupação, na semana de referência, das pessoas de 14 anos ou mais de idade",201806,abr-mai-jun 2018,
1,Brasil,1694,Nenhuma,Z,1,Brasil,8819,"Situação da Variação em relação ao mesmo trimestre móvel do ano anterior - Taxa de desocupação, na semana de referência, das pessoas de 14 anos ou mais de idade",201807,mai-jun-jul 2018,
1,Brasil,1694,Nenhuma,Z,1,Brasil,8819,"Situação da Variação em relação ao mesmo trimestre móvel do ano anterior - Taxa de desocupação, na semana de referência, das pessoas de 14 anos ou mais de idade",201808,jun-jul-ago 2018,
1,Brasil,1694,Nenhuma,Z,1,Brasil,8819,"Situação da Variação em relação ao mesmo trimestre móvel do ano anterior - Taxa de desocupação, na semana de referência, das pessoas de 14 anos ou mais de idade",201809,jul-ago-set 2018,
1,Brasil,1694,Nenhuma,Z,1,Brasil,8819,"Situação da Variação em relação ao mesmo trimestre móvel do ano anterior - Taxa de desocupação, na semana de referência, das pessoas de 14 anos ou mais de idade",201810,ago-set-out 2018,
1,Brasil,1694,Nenhuma,Z,1,Brasil,8819,"Situação da Variação em relação ao mesmo trimestre móvel do ano anterior - Taxa de desocupação, na semana de referência, das pessoas de 14 anos ou mais de idade",201811,set-out-nov 2018,
1,Brasil,1694,Nenhuma,A,1,Brasil,8819,"Situação da Variação em relação ao mesmo trimestre móvel do ano anterior - Taxa de desocupação, na semana de referência, das pessoas de 14 anos ou mais de idade",201812,out-nov-dez 2018,
1,Brasil,1694,Nenhuma,A,1,Brasil,8819,"Situação da Variação em relação ao mesmo trimestre móvel do ano anterior - Taxa de desocupação, na semana de referência, das pessoas de 14 anos ou mais de idade",201901,nov-dez-jan 2019,
1,Brasil,1694,Nenhuma,A,1,Brasil,8819,"Situação da Variação em relação ao mesmo trimestre móvel do ano anterior - Taxa de desocupação, na semana de referência, das pessoas de 14 anos ou mais de idade",201902,dez-jan-fev 2019,
1,Brasil,1694,Nenhuma,Z,1,Brasil,8819,"Situação da Variação em relação ao mesmo trimestre móvel do ano anterior - Taxa de desocupação, na semana de referência, das pessoas de 14 anos ou mais de idade",201903,jan-fev-mar 2019,
1,Brasil,1694,Nenhuma,Z,1,Brasil,8819,"Situação da Variação em relação ao mesmo trimestre móvel do ano anterior - Taxa de desocupação, na semana de referência, das pessoas de 14 anos ou mais de idade",201904,fev-mar-abr 2019,
1,Brasil,1694,Nenhuma,Z,1,Brasil,8819,"Situação da Variação em relação ao mesmo trimestre móvel do ano anterior - Taxa de desocupação, na semana de referência, das pessoas de 14 anos ou mais de idade",201905,mar-abr-mai 2019,
1,Brasil,1694,Nenhuma,Z,1,Brasil,8819,"Situação da Variação em relação ao mesmo trimestre móvel do ano anterior - Taxa de desocupação, na semana de referência, das pessoas de 14 anos ou mais de idade",201906,abr-mai-jun 2019,
1,Brasil,1694,Nenhuma,Z,1,Brasil,8819,"Situação da Variação em relação ao mesmo trimestre móvel do ano anterior - Taxa de desocupação, na semana de referência, das pessoas de 14 anos ou mais de idade",201907,mai-jun-jul 2019,
1,Brasil,1694,Nenhuma,Z,1,Brasil,8819,"Situação da Variação em relação ao mesmo trimestre móvel do ano anterior - Taxa de desocupação, na semana de referência, das pessoas de 14 anos ou mais de idade",201908,jun-jul-ago 2019,
1,Brasil,1694,Nenhuma,A,1,Brasil,8819,"Situação da Variação em relação ao mesmo trimestre móvel do ano anterior - Taxa de desocupação, na semana de referência, das pessoas de 14 anos ou mais de idade",201909,jul-ago-set 2019,
1,Brasil,1694,Nenhuma,A,1,Brasil,8819,"Situação da Variação em relação ao mesmo trimestre móvel do ano anterior - Taxa de desocupação, na semana de referência, das pessoas de 14 anos ou mais de idade",201910,ago-set-out 2019,
1,Brasil,1694,Nenhuma,Z,1,Brasil,8819,"Situação da Variação em relação ao mesmo trimestre móvel do ano anterior - Taxa de desocupação, na semana de referência, das pessoas de 14 anos ou mais de idade",201911,set-out-nov 2019,
1,Brasil,1694,Nenhuma,Z,1,Brasil,8819,"Situação da Variação em relação ao mesmo trimestre móvel do ano anterior - Taxa de desocupação, na semana de referência, das pessoas de 14 anos ou mais de idade",201912,out-nov-dez 2019,
1,Brasil,1694,Nenhuma,Z,1,Brasil,8819,"Situação da Variação em relação ao mesmo trimestre móvel do ano anterior - Taxa de desocupação, na semana de referência, das pessoas de 14 anos ou mais de idade",202001,nov-dez-jan 2020,
1,Brasil,1694,Nenhuma,Z,1,Brasil,8819,"Situação da Variação em relação ao mesmo trimestre móvel do ano anterior - Taxa de desocupação, na semana de referência, das pessoas de 14 anos ou mais de idade",202002,dez-jan-fev 2020,
1,Brasil,1694,Nenhuma,Z,1,Brasil,8819,"Situação da Variação em relação ao mesmo trimestre móvel do ano anterior - Taxa de desocupação, na semana de referência, das pessoas de 14 anos ou mais de idade",202003,jan-fev-mar 2020,
1,Brasil,1694,Nenhuma,A,1,Brasil,8819,"Situação da Variação em relação ao mesmo trimestre móvel do ano anterior - Taxa de desocupação, na semana de referência, das pessoas de 14 anos ou mais de idade",202004,fev-mar-abr 2020,
1,Brasil,1694,Nenhuma,Z,1,Brasil,8819,"Situação da Variação em relação ao mesmo trimestre móvel do ano anterior - Taxa de desocupação, na semana de referência, das pessoas de 14 anos ou mais de idade",202005,mar-abr-mai 2020,
1,Brasil,1694,Nenhuma,Z,1,Brasil,8819,"Situação da Variação em relação ao mesmo trimestre móvel do ano anterior - Taxa de desocupação, na semana de referência, das pessoas de 14 anos ou mais de idade",202006,abr-mai-jun 2020,
1,Brasil,1694,Nenhuma,Z,1,Brasil,8819,"Situação da Variação em relação ao mesmo trimestre móvel do ano anterior - Taxa de desocupação, na semana de referência, das pessoas de 14 anos ou mais de idade",202007,mai-jun-jul 2020,
1,Brasil,1694,Nenhuma,Z,1,Brasil,8819,"Situação da Variação em relação ao mesmo trimestre móvel do ano anterior - Taxa de desocupação, na semana de referência, das pessoas de 14 anos ou mais de idade",202008,jun-jul-ago 2020,
1,Brasil,1694,Nenhuma,Z,1,Brasil,8819,"Situação da Variação em relação ao mesmo trimestre móvel do ano anterior - Taxa de desocupação, na semana de referência, das pessoas de 14 anos ou mais de idade",202009,jul-ago-set 2020,
1,Brasil,1694,Nenhuma,Z,1,Brasil,8819,"Situação da Variação em relação ao mesmo trimestre móvel do ano anterior - Taxa de desocupação, na semana de referência, das pessoas de 14 anos ou mais de idade",202010,ago-set-out 2020,
1,Brasil,1694,Nenhuma,Z,1,Brasil,8819,"Situação da Variação em relação ao mesmo trimestre móvel do ano anterior - Taxa de desocupação, na semana de referência, das pessoas de 14 anos ou mais de idade",202011,set-out-nov 2020,
1,Brasil,1694,Nenhuma,Z,1,Brasil,8819,"Situação da Variação em relação ao mesmo trimestre móvel do ano anterior - Taxa de desocupação, na semana de referência, das pessoas de 14 anos ou mais de idade",202012,out-nov-dez 2020,
1,Brasil,1694,Nenhuma,Z,1,Brasil,8819,"Situação da Variação em relação ao mesmo trimestre móvel do ano anterior - Taxa de desocupação, na semana de referência, das pessoas de 14 anos ou mais de idade",202101,nov-dez-jan 2021,
1,Brasil,1694,Nenhuma,Z,1,Brasil,8819,"Situação da Variação em relação ao mesmo trimestre móvel do ano anterior - Taxa de desocupação, na semana de referência, das pessoas de 14 anos ou mais de idade",202102,dez-jan-fev 2021,
1,Brasil,1694,Nenhuma,Z,1,Brasil,8819,"Situação da Variação em relação ao mesmo trimestre móvel do ano anterior - Taxa de desocupação, na semana de referência, das pessoas de 14 anos ou mais de idade",202103,jan-fev-mar 2021,
1,Brasil,1694,Nenhuma,Z,1,Brasil,8819,"Situação da Variação em relação ao mesmo trimestre móvel do ano anterior - Taxa de desocupação, na semana de referência, das pessoas de 14 anos ou mais de idade",202104,fev-mar-abr 2021,
1,Brasil,1694,Nenhuma,Z,1,Brasil,8819,"Situação da Variação em relação ao mesmo trimestre móvel do ano anterior - Taxa de desocupação, na semana de referência, das pessoas de 14 anos ou mais de idade",202105,mar-abr-mai 2021,
1,Brasil,1694,Nenhuma,Z,1,Brasil,8819,"Situação da Variação em relação ao mesmo trimestre móvel do ano anterior - Taxa de desocupação, na semana de referência, das pessoas de 14 anos ou mais de idade",202106,abr-mai-jun 2021,
1,Brasil,1694,Nenhuma,A,1,Brasil,8819,"Situação da Variação em relação ao mesmo trimestre móvel do ano anterior - Taxa de desocupação, na semana de referência, das pessoas de 14 anos ou mais de idade",202107,mai-jun-jul 2021,
1,Brasil,1694,Nenhuma,Z,1,Brasil,8819,"Situação da Variação em relação ao mesmo trimestre móvel do ano anterior - Taxa de desocupação, na semana de referência, das pessoas de 14 anos ou mais de idade",202108,jun-jul-ago 2021,
1,Brasil,1694,Nenhuma,Z,1,Brasil,8819,"Situação da Variação em relação ao mesmo trimestre móvel do ano anterior - Taxa de desocupação, na semana de referência, das pessoas de 14 anos ou mais de idade",202109,jul-ago-set 2021,
1,Brasil,1694,Nenhuma,Z,1,Brasil,8819,"Situação da Variação em relação ao mesmo trimestre móvel do ano anterior - Taxa de desocupação, na semana de referência, das pessoas de 14 anos ou mais de idade",202110,ago-set-out 2021,
1,Brasil,1694,Nenhuma,Z,1,Brasil,8819,"Situação da Variação em relação ao mesmo trimestre móvel do ano anterior - Taxa de desocupação, na semana de referência, das pessoas de 14 anos ou mais de idade",202111,set-out-nov 2021,
1,Brasil,1694,Nenhuma,Z,1,Brasil,8819,"Situação da Variação em relação ao mesmo trimestre móvel do ano anterior - Taxa de desocupação, na semana de referência, das pessoas de 14 anos ou mais de idade",202112,out-nov-dez 2021,
1,Brasil,1694,Nenhuma,Z,1,Brasil,8819,"Situação da Variação em relação ao mesmo trimestre móvel do ano anterior - Taxa de desocupação, na semana de referência, das pessoas de 14 anos ou mais de idade",202201,nov-dez-jan 2022,
1,Brasil,1694,Nenhuma,Z,1,Brasil,8819,"Situação da Variação em relação ao mesmo trimestre móvel do ano anterior - Taxa de desocupação, na semana de referência, das pessoas de 14 anos ou mais de idade",202202,dez-jan-fev 2022,
1,Brasil,1694,Nenhuma,Z,1,Brasil,8819,"Situação da Variação em relação ao mesmo trimestre móvel do ano anterior - Taxa de desocupação, na semana de referência, das pessoas de 14 anos ou mais de idade",202203,jan-fev-mar 2022,
1,Brasil,1694,Nenhuma,Z,1,Brasil,8819,"Situação da Variação em relação ao mesmo trimestre móvel do ano anterior - Taxa de desocupação, na semana de referência, das pessoas de 14 anos ou mais de idade",202204,fev-mar-abr 2022,
1,Brasil,1694,Nenhuma,Z,1,Brasil,8819,"Situação da Variação em relação ao mesmo trimestre móvel do ano anterior - Taxa de desocupação, na semana de referência, das pessoas de 14 anos ou mais de idade",202205,mar-abr-mai 2022,
1,Brasil,1694,Nenhuma,Z,1,Brasil,8819,"Situação da Variação em relação ao mesmo trimestre móvel do ano anterior - Taxa de desocupação, na semana de referência, das pessoas de 14 anos ou mais de idade",202206,abr-mai-jun 2022,
1,Brasil,1694,Nenhuma,Z,1,Brasil,8819,"Situação da Variação em relação ao mesmo trimestre móvel do ano anterior - Taxa de desocupação, na semana de referência, das pessoas de 14 anos ou mais de idade",202207,mai-jun-jul 2022,
1,Brasil,1694,Nenhuma,Z,1,Brasil,8819,"Situação da Variação em relação ao mesmo trimestre móvel do ano anterior - Taxa de desocupação, na semana de referência, das pessoas de 14 anos ou mais de idade",202208,jun-jul-ago 2022,
1,Brasil,1694,Nenhuma,Z,1,Brasil,8819,"Situação da Variação em relação ao mesmo trimestre móvel do ano anterior - Taxa de desocupação, na semana de referência, das pessoas de 14 anos ou mais de idade",202209,jul-ago-set 2022,
1,Brasil,1694,Nenhuma,Z,1,Brasil,8819,"Situação da Variação em relação ao mesmo trimestre móvel do ano anterior - Taxa de desocupação, na semana de referência, das pessoas de 14 anos ou mais de idade",202210,ago-set-out 2022,
1,Brasil,1694,Nenhuma,Z,1,Brasil,8819,"Situação da Variação em relação ao mesmo trimestre móvel do ano anterior - Taxa de desocupação, na semana de referência, das pessoas de 14 anos ou mais de idade",202211,set-out-nov 2022,
1,Brasil,1694,Nenhuma,Z,1,Brasil,8819,"Situação da Variação em relação ao mesmo trimestre móvel do ano anterior - Taxa de desocupação, na semana de referência, das pessoas de 14 anos ou mais de idade",202212,out-nov-dez 2022,
1,Brasil,1694,Nenhuma,Z,1,Brasil,8819,"Situação da Variação em relação ao mesmo trimestre móvel do ano anterior - Taxa de desocupação, na semana de referência, das pessoas de 14 anos ou mais de idade",202301,nov-dez-jan 2023,
1,Brasil,1694,Nenhuma,Z,1,Brasil,8819,"Situação da Variação em relação ao mesmo trimestre móvel do ano anterior - Taxa de desocupação, na semana de referência, das pessoas de 14 anos ou mais de idade",202302,dez-jan-fev 2023,
1,Brasil,1694,Nenhuma,Z,1,Brasil,8819,"Situação da Variação em relação ao mesmo trimestre móvel do ano anterior - Taxa de desocupação, na semana de referência, das pessoas de 14 anos ou mais de idade",202303,jan-fev-mar 2023,
1,Brasil,1694,Nenhuma,Z,1,Brasil,8819,"Situação da Variação em relação ao mesmo trimestre móvel do ano anterior - Taxa de desocupação, na semana de referência, das pessoas de 14 anos ou mais de idade",202304,fev-mar-abr 2023,
1,Brasil,1694,Nenhuma,Z,1,Brasil,8819,"Situação da Variação em relação ao mesmo trimestre móvel do ano anterior - Taxa de desocupação, na semana de referência, das pessoas de 14 anos ou mais de idade",202305,mar-abr-mai 2023,
1,Brasil,1694,Nenhuma,Z,1,Brasil,8819,"Situação da Variação em relação ao mesmo trimestre móvel do ano anterior - Taxa de desocupação, na semana de referência, das pessoas de 14 anos ou mais de idade",202306,abr-mai-jun 2023,
1,Brasil,1694,Nenhuma,Z,1,Brasil,8819,"Situação da Variação em relação ao mesmo trimestre móvel do ano anterior - Taxa de desocupação, na semana de referência, das pessoas de 14 anos ou mais de idade",202307,mai-jun-jul 2023,
1,Brasil,1694,Nenhuma,Z,1,Brasil,8819,"Situação da Variação em relação ao mesmo trimestre móvel do ano anterior - Taxa de desocupação, na semana de referência, das pessoas de 14 anos ou mais de idade",202308,jun-jul-ago 2023,
1,Brasil,1694,Nenhuma,Z,1,Brasil,8819,"Situação da Variação em relação ao mesmo trimestre móvel do ano anterior - Taxa de desocupação, na semana de referência, das pessoas de 14 anos ou mais de idade",202309,jul-ago-set 2023,
1,Brasil,1694,Nenhuma,Z,1,Brasil,8819,"Situação da Variação em relação ao mesmo trimestre móvel do ano anterior - Taxa de desocupação, na semana de referência, das pessoas de 14 anos ou mais de idade",202310,ago-set-out 2023,
1,Brasil,1694,Nenhuma,Z,1,Brasil,8819,"Situação da Variação em relação ao mesmo trimestre móvel do ano anterior - Taxa de desocupação, na semana de referência, das pessoas de 14 anos ou mais de idade",202311,set-out-nov 2023,
1,Brasil,1694,Nenhuma,Z,1,Brasil,8819,"Situação da Variação em relação ao mesmo trimestre móvel do ano anterior - Taxa de desocupação, na semana de referência, das pessoas de 14 anos ou mais de idade",202312,out-nov-dez 2023,
1,Brasil,1694,Nenhuma,Z,1,Brasil,8819,"Situação da Variação em relação ao mesmo trimestre móvel do ano anterior - Taxa de desocupação, na semana de referência, das pessoas de 14 anos ou mais de idade",202401,nov-dez-jan 2024,
1,Brasil,1694,Nenhuma,Z,1,Brasil,8819,"Situação da Variação em relação ao mesmo trimestre móvel do ano anterior - Taxa de desocupação, na semana de referência, das pessoas de 14 anos ou mais de idade",202402,dez-jan-fev 2024,
1,Brasil,1694,Nenhuma,Z,1,Brasil,8819,"Situação da Variação em relação ao mesmo trimestre móvel do ano anterior - Taxa de desocupação, na semana de referência, das pessoas de 14 anos ou mais de idade",202403,jan-fev-mar 2024,
1,Brasil,1694,Nenhuma,Z,1,Brasil,8819,"Situação da Variação em relação ao mesmo trimestre móvel do ano anterior - Taxa de desocupação, na semana de referência, das pessoas de 14 anos ou mais de idade",202404,fev-mar-abr 2024,
1,Brasil,1694,Nenhuma,Z,1,Brasil,8819,"Situação da Variação em relação ao mesmo trimestre móvel do ano anterior - Taxa de desocupação, na semana de referência, das pessoas de 14 anos ou mais de idade",202405,mar-abr-mai 2024,
1,Brasil,1694,Nenhuma,Z,1,Brasil,8819,"Situação da Variação em relação ao mesmo trimestre móvel do ano anterior - Taxa de desocupação, na semana de referência, das pessoas de 14 anos ou mais de idade",202406,abr-mai-jun 2024,
1,Brasil,1694,Nenhuma,Z,1,Brasil,8819,"Situação da Variação em relação ao mesmo trimestre móvel do ano anterior - Taxa de desocupação, na semana de referência, das pessoas de 14 anos ou mais de idade",202407,mai-jun-jul 2024,
1,Brasil,1694,Nenhuma,Z,1,Brasil,8819,"Situação da Variação em relação ao mesmo trimestre móvel do ano anterior - Taxa de desocupação, na semana de referência, das pessoas de 14 anos ou mais de idade",202408,jun-jul-ago 2024,
1,Brasil,1694,Nenhuma,Z,1,Brasil,8819,"Situação da Variação em relação ao mesmo trimestre móvel do ano anterior - Taxa de desocupação, na semana de referência, das pessoas de 14 anos ou mais de idade",202409,jul-ago-set 2024,
1,Brasil,1694,Nenhuma,Z,1,Brasil,8819,"Situação da Variação em relação ao mesmo trimestre móvel do ano anterior - Taxa de desocupação, na semana de referência, das pessoas de 14 anos ou mais de idade",202410,ago-set-out 2024,
1,Brasil,1694,Nenhuma,Z,1,Brasil,8819,"Situação da Variação em relação ao mesmo trimestre móvel do ano anterior - Taxa de desocupação, na semana de referência, das pessoas de 14 anos ou mais de idade",202411,set-out-nov 2024,
1,Brasil,1694,Nenhuma,Z,1,Brasil,8819,"Situação da Variação em relação ao mesmo trimestre móvel do ano anterior - Taxa de desocupação, na semana de referência, das pessoas de 14 anos ou mais de idade",202412,out-nov-dez 2024,
1,Brasil,1694,Nenhuma,Z,1,Brasil,8819,"Situação da Variação em relação ao mesmo trimestre móvel do ano anterior - Taxa de desocupação, na semana de referência, das pessoas de 14 anos ou mais de idade",202501,nov-dez-jan 2025,
1,Brasil,1694,Nenhuma,Z,1,Brasil,8819,"Situação da Variação em relação ao mesmo trimestre móvel do ano anterior - Taxa de desocupação, na semana de referência, das pessoas de 14 anos ou mais de idade",202502,dez-jan-fev 2025,
1,Brasil,1694,Nenhuma,Z,1,Brasil,8819,"Situação da Variação em relação ao mesmo trimestre móvel do ano anterior - Taxa de desocupação, na semana de referência, das pessoas de 14 anos ou mais de idade",202503,jan-fev-mar 2025,
1,Brasil,1694,Nenhuma,Z,1,Brasil,8819,"Situação da Variação em relação ao mesmo trimestre móvel do ano anterior - Taxa de desocupação, na semana de referência, das pessoas de 14 anos ou mais de idade",202504,fev-mar-abr 2025,
1,Brasil,1694,Nenhuma,Z,1,Brasil,8819,"Situação da Variação em relação ao mesmo trimestre móvel do ano anterior - Taxa de desocupação, na semana de referência, das pessoas de 14 anos ou mais de idade",202505,mar-abr-mai 2025,
1,Brasil,1694,Nenhuma,Z,1,Brasil,8819,"Situação da Variação em relação ao mesmo trimestre móvel do ano anterior - Taxa de desocupação, na semana de referência, das pessoas de 14 anos ou mais de idade",202506,abr-mai-jun 2025,
1,Brasil,1694,Nenhuma,Z,1,Brasil,8819,"Situação da Variação em relação ao mesmo trimestre móvel do ano anterior - Taxa de desocupação, na semana de referência, das pessoas de 14 anos ou mais de idade",202507,mai-jun-jul 2025,
1,Brasil,1694,Nenhuma,Z,1,Brasil,8819,"Situação da Variação em relação ao mesmo trimestre móvel do ano anterior - Taxa de desocupação, na semana de referência, das pessoas de 14 anos ou mais de idade",202508,jun-jul-ago 2025,
1,Brasil,1694,Nenhuma,Z,1,Brasil,8819,"Situação da Variação em relação ao mesmo trimestre móvel do ano anterior - Taxa de desocupação, na semana de referência, das pessoas de 14 anos ou mais de idade",202509,jul-ago-set 2025,
1,Brasil,1694,Nenhuma,Z,1,Brasil,8819,"Situação da Variação em relação ao mesmo trimestre móvel do ano anterior - Taxa de desocupação, na semana de referência, das pessoas de 14 anos ou mais de idade",202510,ago-set-out 2025,
1,Brasil,1694,Nenhuma,Z,1,Brasil,8819,"Situação da Variação em relação ao mesmo trimestre móvel do ano anterior - Taxa de desocupação, na semana de referência, das pessoas de 14 anos ou mais de idade",202511,set-out-nov 2025,
1,Brasil,1694,Nenhuma,Z,1,Brasil,8819,"Situação da Variação em relação ao mesmo trimestre móvel do ano anterior - Taxa de desocupação, na semana de referência, das pessoas de 14 anos ou mais de idade",202512,out-nov-dez 2025,
1,Brasil,1694,Nenhuma,Z,1,Brasil,8819,"Situação da Variação em relação ao mesmo trimestre móvel do ano anterior - Taxa de desocupação, na semana de referência, das pessoas de 14 anos ou mais de idade",202601,nov-dez-jan 2026,
1,Brasil,1694,Nenhuma,Z,1,Brasil,8819,"Situação da Variação em relação ao mesmo trimestre móvel do ano anterior - Taxa de desocupação, na semana de referência, das pessoas de 14 anos ou mais de idade",202602,dez-jan-fev 2026,
1,Brasil,1694,Nenhuma,Z,1,Brasil,8819,"Situação da Variação em relação ao mesmo trimestre móvel do ano anterior - Taxa de desocupação, na semana de referência, das pessoas de 14 anos ou mais de idade",202603,jan-fev-mar 2026,
1,Brasil,1694,Nenhuma,Z,1,Brasil,8819,"Situação da Variação em relação ao mesmo trimestre móvel do ano anterior - Taxa de desocupação, na semana de referência, das pessoas de 14 anos ou mais de idade",202604,fev-mar-abr 2026,
1,Brasil,1694,Nenhuma,Z,1,Brasil,8819,"Situação da Variação em relação ao mesmo trimestre móvel do ano anterior - Taxa de desocupação, na semana de referência, das pessoas de 14 anos ou mais de idade",202605,mar-abr-mai 2026,
1,Brasil,1694,Nenhuma,Z,1,Brasil,8819,"Situação da Variação em relação ao mesmo trimestre móvel do ano anterior - Taxa de desocupação, na semana de referência, das pessoas de 14 anos ou mais de idade",202606,abr-mai-jun 2026,
