Ticker;Nome_Empresa;Setor;Subsetor;Tipo_Ativo
SBSP3;CIA SANEAMENTO BASICO EST SAO PAULO;Utilities;Água e Saneamento;stock
B3SA3;B3 S.A. - BRASIL. BOLSA. BALCÃO;Finance;Dados Financeiros e Bolsas de Valores;stock
BBAS3;BCO BRASIL S.A.;Finance;Bancos Diversificados;stock
BBDC4;BCO BRADESCO S.A.;Finance;Bancos Diversificados;stock
ITUB4;ITAU UNIBANCO HOLDING S.A.;Finance;Bancos Diversificados;stock
COGN3;COGNA EDUCAÇÃO S.A.;Commercial Services;Serviços Educacionais;stock
PETR4;PETROLEO BRASILEIRO S.A. PETROBRAS;Energy Minerals;Petróleo e Gás Integrado;stock
ABEV3;AMBEV S.A.;Consumer Non-Durables;Cervejas e Refrigerantes;stock
BEEF3;MINERVA S.A.;Distribution Services;Carnes e Derivados;stock
MGLU3;MAGAZINE LUIZA S.A.;Retail Trade;Varejo Especializado;stock
CSAN3;COSAN S.A.;Utilities;Exploração, Refino e Distribuição;stock
LREN3;LOJAS RENNER S.A.;Retail Trade;Tecidos, Vestuário e Calçados;stock
CMIG4;CIA ENERGETICA DE MINAS GERAIS - CEMIG;Utilities;Energia Elétrica;stock
CPLE3;CIA PARANAENSE DE ENERGIA - COPEL;Utilities;Energia Elétrica;stock
ITSA4;ITAUSA S.A.;Finance;;stock
HAPV3;HAPVIDA PARTICIPACOES E INVESTIMENTOS SA;Health Services;Serviços Médicos Hospitalares;stock
VALE3;VALE S.A.;Non-Energy Minerals;Mineração de Minerais Metálicos;stock
GMAT3;GRUPO MATEUS S.A.;Retail Trade;Alimentos;stock
EQTL3;EQUATORIAL S.A.;Utilities;Energia Elétrica;stock
FNOR11;FNOR11;;;fund
MRVE3;MRV ENGENHARIA E PARTICIPACOES S.A.;Consumer Durables;Incorporações;stock
LWSA3;LWSA S.A.;Technology Services;Programas e Serviços;stock
POMO4;MARCOPOLO S.A.;Producer Manufacturing;;stock
CVCB3;CVC BRASIL OPERADORA E AGÊNCIA DE VIAGENS S.A.;Consumer Services;Viagens e Turismo;stock
BPAC11;BCO BTG PACTUAL S.A.;Finance;Bancos;stock
BRKM5;BRASKEM S.A.;Process Industries;Petroquímicos;stock
CSNA3;CIA SIDERURGICA NACIONAL;Non-Energy Minerals;Siderurgia;stock
ANIM3;ANIMA HOLDING S.A.;Consumer Services;Serviços Educacionais;stock
RAIL3;RUMO S.A.;Transportation;Transporte Ferroviário;stock
ENEV3;ENEVA S.A;Utilities;Energia Elétrica;stock
PMAM3;PARANAPANEMA S.A.;Non-Energy Minerals;Artefatos de Cobre;stock
RENT3;LOCALIZA RENT A CAR S.A.;Finance;Aluguel de Carros;stock
CYRE3;CYRELA BRAZIL REALTY S.A.EMPREEND E PART;Finance;Incorporações;stock
GOAU4;METALURGICA GERDAU S.A.;Non-Energy Minerals;Siderurgia;stock
GGBR4;GERDAU S.A.;Non-Energy Minerals;Siderurgia;stock
RDOR3;REDE DOR SÃO LUIZ S.A.;Health Services;Serviços Médicos Hospitalares;stock
RADL3;RAIA DROGASIL S.A.;Retail Trade;Medicamentos e Outros Produtos;stock
PETR3;PETROLEO BRASILEIRO S.A. PETROBRAS;Energy Minerals;Exploração. Refino e Distribuição;stock
UGPA3;ULTRAPAR PARTICIPACOES S.A.;Retail Trade;Exploração, Refino e Distribuição;stock
YDUQ3;YDUQS PARTICIPACOES S.A.;Commercial Services;Serviços Educacionais;stock
DIRR3;DIRECIONAL ENGENHARIA S.A.;Finance;Incorporações;stock
CEAB3;CEA MODAS S.A.;Retail Trade;Tecidos. Vestuário e Calçados;stock
SUZB3;SUZANO S.A.;Process Industries;Papel e Celulose;stock
TIMS3;TIM S.A.;Communications;Telecomunicações;stock
LIGT3;LIGHT S.A.;Utilities;Energia Elétrica;stock
USIM5;USINAS SID DE MINAS GERAIS S.A.-USIMINAS;Non-Energy Minerals;Siderurgia;stock
WEGE3;WEG S.A.;Producer Manufacturing;Máquinas e Equipamentos;stock
CSMG3;CIA SANEAMENTO DE MINAS GERAIS-COPASA MG;Utilities;Água e Saneamento;stock
BBDC3;BCO BRADESCO S.A.;Finance;Bancos;stock
KLBN11;KLABIN S.A.;Non-Energy Minerals;Papel e Celulose;stock
BBSE3;BB SEGURIDADE PARTICIPAÇÕES S.A.;Finance;Seguradoras;stock
VIVT3;TELEFÔNICA BRASIL S.A;Communications;Telecomunicações;stock
ENGI11;ENERGISA S.A.;Utilities;Energia Elétrica;stock
NATU3;NATURA COSMETICOS S.A.;Consumer Non-Durables;Produtos de Uso Pessoal;stock
VIVA3;VIVARA PARTICIPAÇOES S.A;Consumer Durables;Acessórios;stock
RAPT4;RANDONCORP S.A.;Producer Manufacturing;;stock
CPFE3;CPFL ENERGIA S.A.;Utilities;Energia Elétrica;stock
MULT3;MULTIPLAN - EMPREEND IMOBILIARIOS S.A.;Finance;Exploração de Imóveis;stock
ECOR3;ECORODOVIAS INFRAESTRUTURA E LOGÍSTICA S.A.;Transportation;Exploração de Rodovias;stock
SANB11;BCO SANTANDER (BRASIL) S.A.;Finance;Bancos;stock
PRIO3;PRIO S.A.;Energy Minerals;Exploração e Produção de Petróleo;stock
JHSF3;JHSF PARTICIPACOES S.A.;Finance;Incorporações;stock
MOVI3;MOVIDA PARTICIPACOES SA;Finance;Aluguel de carros;stock
TOTS3;TOTVS S.A.;Technology Services;Programas e Serviços;stock
RCSL4;RECRUSUL S.A.;Producer Manufacturing;;stock
DASA3;DIAGNOSTICOS DA AMERICA S.A.;Health Services;Serv.Méd.Hospit..Análises e Diagnósticos;stock
CURY3;CURY CONSTRUTORA E INCORPORADORA S.A.;Finance;Incorporações;stock
FLRY3;FLEURY S.A.;Health Services;Serviços Médicos Hospitalares;stock
NVDC34;NVDC34;Electronic Technology;;bdr
EGIE3;ENGIE BRASIL ENERGIA S.A.;Utilities;Energia Elétrica;stock
HYPE3;HYPERA S.A.;Health Technology;Medicamentos e Outros Produtos;stock
PCAR3;CIA BRASILEIRA DE DISTRIBUICAO;Retail Trade;Alimentos;stock
LJQQ3;LOJAS QUERO-QUERO S/A;Retail Trade;Produtos Diversos;stock
SLCE3;SLC AGRICOLA S.A.;Process Industries;Agricultura;stock
TAEE11;TRANSMISSORA ALIANÇA DE ENERGIA ELÉTRICA S.A.;Industrial Services;Energia Elétrica;stock
BOVA11;BOVA11;Miscellaneous;;fund
GRND3;GRENDENE S.A.;Consumer Non-Durables;Calçados;stock
EZTC3;EZ TEC EMPREEND. E PARTICIPACOES S.A.;Finance;Incorporações;stock
SAPR4;CIA SANEAMENTO DO PARANA - SANEPAR;Utilities;;stock
QUAL3;QUALICORP CONSULTORIA E CORRETORA DE SEGUROS S.A.;Health Services;Serv.Méd.Hospit..Análises e Diagnósticos;stock
SIMH3;SIMPAR S.A.;Transportation;Holdings Diversificadas;stock
SMAL11;SMAL11;Miscellaneous;;fund
POMO3;MARCOPOLO S.A.;Producer Manufacturing;Material Rodoviário;stock
EVEN3;EVEN CONSTRUTORA E INCORPORADORA S.A.;Finance;Incorporações;stock
KLBN4;KLABIN S.A.;Non-Energy Minerals;;stock
SAPR11;CIA SANEAMENTO DO PARANA - SANEPAR;Utilities;;stock
HBSA3;HIDROVIAS DO BRASIL S.A.;Transportation;Transporte Hidroviário;stock
PGMN3;EMPREENDIMENTOS PAGUE MENOS S.A.;Retail Trade;Medicamentos e Outros Produtos;stock
FNAM11;FNAM11;;;fund
ALPA4;ALPARGATAS S.A.;Consumer Non-Durables;;stock
PLPL3;PLANO & PLANO DESENVOLVIMENTO IMOBILIÁRIO S.A.;Finance;Incorporações;stock
PSSA3;PORTO SEGURO S.A.;Finance;Seguradoras;stock
VULC3;VULCABRAS S.A.;Consumer Non-Durables;Calçados;stock
AZEV4;AZEVEDO E TRAVASSOS S.A.;Industrial Services;;stock
MDIA3;M.DIAS BRANCO S.A. IND COM DE ALIMENTOS;Consumer Non-Durables;Alimentos Diversos;stock
BRAP4;BRADESPAR S.A.;Finance;;stock
TEND3;CONSTRUTORA TENDA S.A.;Finance;Incorporações;stock
GFSA3;GAFISA S.A.;Finance;Incorporações;stock
KEPL3;KEPLER WEBER S.A.;Producer Manufacturing;Máq. e Equip. Industriais;stock
IRBR3;IRB - BRASIL RESSEGUROS S.A.;Finance;Resseguradoras;stock
ALUP11;ALUPAR INVESTIMENTO S/A;Utilities;;stock
MDNE3;MOURA DUBEUX ENGENHARIA S/A;Finance;Incorporações;stock
TSLA34;TSLA34;Consumer Durables;;bdr
SMTO3;SAO MARTINHO S.A.;Process Industries;Açúcar e Álcool;stock
FESA4;CIA FERRO LIGAS DA BAHIA - FERBASA;Non-Energy Minerals;;stock
AMBP3;AMBIPAR PARTICIPACOES E EMPREENDIMENTOS S/A;Commercial Services;Água e Saneamento;stock
MILS3;MILLS LOCAÇÃO. SERVIÇOS E LOGÍSTICA S.A;Finance;Máq. e Equip. Industriais;stock
PTBL3;PBG S/A;Producer Manufacturing;Produtos para Construção;stock
BMGB4;BANCO BMG S.A.;Finance;Bancos;stock
SEER3;SER EDUCACIONAL S.A.;Consumer Services;Serviços Educacionais;stock
NFLX34;NFLX34;Technology Services;;bdr
BRSR6;BCO ESTADO DO RIO GRANDE DO SUL S.A.;Finance;;stock
ITUB3;ITAU UNIBANCO HOLDING S.A.;Finance;Bancos;stock
CYRE4;CYRELA BRAZIL REALTY S.A.EMPREEND E PART;Finance;;stock
POSI3;POSITIVO TECNOLOGIA S.A.;Electronic Technology;Computadores e Equipamentos;stock
PINE4;BCO PINE S.A.;Finance;;stock
HBOR3;HELBOR EMPREENDIMENTOS S.A.;Consumer Durables;Incorporações;stock
CASH3;MÉLIUZ S.A.;Commercial Services;Programas e Serviços;stock
AZEV3;AZEVEDO E TRAVASSOS S.A.;Industrial Services;Construção Pesada;stock
PRNR3;PRINER SERVIÇOS INDUSTRIAIS S.A.;Industrial Services;Serviços Diversos;stock
TFCO4;TRACK & FIELD CO S.A.;Retail Trade;Vestuário;stock
JSLG3;JSL S.A.;Transportation;Transporte Rodoviário;stock
MTRE3;MITRE REALTY EMPREENDIMENTOS E PARTICIPAÇÕES S.A.;Finance;Incorporações;stock
GOLD11;GOLD11;Miscellaneous;;fund
PNVL3;DIMED S.A. DISTRIBUIDORA DE MEDICAMENTOS;Retail Trade;Medicamentos e Outros Produtos;stock
ENJU3;ENJOEI S.A.;Retail Trade;Programas e Serviços;stock
SANB3;BCO SANTANDER (BRASIL) S.A.;Finance;Bancos;stock
SANB4;BCO SANTANDER (BRASIL) S.A.;Finance;;stock
MYPK3;IOCHPE MAXION S.A.;Producer Manufacturing;Automóveis e Motocicletas;stock
RANI3;IRANI PAPEL E EMBALAGEM S.A.;Process Industries;Embalagens;stock
AURA33;AURA MINERALS INC.;Non-Energy Minerals;;bdr
DIVO11;DIVO11;Miscellaneous;;fund
MEAL3;INTERNATIONAL MEAL COMPANY ALIMENTACAO S.A.;Consumer Services;Restaurante e Similares;stock
BBOV11;BBOV11;Miscellaneous;;fund
BOVV11;BOVV11;Miscellaneous;;fund
CAML3;CAMIL ALIMENTOS S.A.;Process Industries;Alimentos Diversos;stock
TRIS3;TRISUL S.A.;Consumer Durables;Incorporações;stock
MELK3;MELNICK DESENVOLVIMENTO IMOBILIÁRIO S.A.;Industrial Services;Incorporações;stock
ABCB4;BCO ABC BRASIL S.A.;Finance;Bancos;stock
USIM3;USINAS SID DE MINAS GERAIS S.A.-USIMINAS;Non-Energy Minerals;Siderurgia;stock
AMZO34;AMZO34;Retail Trade;;bdr
MELI34;MELI34;Retail Trade;;bdr
OIBR3;OI S.A.;Communications;Telecomunicações;stock
TAEE4;TRANSMISSORA ALIANÇA DE ENERGIA ELÉTRICA S.A.;Industrial Services;;stock
SHUL4;SCHULZ S.A.;Producer Manufacturing;;stock
LOGG3;LOG COMMERCIAL PROPERTIES;Industrial Services;Exploração de Imóveis;stock
LAVV3;LAVVI EMPREENDIMENTOS IMOBILIÁRIOS S.A.;Finance;Incorporações;stock
LEVE3;MAHLE-METAL LEVE S.A.;Producer Manufacturing;Automóveis e Motocicletas;stock
TUPY3;TUPY S.A.;Producer Manufacturing;Material Rodoviário;stock
KLBN3;KLABIN S.A.;Non-Energy Minerals;Papel e Celulose;stock
TASA4;TAURUS ARMAS S.A.;Electronic Technology;;stock
RNEW3;RENOVA ENERGIA S.A.;Utilities;Energia Elétrica;stock
MSFT34;MSFT34;Technology Services;;bdr
BABA34;BABA34;Retail Trade;;bdr
TAEE3;TRANSMISSORA ALIANÇA DE ENERGIA ELÉTRICA S.A.;Industrial Services;Energia Elétrica;stock
AAPL34;AAPL34;Electronic Technology;;bdr
SEQL3;SEQUOIA LOGISTICA E TRANSPORTES S.A;Transportation;;stock
FRAS3;FRASLE MOBILITY S.A.;Producer Manufacturing;Material Rodoviário;stock
AVGO34;AVGO34;Electronic Technology;;bdr
AGRO3;BRASILAGRO - CIA BRAS DE PROP AGRICOLAS;Finance;Agricultura;stock
ALPK3;ALLPARK EMPREENDIMENTOS PARTICIPACOES SERVICOS S.A;Consumer Services;Serviços Diversos;stock
RAPT3;RANDONCORP S.A.;Producer Manufacturing;Material Rodoviário;stock
VLID3;VALID SOLUÇÕES S.A.;Commercial Services;Serviços Diversos;stock
XINA11;XINA11;Miscellaneous;;fund
PFRM3;PROFARMA DISTRIB PROD FARMACEUTICOS S.A.;Distribution Services;Medicamentos e Outros Produtos;stock
SAPR3;CIA SANEAMENTO DO PARANA - SANEPAR;Utilities;Água e Saneamento;stock
IVVB11;IVVB11;Miscellaneous;;fund
GOGL34;GOGL34;Technology Services;;bdr
TGMA3;TEGMA GESTAO LOGISTICA S.A.;Transportation;Transporte Rodoviário;stock
ITLC34;ITLC34;Electronic Technology;;bdr
EUCA4;EUCATEX S.A. INDUSTRIA E COMERCIO;Non-Energy Minerals;;stock
UNIP6;UNIPAR CARBOCLORO S.A.;Process Industries;;stock
RNEW4;RENOVA ENERGIA S.A.;Utilities;;stock
ITSA3;ITAUSA S.A.;Finance;Holdings Diversificadas;stock
CMIG3;CIA ENERGETICA DE MINAS GERAIS - CEMIG;Utilities;Energia Elétrica;stock
BRKM3;BRASKEM S.A.;Process Industries;Petroquímicos;stock
AMAR3;MARISA LOJAS S.A.;Retail Trade;Tecidos. Vestuário e Calçados;stock
ROMI3;ROMI S.A.;Producer Manufacturing;Máquinas e Equipamentos Industriais;stock
TSMC34;TSMC34;Electronic Technology;;bdr
TCSA3;TECNISA S.A.;Finance;Incorporações;stock
ORCL34;ORCL34;Technology Services;;bdr
LPSB3;LPS BRASIL - CONSULTORIA DE IMOVEIS S.A.;Commercial Services;Intermediação Imobiliária;stock
LILY34;LILY34;Health Technology;;bdr
DISB34;DISB34;Consumer Services;;bdr
PYPL34;PYPL34;Commercial Services;;bdr
MUTC34;MUTC34;Electronic Technology;;bdr
SCAR3;SAO CARLOS EMPREEND E PARTICIPACOES S.A.;Finance;Exploração de Imóveis;stock
A1MD34;A1MD34;Electronic Technology;;bdr
JFEN3;JOAO FORTES ENGENHARIA S.A.;Consumer Durables;Incorporações;stock
N1OW34;N1OW34;Technology Services;;bdr
KDIF11;KDIF11;Miscellaneous;;fund
BRAP3;BRADESPAR S.A.;Finance;Minerais Metálicos;stock
RCSL3;RECRUSUL S.A.;Producer Manufacturing;Material Rodoviário;stock
ALUP4;ALUPAR INVESTIMENTO S/A;Utilities;;stock
SPXI11;SPXI11;Miscellaneous;;fund
TECN3;TECHNOS S.A.;Consumer Durables;Acessórios;stock
NIKE34;NIKE34;Consumer Non-Durables;;bdr
BIOM3;BIOMM S.A.;Health Technology;Medicamentos e Outros Produtos;stock
PDGR3;PDG REALTY S.A. EMPREEND E PARTICIPACOES;Finance;Incorporações;stock
BIWM39;ISHARES RUSSELL 2000 ETF;Miscellaneous;;bdr
ASML34;ASML34;Electronic Technology;;bdr
DMVF3;D1000 VAREJO FARMA PARTICIPAÇÕES S.A.;Distribution Services;Medicamentos e Outros Produtos;stock
INEP3;INEPAR S.A. INDUSTRIA E CONSTRUCOES;Producer Manufacturing;Máq. e Equip. Industriais;stock
XPIE11;XPIE11;;;fund
FSPE11;FSPE11;Finance;;fund
BERK34;BERK34;Finance;;bdr
JPMC34;JPMC34;Finance;;bdr
GOAU3;METALURGICA GERDAU S.A.;Non-Energy Minerals;Siderurgia;stock
L1RC34;L1RC34;Producer Manufacturing;;bdr
HAGA4;HAGA S.A. INDUSTRIA E COMERCIO;Consumer Durables;;stock
LUXM4;TREVISA INVESTIMENTOS S.A.;Transportation;;stock
BMEB4;BCO MERCANTIL DO BRASIL S.A.;Finance;;stock
PFIN11;PFIN11;Miscellaneous;;fund
PIBB11;PIBB11;Miscellaneous;;fund
ETER3;ETERNIT S.A.;Non-Energy Minerals;Produtos para Construção;stock
BSLV39;ISHARES SILVER TRUST;Miscellaneous;;bdr
CAMB3;CAMBUCI S.A.;Consumer Non-Durables;Calçados;stock
COCA34;COCA34;Consumer Non-Durables;;bdr
VISA34;VISA34;Finance;;bdr
BDIV11;BDIV11;;;fund
BSLI3;BRB BCO DE BRASILIA S.A.;Finance;Bancos;stock
BOVB11;BOVB11;Miscellaneous;;fund
ALUP3;ALUPAR INVESTIMENTO S/A;Utilities;Energia Elétrica;stock
IFRA11;IFRA11;Miscellaneous;;fund
WALM34;WALM34;Retail Trade;;bdr
N1VO34;N1VO34;Health Technology;;bdr
GGBR3;GERDAU S.A.;Non-Energy Minerals;Siderurgia;stock
TPIS3;TPI - TRIUNFO PARTICIP. E INVEST. S.A.;Transportation;Exploração de Rodovias;stock
MGEL4;MANGELS INDUSTRIAL S.A.;Producer Manufacturing;;stock
SHOW3;T4F ENTRETENIMENTO S.A.;Consumer Services;Produção de Eventos e Shows;stock
C1GP34;C1GP34;Technology Services;;bdr
RPMG3;REFINARIA DE PETROLEOS MANGUINHOS S.A.;Energy Minerals;Exploração. Refino e Distribuição;stock
AERI3;AERIS IND. E COM. DE EQUIP. GERACAO DE ENERGIA S/A;Producer Manufacturing;Máq. e Equip. Industriais;stock
NOKI34;NOKI34;Electronic Technology;;bdr
BEWY39;ISHARES MSCI SOUTH KOREA ETF;Miscellaneous;;bdr
BIBB39;ISHARES BIOTECHNOLOGY ETF;Miscellaneous;;bdr
FIND11;FIND11;Miscellaneous;;fund
BPAC3;BCO BTG PACTUAL S.A.;Finance;Bancos;stock
INEP4;INEPAR S.A. INDUSTRIA E CONSTRUCOES;Producer Manufacturing;;stock
QCOM34;QCOM34;Electronic Technology;;bdr
MSCD34;MSCD34;Finance;;bdr
MATB11;MATB11;Miscellaneous;;fund
JDCO34;JDCO34;Retail Trade;;bdr
AALR3;ALLIANÇA SAÚDE E PARTICIPAÇÕES S.A.;Health Services;Serv.Méd.Hospit..Análises e Diagnósticos;stock
ALPA3;ALPARGATAS S.A.;Consumer Non-Durables;Calçados;stock
TASA3;TAURUS ARMAS S.A.;Electronic Technology;Armas e Munições;stock
T1SC34;T1SC34;Retail Trade;;bdr
PFIZ34;PFIZ34;Health Technology;;bdr
BEES3;BANESTES S.A. - BCO EST ESPIRITO SANTO;Finance;Bancos;stock
B1NT34;B1NT34;Health Technology;;bdr
XFIX11;XFIX11;Miscellaneous;;fund
BMEB3;BCO MERCANTIL DO BRASIL S.A.;Finance;Bancos;stock
BKNG34;BKNG34;Consumer Services;;bdr
TELB4;TELEC BRASILEIRAS S.A. TELEBRAS;Communications;;stock
PDTC3;PADTEC HOLDING S.A.;Electronic Technology;Programas e Serviços;stock
U1BE34;U1BE34;Transportation;;bdr
OIBR4;OI S.A.;Communications;;stock
FCXO34;FCXO34;Non-Energy Minerals;;bdr
BSLI4;BRB BCO DE BRASILIA S.A.;Finance;;stock
K1LA34;K1LA34;Electronic Technology;;bdr
Z1TS34;Z1TS34;Health Technology;;bdr
EALT4;ELECTRO ACO ALTONA S.A.;Producer Manufacturing;;stock
M1NS34;M1NS34;Consumer Non-Durables;;bdr
IBOV11;IBOV11;;;fund
O1TI34;O1TI34;Industrial Services;;bdr
FSTU11;FSTU11;Finance;;fund
SSFO34;SSFO34;Technology Services;;bdr
OXYP34;OXYP34;Energy Minerals;;bdr
BRAX11;BRAX11;Miscellaneous;;fund
MCDC34;MCDC34;Consumer Services;;bdr
S1NP34;S1NP34;Technology Services;;bdr
BEEM39;ISHARES MSCI EMERGING MARKETS ETF;Miscellaneous;;bdr
PATI3;PANATLANTICA S.A.;Producer Manufacturing;Artefatos de Ferro e Aço;stock
A1MT34;A1MT34;Producer Manufacturing;;bdr
S1BS34;S1BS34;Non-Energy Minerals;;bdr
EXXO34;EXXO34;Energy Minerals;;bdr
JNJB34;JNJB34;Health Technology;;bdr
D1DG34;D1DG34;Technology Services;;bdr
ADBE34;ADBE34;Technology Services;;bdr
FSRF11;FSRF11;Miscellaneous;;fund
WHRL4;WHIRLPOOL S.A.;Consumer Durables;;stock
M1RN34;M1RN34;Health Technology;;bdr
BRSR3;BCO ESTADO DO RIO GRANDE DO SUL S.A.;Finance;Bancos;stock
W1DA34;W1DA34;Technology Services;;bdr
INTU34;INTU34;Technology Services;;bdr
ENGI4;ENERGISA S.A.;Utilities;;stock
UNIP3;UNIPAR CARBOCLORO S.A.;Process Industries;Químicos Diversos;stock
BACW39;ISHARES MSCI ACWI ETF;Miscellaneous;;bdr
WHRL3;WHIRLPOOL S.A.;Consumer Durables;Eletrodomésticos;stock
BEWG39;ISHARES MSCI GERMANY ETF;Miscellaneous;;bdr
LOGN3;LOG-IN LOGISTICA INTERMODAL S.A.;Transportation;Transporte Hidroviário;stock
CGRA4;GRAZZIOTIN S.A.;Retail Trade;;stock
EQPA3;EQUATORIAL PARA DISTRIBUIDORA DE ENERGIA S.A.;Utilities;Energia Elétrica;stock
UNHH34;UNHH34;Health Services;;bdr
DOHL4;DOHLER S.A.;Process Industries;;stock
BOAC34;BOAC34;Finance;;bdr
S1KM34;S1KM34;Communications;;bdr
EMAE4;EMAE - EMPRESA METROP.AGUAS ENERGIA S.A.;Utilities;;stock
CTGP34;CTGP34;Finance;;bdr
BLAK34;BLAK34;Finance;;bdr
CHCM34;CHCM34;Consumer Services;;bdr
UCAS3;UNICASA INDÚSTRIA DE MÓVEIS S.A.;Consumer Durables;Móveis;stock
SNSY5;SANSUY S.A. INDUSTRIA DE PLASTICOS;Producer Manufacturing;;stock
GSGI34;GSGI34;Finance;;bdr
CHVX34;CHVX34;Energy Minerals;;bdr
CMCS34;CMCS34;Consumer Services;;bdr
E1CO34;E1CO34;Energy Minerals;;bdr
T1OW34;T1OW34;Finance;;bdr
BRZP11;BRZP11;;;fund
P1DD34;P1DD34;Retail Trade;;bdr
FHER3;FERTILIZANTES HERINGER S.A.;Process Industries;Fertilizantes e Defensivos;stock
CEDO4;CIA FIACAO TECIDOS CEDRO CACHOEIRA;Process Industries;;stock
BEWJ39;ISHARES MSCI JAPAN ETF;Miscellaneous;;bdr
TMCO34;TMCO34;Consumer Durables;;bdr
RPAD6;ALFA HOLDINGS S.A.;Finance;;stock
ENGI3;ENERGISA S.A.;Utilities;Energia Elétrica;stock
MRCK34;MRCK34;Health Technology;;bdr
PPEI11;PPEI11;;;fund
MOSC34;MOSC34;Process Industries;;bdr
COCE5;CIA ENERGETICA DO CEARA - COELCE;Utilities;;stock
W1IX34;W1IX34;Technology Services;;bdr
B1AM34;B1AM34;Finance;;bdr
BIDU34;BIDU34;Technology Services;;bdr
CSCO34;CSCO34;Electronic Technology;;bdr
CEBR3;CIA ENERGETICA DE BRASILIA;Utilities;Energia Elétrica;stock
CTKA4;KARSTEN S.A.;Process Industries;;stock
BIJH39;ISHARES CORE S&P MID-CAP ETF;Miscellaneous;;bdr
M1DB34;M1DB34;Technology Services;;bdr
BIEM39;ISHARES CORE MSCI EMERGING MARKETS ETF;Miscellaneous;;bdr
CLSC4;CENTRAIS ELET DE SANTA CATARINA S.A.;Utilities;;stock
BIYW39;ISHARES US TECHNOLOGY ETF;Miscellaneous;;bdr
NEXT34;NEXT34;Utilities;;bdr
CTAX3;CTAX3;Commercial Services;;stock
VIGT11;VIGT11;;;fund
W1DC34;W1DC34;Electronic Technology;;bdr
REDE3;REDE ENERGIA PARTICIPAÇÕES S.A.;Utilities;Energia Elétrica;stock
SNEC34;SNEC34;Electronic Technology;;bdr
B1TI34;B1TI34;Consumer Non-Durables;;bdr
A1NE34;A1NE34;Electronic Technology;;bdr
BIVB39;ISHARES CORE S&P 500 ETF;Miscellaneous;;bdr
COWC34;COWC34;Retail Trade;;bdr
H1SB34;H1SB34;Finance;;bdr
G1FI34;G1FI34;Non-Energy Minerals;;bdr
B1IL34;B1IL34;Technology Services;;bdr
ENMT3;ENERGISA MATO GROSSO-DISTRIBUIDORA DE ENERGIA S/A;Utilities;Energia Elétrica;stock
VIVR3;VIVER INCORPORADORA E CONSTRUTORA S.A.;Consumer Durables;Incorporações;stock
PHGN34;PHGN34;Health Services;;bdr
I1VZ34;I1VZ34;Finance;;bdr
LBRD34;LBRD34;Communications;;bdr
BIEU39;ISHARES CORE MSCI EUROPE ETF;Miscellaneous;;bdr
RSUL4;METALURGICA RIOSULENSE S.A.;Producer Manufacturing;;stock
MNPR3;MINUPAR PARTICIPACOES S.A.;Process Industries;Carnes e Derivados;stock
CEBR5;CIA ENERGETICA DE BRASILIA;Utilities;;stock
CRPG6;TRONOX PIGMENTOS DO BRASIL S.A.;Process Industries;;stock
PEPB34;PEPB34;Consumer Non-Durables;;bdr
A1DI34;A1DI34;Electronic Technology;;bdr
N1EM34;N1EM34;Non-Energy Minerals;;bdr
BIAU39;ISHARES GOLD TRUST;Miscellaneous;;bdr
BAAX39;ISHARES MSCI ALL COUNTRY ASIA EX JAPAN ETF;Miscellaneous;;bdr
SMAC11;SMAC11;Miscellaneous;;fund
BEES4;BANESTES S.A. - BCO EST ESPIRITO SANTO;Finance;;stock
BGIP4;BCO ESTADO DE SERGIPE S.A. - BANESE;Finance;;stock
CALI3;CONSTRUTORA ADOLPHO LINDENBERG S.A.;Industrial Services;Incorporações;stock
BPAC5;BCO BTG PACTUAL S.A.;Finance;;stock
PGCO34;PGCO34;Consumer Non-Durables;;bdr
RIOT34;RIOT34;Non-Energy Minerals;;bdr
CEBR6;CIA ENERGETICA DE BRASILIA;Utilities;;stock
NUTR3;NUTRIPLANT INDUSTRIA E COMERCIO S.A.;Process Industries;Fertilizantes e Defensivos;stock
RIGG34;RIGG34;Industrial Services;;bdr
KHCB34;KHCB34;Consumer Non-Durables;;bdr
EQIX34;EQIX34;Finance;;bdr
ENMT4;ENERGISA MATO GROSSO-DISTRIBUIDORA DE ENERGIA S/A;Utilities;;stock
L1MN34;L1MN34;Communications;;bdr
D1OC34;D1OC34;Technology Services;;bdr
CRPG5;TRONOX PIGMENTOS DO BRASIL S.A.;Process Industries;;stock
TXSA34;TXSA34;Non-Energy Minerals;;bdr
WFCO34;WFCO34;Finance;;bdr
MSBR34;MSBR34;Finance;;bdr
RPAD5;ALFA HOLDINGS S.A.;Finance;;stock
BOBR4;BOMBRIL S.A.;Consumer Non-Durables;;stock
T1TW34;T1TW34;Technology Services;;bdr
CATP34;CATP34;Producer Manufacturing;;bdr
B1SX34;B1SX34;Health Technology;;bdr
G1LW34;G1LW34;Electronic Technology;;bdr
ABUD34;ABUD34;Consumer Non-Durables;;bdr
PSVM11;PORTO SUDESTE V.M. S.A.;Transportation;Serviços de Apoio e Armazenagem;fund
BAZA3;BCO AMAZONIA S.A.;Finance;Bancos;stock
CGAS3;CIA GAS DE SAO PAULO - COMGAS;Utilities;Gás;stock
HAGA3;HAGA S.A. INDUSTRIA E COMERCIO;Consumer Durables;Produtos para Construção;stock
COPH34;COPH34;Energy Minerals;;bdr
ATTB34;ATTB34;Communications;;bdr
GPSI34;GPSI34;Retail Trade;;bdr
AZOI34;AZOI34;Retail Trade;;bdr
GPRK34;GPRK34;Energy Minerals;;bdr
I1PC34;I1PC34;Process Industries;;bdr
MNDL3;MUNDIAL S.A. - PRODUTOS DE CONSUMO;Consumer Non-Durables;Acessórios;stock
GEPA4;RIO PARANAPANEMA ENERGIA S.A.;Utilities;;stock
FDES11;FDES11;;;fund
T1AM34;T1AM34;Technology Services;;bdr
C1HK34;C1HK34;Technology Services;;bdr
A1LB34;A1LB34;Process Industries;;bdr
R1DY34;R1DY34;Health Technology;;bdr
PEAB4;CIA PARTICIPACOES ALIANCA DA BAHIA;Finance;;stock
VERZ34;VERZ34;Communications;;bdr
A1ZN34;A1ZN34;Health Technology;;bdr
BMYB34;BMYB34;Health Technology;;bdr
DEEC34;DEEC34;Producer Manufacturing;;bdr
F1TN34;F1TN34;Technology Services;;bdr
I1QY34;I1QY34;Technology Services;;bdr
TELB3;TELEC BRASILEIRAS S.A. TELEBRAS;Communications;Telecomunicações;stock
BEWU39;ISHARES MSCI UNITED KINGDOM ETF;Miscellaneous;;bdr
BBYY34;BBYY34;Retail Trade;;bdr
GEOO34;GEOO34;Electronic Technology;;bdr
KMIC34;KMIC34;Industrial Services;;bdr
TPRY34;TPRY34;Retail Trade;;bdr
T1WL34;T1WL34;Technology Services;;bdr
ARMT34;ARMT34;Non-Energy Minerals;;bdr
HPQB34;HPQB34;Technology Services;;bdr
A1IV34;A1IV34;Finance;;bdr
SAPP34;SAPP34;Technology Services;;bdr
W1MG34;W1MG34;Commercial Services;;bdr
USIM6;USINAS SID DE MINAS GERAIS S.A.-USIMINAS;Non-Energy Minerals;;stock
CGRA3;GRAZZIOTIN S.A.;Retail Trade;Tecidos. Vestuário e Calçados;stock
BEWP39;ISHARES MSCI SPAIN ETF;Miscellaneous;;bdr
BUSM39;ISHARES MSCI USA MIN VOL FACTOR ETF;Miscellaneous;;bdr
D1EL34;D1EL34;Electronic Technology;;bdr
BNDA39;ISHARES MSCI INDIA ETF;Miscellaneous;;bdr
BIXN39;ISHARES GLOBAL TECH ETF;Miscellaneous;;bdr
ABBV34;ABBV34;Health Technology;;bdr
D1LR34;D1LR34;Finance;;bdr
F1SL34;F1SL34;Technology Services;;bdr
C1DN34;C1DN34;Technology Services;;bdr
PLAS3;PLASCAR PARTICIPACOES INDUSTRIAIS S.A.;Producer Manufacturing;Automóveis e Motocicletas;stock
FPOR11;FPOR11;;;fund
FESA3;CIA FERRO LIGAS DA BAHIA - FERBASA;Non-Energy Minerals;Siderurgia;stock
HBTS5;CIA HABITASUL DE PARTICIPACOES;Finance;;stock
S1JM34;S1JM34;Consumer Non-Durables;;bdr
COLG34;COLG34;Consumer Non-Durables;;bdr
N1TA34;N1TA34;Electronic Technology;;bdr
A1UT34;A1UT34;Technology Services;;bdr
USBC34;USBC34;Finance;;bdr
F1MC34;F1MC34;Process Industries;;bdr
I1SR34;I1SR34;Health Technology;;bdr
BEWT39;ISHARES MSCI TAIWAN ETF;Miscellaneous;;bdr
S1TT34;S1TT34;Finance;;bdr
TSNF34;TSNF34;Consumer Non-Durables;;bdr
OFSA3;OUROFINO S.A.;Health Technology;Medicamentos e Outros Produtos;stock
CGAS5;CIA GAS DE SAO PAULO - COMGAS;Utilities;;stock
CBEE3;AMPLA ENERGIA E SERVICOS S.A.;Utilities;Energia Elétrica;stock
PATI4;PANATLANTICA S.A.;Producer Manufacturing;;stock
E1TN34;E1TN34;Producer Manufacturing;;bdr
AXPB34;AXPB34;Finance;;bdr
C1BL34;C1BL34;Finance;;bdr
N1WG34;N1WG34;Finance;;bdr
V1OD34;V1OD34;Communications;;bdr
C1MG34;C1MG34;Consumer Services;;bdr
STMN34;STMN34;Electronic Technology;;bdr
T1MU34;T1MU34;Communications;;bdr
P1EA34;P1EA34;Finance;;bdr
S1TX34;S1TX34;Electronic Technology;;bdr
A1LL34;A1LL34;Finance;;bdr
BAER39;ISHARES US AEROSPACE & DEFENSE ETF;Miscellaneous;;bdr
SCHW34;SCHW34;Finance;;bdr
L1UL34;L1UL34;Consumer Non-Durables;;bdr
Z1OM34;Z1OM34;Technology Services;;bdr
RYTT34;RYTT34;Electronic Technology;;bdr
H1ST34;H1ST34;Finance;;bdr
F1NI34;F1NI34;Technology Services;;bdr
FSLR34;FSLR34;Electronic Technology;;bdr
OSXB3;OSX BRASIL S.A.;Industrial Services;Equipamentos e Serviços;stock
WLMM4;WLM PART. E COMÉRCIO DE MÁQUINAS E VEÍCULOS S.A.;Distribution Services;;stock
EKTR4;ELEKTRO REDES S.A.;Utilities;;stock
SOND5;SONDOTECNICA ENGENHARIA SOLOS S.A.;Industrial Services;;stock
AFLT3;AFLUENTE TRANSMISSÃO DE ENERGIA ELÉTRICA S/A;Utilities;Energia Elétrica;stock
WLMM3;WLM PART. E COMÉRCIO DE MÁQUINAS E VEÍCULOS S.A.;Distribution Services;Material de Transporte;stock
UNIP5;UNIPAR CARBOCLORO S.A.;Process Industries;;stock
H1PE34;H1PE34;Electronic Technology;;bdr
O1KT34;O1KT34;Technology Services;;bdr
G1SK34;G1SK34;Health Technology;;bdr
UPSS34;UPSS34;Transportation;;bdr
A1RG34;A1RG34;Health Technology;;bdr
M1PC34;M1PC34;Energy Minerals;;bdr
GOGL35;GOGL35;Technology Services;;bdr
R1IN34;R1IN34;Finance;;bdr
Q1UA34;Q1UA34;Industrial Services;;bdr
GOVE11;GOVE11;Miscellaneous;;fund
B1PP34;B1PP34;Energy Minerals;;bdr
T1CH34;T1CH34;Health Technology;;bdr
I1LM34;I1LM34;Health Technology;;bdr
DEOP34;DEOP34;Consumer Non-Durables;;bdr
SPGI34;SPGI34;Commercial Services;;bdr
N1CL34;N1CL34;Consumer Services;;bdr
ELCI34;ELCI34;Consumer Non-Durables;;bdr
P1DT34;P1DT34;Finance;;bdr
E1QN34;E1QN34;Energy Minerals;;bdr
N1IC34;N1IC34;Technology Services;;bdr
PHMO34;PHMO34;Consumer Non-Durables;;bdr
PEAB3;CIA PARTICIPACOES ALIANCA DA BAHIA;Finance;Exploração de Imóveis;stock
CEEB3;CIA ELETRICIDADE EST. DA BAHIA - COELBA;Utilities;Energia Elétrica;stock
I1QV34;I1QV34;Health Technology;;bdr
NORD3;NORDON INDUSTRIAS METALURGICAS S.A.;Producer Manufacturing;Máq. e Equip. Industriais;stock
COCE3;CIA ENERGETICA DO CEARA - COELCE;Utilities;Energia Elétrica;stock
A1FL34;A1FL34;Finance;;bdr
SOND6;SONDOTECNICA ENGENHARIA SOLOS S.A.;Industrial Services;;stock
MRSA5B;MRS LOGISTICA S.A.;Transportation;;stock
UPAC34;UPAC34;Transportation;;bdr
EUCA3;EUCATEX S.A. INDUSTRIA E COMERCIO;Non-Energy Minerals;Madeira;stock
EALT3;ELECTRO ACO ALTONA S.A.;Producer Manufacturing;Máq. e Equip. Industriais;stock
HOOT4;HOTEIS OTHON S.A.;Consumer Services;;stock
HOME34;HOME34;Retail Trade;;bdr
ISUS11;ISUS11;Miscellaneous;;fund
BBSD11;BBSD11;Miscellaneous;;fund
BIEF39;ISHARES CORE MSCI EAFE ETF;Miscellaneous;;bdr
ORLY34;ORLY34;Retail Trade;;bdr
R1KU34;R1KU34;Technology Services;;bdr
A1ON34;A1ON34;Finance;;bdr
MDTC34;MDTC34;Health Technology;;bdr
P1LD34;P1LD34;Finance;;bdr
I1NC34;I1NC34;Health Technology;;bdr
GPRO34;GPRO34;Consumer Durables;;bdr
CHME34;CHME34;Finance;;bdr
FDMO34;FDMO34;Consumer Durables;;bdr
G1DS34;G1DS34;Technology Services;;bdr
M1CK34;M1CK34;Distribution Services;;bdr
ABTT34;ABTT34;Health Technology;;bdr
HOND34;HOND34;Consumer Durables;;bdr
BITO39;ISHARES CORE S&P TOTAL US STOCK MARKET ETF;Miscellaneous;;bdr
A1LG34;A1LG34;Health Technology;;bdr
GMCO34;GMCO34;Consumer Durables;;bdr
MMMC34;MMMC34;Producer Manufacturing;;bdr
M1CH34;M1CH34;Electronic Technology;;bdr
TMOS34;TMOS34;Health Technology;;bdr
A1TT34;A1TT34;Finance;;bdr
V1NO34;V1NO34;Finance;;bdr
L1YG34;L1YG34;Finance;;bdr
AMGN34;AMGN34;Health Technology;;bdr
ECOO11;ECOO11;Miscellaneous;;fund
STZB34;STZB34;Consumer Non-Durables;;bdr
VRTX34;VRTX34;Health Technology;;bdr
T1RO34;T1RO34;Finance;;bdr
P1GR34;P1GR34;Finance;;bdr
A1PD34;A1PD34;Process Industries;;bdr
O1KE34;O1KE34;Industrial Services;;bdr
MAPT3;CEMEPE INVESTIMENTOS S.A.;Miscellaneous;Outros;stock
N1WL34;N1WL34;Producer Manufacturing;;bdr
CEGR3;CIA DISTRIB DE GAS DO RIO DE JANEIRO-CEG;Utilities;Gás;stock
RPAD3;ALFA HOLDINGS S.A.;Finance;Bancos;stock
CLSC3;CENTRAIS ELET DE SANTA CATARINA S.A.;Utilities;Energia Elétrica;stock
EQMA3B;EQUATORIAL MARANHÃO DISTRIBUIDORA DE ENERGIA S.A.;Utilities;;stock
ESTR4;MANUFATURA DE BRINQUEDOS ESTRELA S.A.;Consumer Durables;;stock
BDLL3;BARDELLA S.A. INDUSTRIAS MECANICAS;Producer Manufacturing;Máq. e Equip. Industriais;stock
MSPA3;CIA MELHORAMENTOS DE SAO PAULO;Process Industries;Papel e Celulose;stock
H1UM34;H1UM34;Health Services;;bdr
BALM4;BAUMER S.A.;Health Technology;;stock
MTSA4;METISA METALURGICA TIMBOENSE S.A.;Producer Manufacturing;;stock
AHEB3;SAO PAULO TURISMO S.A.;Commercial Services;Produção de Eventos e Shows;stock
BNBR3;BCO NORDESTE DO BRASIL S.A.;Finance;Bancos;stock
A1JG34;A1JG34;Finance;;bdr
BRKM6;BRASKEM S.A.;Process Industries;;stock
BEWW39;ISHARES MSCI MEXICO ETF;Miscellaneous;;bdr
MRSA3B;MRS LOGISTICA S.A.;Transportation;;stock
BALM3;BAUMER S.A.;Health Technology;Equipamentos;stock
MWET4;WETZEL S.A.;Producer Manufacturing;;stock
BGIP3;BCO ESTADO DE SERGIPE S.A. - BANESE;Finance;Bancos;stock
LUPA3;LUPATECH S.A.;Producer Manufacturing;Equipamentos e Serviços;stock
BDLL4;BARDELLA S.A. INDUSTRIAS MECANICAS;Producer Manufacturing;;stock
BRSR5;BCO ESTADO DO RIO GRANDE DO SUL S.A.;Finance;;stock
GSHP3;GENERAL SHOPPING E OUTLETS DO BRASIL S.A.;Finance;Exploração de Imóveis;stock
M1MC34;M1MC34;Finance;;bdr
BMIN4;BCO MERCANTIL DE INVESTIMENTOS S.A.;Finance;;stock
T1DG34;T1DG34;Electronic Technology;;bdr
M1TT34;M1TT34;Consumer Services;;bdr
AWII34;AWII34;Producer Manufacturing;;bdr
IBMB34;IBMB34;Technology Services;;bdr
S1PO34;S1PO34;Technology Services;;bdr
NOCG34;NOCG34;Electronic Technology;;bdr
BCSA34;BCSA34;Finance;;bdr
W1BO34;W1BO34;Technology Services;;bdr
BMKS3;BICICLETAS MONARK S.A.;Consumer Durables;Bicicletas;stock
W1EL34;W1EL34;Finance;;bdr
C1NC34;C1NC34;Health Services;;bdr
A1AP34;A1AP34;Retail Trade;;bdr
BEFA39;ISHARES MSCI EAFE ETF;Miscellaneous;;bdr
N1DA34;N1DA34;Finance;;bdr
MDLZ34;MDLZ34;Consumer Non-Durables;;bdr
NETE34;NETE34;Technology Services;;bdr
BEGU39;ISHARES ESG AWARE MSCI USA ETF;Miscellaneous;;bdr
B1WA34;B1WA34;Producer Manufacturing;;bdr
U1AI34;U1AI34;Consumer Non-Durables;;bdr
D1EX34;D1EX34;Health Technology;;bdr
A1SN34;A1SN34;Health Technology;;bdr
C1AB34;C1AB34;Consumer Services;;bdr
BEWZ39;ISHARES MSCI BRAZIL ETF;Miscellaneous;;bdr
XRXB34;XRXB34;Electronic Technology;;bdr
BIYF39;ISHARES US FINANCIALS ETF;Miscellaneous;;bdr
T1EL34;T1EL34;Electronic Technology;;bdr
C1RR34;C1RR34;Producer Manufacturing;;bdr
ADPR34;ADPR34;Technology Services;;bdr
A1RE34;A1RE34;Finance;;bdr
BEZU39;ISHARES MSCI EUROZONE ETF;Miscellaneous;;bdr
C1NS34;C1NS34;Process Industries;;bdr
G1PI34;G1PI34;Finance;;bdr
W1MC34;W1MC34;Industrial Services;;bdr
F1AN34;F1AN34;Energy Minerals;;bdr
S1YM34;S1YM34;Technology Services;;bdr
W1PP34;W1PP34;Commercial Services;;bdr
CVSH34;CVSH34;Retail Trade;;bdr
M1SC34;M1SC34;Commercial Services;;bdr
CLXC34;CLXC34;Consumer Non-Durables;;bdr
P1HC34;P1HC34;Producer Manufacturing;;bdr
BILF39;ISHARES LATIN AMERICA 40 ETF;Miscellaneous;;bdr
N1VS34;N1VS34;Health Technology;;bdr
H1II34;H1II34;Electronic Technology;;bdr
J1CI34;J1CI34;Producer Manufacturing;;bdr
SLBG34;SLBG34;Industrial Services;;bdr
BDVY39;ISHARES SELECT DIVIDEND ETF;Miscellaneous;;bdr
BEGD39;ISHARES ESG AWARE MSCI EAFE ETF;Miscellaneous;;bdr
C1FG34;C1FG34;Finance;;bdr
R1YA34;R1YA34;Transportation;;bdr
P1PL34;P1PL34;Utilities;;bdr
U1LT34;U1LT34;Retail Trade;;bdr
A1TM34;A1TM34;Utilities;;bdr
TRVC34;TRVC34;Finance;;bdr
A1MP34;A1MP34;Finance;;bdr
A1CR34;A1CR34;Process Industries;;bdr
R1OL34;R1OL34;Commercial Services;;bdr
A1KA34;A1KA34;Technology Services;;bdr
ARNC34;ARNC34;Electronic Technology;;bdr
F1IS34;F1IS34;Commercial Services;;bdr
REGN34;REGN34;Health Technology;;bdr
HONB34;HONB34;Producer Manufacturing;;bdr
T1EV34;T1EV34;Health Technology;;bdr
S1YK34;S1YK34;Health Technology;;bdr
BCHI39;ISHARES MSCI CHINA ETF;Miscellaneous;;bdr
S1HW34;S1HW34;Process Industries;;bdr
UBSG34;UBSG34;Finance;;bdr
INGG34;INGG34;Finance;;bdr
Z1BR34;Z1BR34;Electronic Technology;;bdr
M1KT34;M1KT34;Finance;;bdr
I1FO34;I1FO34;Technology Services;;bdr
U1RI34;U1RI34;Finance;;bdr
K1TC34;K1TC34;Communications;;bdr
G1AR34;G1AR34;Technology Services;;bdr
N1SC34;N1SC34;Transportation;;bdr
CPRL34;CPRL34;Transportation;;bdr
I1RP34;I1RP34;Producer Manufacturing;;bdr
HALI34;HALI34;Industrial Services;;bdr
A1EG34;A1EG34;Finance;;bdr
CNIC34;CNIC34;Transportation;;bdr
B1AX34;B1AX34;Health Technology;;bdr
BIXJ39;ISHARES GLOBAL HEALTHCARE ETF;Miscellaneous;;bdr
C1OO34;C1OO34;Health Technology;;bdr
W1MB34;W1MB34;Industrial Services;;bdr
S1RP34;S1RP34;Health Technology;;bdr
N1IS34;N1IS34;Utilities;;bdr
S1LG34;S1LG34;Finance;;bdr
MCOR34;MCOR34;Commercial Services;;bdr
BILB34;BILB34;Finance;;bdr
LMTB34;LMTB34;Electronic Technology;;bdr
MOOO34;MOOO34;Consumer Non-Durables;;bdr
BONY34;BONY34;Finance;;bdr
H1FC34;H1FC34;Energy Minerals;;bdr
E1MN34;E1MN34;Process Industries;;bdr
N1GG34;N1GG34;Utilities;;bdr
R1HI34;R1HI34;Commercial Services;;bdr
DBAG34;DBAG34;Finance;;bdr
VFCO34;VFCO34;Consumer Non-Durables;;bdr
SBUB34;SBUB34;Consumer Services;;bdr
N1XP34;N1XP34;Electronic Technology;;bdr
A1PA34;A1PA34;Energy Minerals;;bdr
CSXC34;CSXC34;Transportation;;bdr
ULEV34;ULEV34;Consumer Non-Durables;;bdr
A1LN34;A1LN34;Health Technology;;bdr
H1DB34;H1DB34;Finance;;bdr
E1MR34;E1MR34;Electronic Technology;;bdr
E1QR34;E1QR34;Finance;;bdr
B1FC34;B1FC34;Consumer Non-Durables;;bdr
B1RF34;B1RF34;Technology Services;;bdr
TEXA34;TEXA34;Electronic Technology;;bdr
U1AL34;U1AL34;Transportation;;bdr
WUNI34;WUNI34;Finance;;bdr
SIMN34;SIMN34;Finance;;bdr
V1IP34;V1IP34;Retail Trade;;bdr
GILD34;GILD34;Health Technology;;bdr
DGCO34;DGCO34;Retail Trade;;bdr
G1WW34;G1WW34;Distribution Services;;bdr
TGTB34;TGTB34;Retail Trade;;bdr
I1RM34;I1RM34;Finance;;bdr
C1TV34;C1TV34;Process Industries;;bdr
S1RE34;S1RE34;Utilities;;bdr
D1OW34;D1OW34;Process Industries;;bdr
PPLA11;PPLA PARTICIPATIONS LTD.;Finance;Gestão de Recursos e Investimentos;bdr
N1RG34;N1RG34;Utilities;;bdr
XBOV11;XBOV11;Miscellaneous;;fund
A1GI34;A1GI34;Health Technology;;bdr
M1LC34;M1LC34;Consumer Services;;bdr
W1AB34;W1AB34;Producer Manufacturing;;bdr
AALL34;AALL34;Transportation;;bdr
C1AH34;C1AH34;Distribution Services;;bdr
R1EG34;R1EG34;Finance;;bdr
L1HX34;L1HX34;Electronic Technology;;bdr
A1PH34;A1PH34;Electronic Technology;;bdr
M1AA34;M1AA34;Finance;;bdr
M1GM34;M1GM34;Consumer Services;;bdr
O1DF34;O1DF34;Transportation;;bdr
FASL34;FASL34;Distribution Services;;bdr
S1MF34;S1MF34;Finance;;bdr
DVAI34;DVAI34;Health Services;;bdr
M1UF34;M1UF34;Finance;;bdr
K1BF34;K1BF34;Finance;;bdr
J1EF34;J1EF34;Finance;;bdr
C1CL34;C1CL34;Consumer Services;;bdr
B1CS34;B1CS34;Finance;;bdr
P1YC34;P1YC34;Technology Services;;bdr
CTSH34;CTSH34;Technology Services;;bdr
R1JF34;R1JF34;Finance;;bdr
B1LL34;B1LL34;Process Industries;;bdr
C1IC34;C1IC34;Health Services;;bdr
B1KR34;B1KR34;Industrial Services;;bdr
C1CI34;C1CI34;Finance;;bdr
A1BB34;NÃO ENCONTRADO;;;
A1BM34;NÃO ENCONTRADO;;;
A1DM34;NÃO ENCONTRADO;;;
A1EE34;NÃO ENCONTRADO;;;
A1EN34;NÃO ENCONTRADO;;;
A1EP34;NÃO ENCONTRADO;;;
A1ES34;NÃO ENCONTRADO;;;
A1GN34;NÃO ENCONTRADO;;;
A1LK34;NÃO ENCONTRADO;;;
A1LX34;NÃO ENCONTRADO;;;
A1MB34;NÃO ENCONTRADO;;;
A1ME34;NÃO ENCONTRADO;;;
A1MX34;NÃO ENCONTRADO;;;
A1NS34;NÃO ENCONTRADO;;;
A1NT34;NÃO ENCONTRADO;;;
A1OS34;NÃO ENCONTRADO;;;
A1SU34;NÃO ENCONTRADO;;;
A1TH34;NÃO ENCONTRADO;;;
A1UA34;NÃO ENCONTRADO;;;
A1VB34;NÃO ENCONTRADO;;;
A1VY34;NÃO ENCONTRADO;;;
A1WK34;NÃO ENCONTRADO;;;
A1YX34;NÃO ENCONTRADO;;;
AALC11B;NÃO ENCONTRADO;;;
AALC34;NÃO ENCONTRADO;;;
AAPL11B;NÃO ENCONTRADO;;;
ABC 5;NÃO ENCONTRADO;;;
ABCB11;NÃO ENCONTRADO;;;
ABNB3;NÃO ENCONTRADO;;;
ABRE11;NÃO ENCONTRADO;;;
ABRE3;NÃO ENCONTRADO;;;
ABTT11B;NÃO ENCONTRADO;;;
ABYA3;NÃO ENCONTRADO;;;
ACE 3;NÃO ENCONTRADO;;;
ACE 4;NÃO ENCONTRADO;;;
ACE 5;NÃO ENCONTRADO;;;
ACE 6;NÃO ENCONTRADO;;;
ACE 7;NÃO ENCONTRADO;;;
ACES3;NÃO ENCONTRADO;;;
ACES4;NÃO ENCONTRADO;;;
ACGU3;NÃO ENCONTRADO;;;
ACNB34;NÃO ENCONTRADO;;;
ADHM3;NÃO ENCONTRADO;;;
AEDU11;NÃO ENCONTRADO;;;
AEDU3;NÃO ENCONTRADO;;;
AELP3;NÃO ENCONTRADO;;;
AESL3;NÃO ENCONTRADO;;;
AESL4;NÃO ENCONTRADO;;;
AETB34;NÃO ENCONTRADO;;;
AFLU3;NÃO ENCONTRADO;;;
AFLU5;NÃO ENCONTRADO;;;
AGEI3;NÃO ENCONTRADO;;;
AGEN11;NÃO ENCONTRADO;;;
AGIN3;NÃO ENCONTRADO;;;
AGR 3;NÃO ENCONTRADO;;;
AGR 4;NÃO ENCONTRADO;;;
AGRA3;NÃO ENCONTRADO;;;
AGRA4;NÃO ENCONTRADO;;;
AHE 3;NÃO ENCONTRADO;;;
AHE 5;NÃO ENCONTRADO;;;
AHE 6;NÃO ENCONTRADO;;;
AHEB5;NÃO ENCONTRADO;;;
AHEB6;NÃO ENCONTRADO;;;
AIGB34;NÃO ENCONTRADO;;;
ALB 3;NÃO ENCONTRADO;;;
ALBA3;NÃO ENCONTRADO;;;
ALLL11;NÃO ENCONTRADO;;;
ALLL3;NÃO ENCONTRADO;;;
ALLL4;NÃO ENCONTRADO;;;
ALMI11B;NÃO ENCONTRADO;;;
ALP 3;NÃO ENCONTRADO;;;
ALP 4;NÃO ENCONTRADO;;;
ALSC3;NÃO ENCONTRADO;;;
ALSO3;NÃO ENCONTRADO;;;
ALT 3;NÃO ENCONTRADO;;;
ALT 4;NÃO ENCONTRADO;;;
AMBV3;NÃO ENCONTRADO;;;
AMBV4;NÃO ENCONTRADO;;;
AMCE3;NÃO ENCONTRADO;;;
AMGN11B;NÃO ENCONTRADO;;;
AMIL3;NÃO ENCONTRADO;;;
AML 4;NÃO ENCONTRADO;;;
AMLC4;NÃO ENCONTRADO;;;
AMPI3;NÃO ENCONTRADO;;;
AMRI8;NÃO ENCONTRADO;;;
AMS 3;NÃO ENCONTRADO;;;
AMS 4;NÃO ENCONTRADO;;;
AMSL3;NÃO ENCONTRADO;;;
AMSL4;NÃO ENCONTRADO;;;
AMZO11B;NÃO ENCONTRADO;;;
ANDG3B;NÃO ENCONTRADO;;;
ANDG4B;NÃO ENCONTRADO;;;
ANDV34;NÃO ENCONTRADO;;;
ANO 3;NÃO ENCONTRADO;;;
ANO 5;NÃO ENCONTRADO;;;
ANO 6;NÃO ENCONTRADO;;;
ANP 5;NÃO ENCONTRADO;;;
ANP 6;NÃO ENCONTRADO;;;
ANPB5;NÃO ENCONTRADO;;;
ANR 3;NÃO ENCONTRADO;;;
ANR 5;NÃO ENCONTRADO;;;
ANR 6;NÃO ENCONTRADO;;;
ANRN5;NÃO ENCONTRADO;;;
ANT 3;NÃO ENCONTRADO;;;
ANT 4;NÃO ENCONTRADO;;;
ANTA3;NÃO ENCONTRADO;;;
ANTA4;NÃO ENCONTRADO;;;
AORE3;NÃO ENCONTRADO;;;
APER3;NÃO ENCONTRADO;;;
APHA3;NÃO ENCONTRADO;;;
APHP3B;NÃO ENCONTRADO;;;
APT 4;NÃO ENCONTRADO;;;
APTI4;NÃO ENCONTRADO;;;
APTV34;NÃO ENCONTRADO;;;
AQT 4;NÃO ENCONTRADO;;;
ARA 3;NÃO ENCONTRADO;;;
ARA 5;NÃO ENCONTRADO;;;
ARA 6;NÃO ENCONTRADO;;;
ARA 7;NÃO ENCONTRADO;;;
ARC 3;NÃO ENCONTRADO;;;
ARC 5;NÃO ENCONTRADO;;;
ARC 6;NÃO ENCONTRADO;;;
ARCE3;NÃO ENCONTRADO;;;
ARCZ3;NÃO ENCONTRADO;;;
ARCZ5;NÃO ENCONTRADO;;;
ARCZ6;NÃO ENCONTRADO;;;
ARL 3;NÃO ENCONTRADO;;;
ARL 4;NÃO ENCONTRADO;;;
ARLA3;NÃO ENCONTRADO;;;
ARLA4;NÃO ENCONTRADO;;;
ARMT11B;NÃO ENCONTRADO;;;
ARN 3;NÃO ENCONTRADO;;;
ARN 4;NÃO ENCONTRADO;;;
ARNO4;NÃO ENCONTRADO;;;
ARP 3;NÃO ENCONTRADO;;;
ARP 4;NÃO ENCONTRADO;;;
ARPS3;NÃO ENCONTRADO;;;
ARPS4;NÃO ENCONTRADO;;;
ART 3;NÃO ENCONTRADO;;;
ART 4;NÃO ENCONTRADO;;;
ARTE3;NÃO ENCONTRADO;;;
ARTE4;NÃO ENCONTRADO;;;
ARTR3;NÃO ENCONTRADO;;;
ARZZ3;NÃO ENCONTRADO;;;
ASS 3;NÃO ENCONTRADO;;;
ASSM3;NÃO ENCONTRADO;;;
ASSM4;NÃO ENCONTRADO;;;
AST 4;NÃO ENCONTRADO;;;
ASTA4;NÃO ENCONTRADO;;;
ATE 4;NÃO ENCONTRADO;;;
ATEL4;NÃO ENCONTRADO;;;
ATOM3;NÃO ENCONTRADO;;;
ATTB11B;NÃO ENCONTRADO;;;
ATVI34;NÃO ENCONTRADO;;;
AURA32;NÃO ENCONTRADO;;;
AUT 4;NÃO ENCONTRADO;;;
AUTM3;NÃO ENCONTRADO;;;
AUTO4;NÃO ENCONTRADO;;;
AVI 3;NÃO ENCONTRADO;;;
AVI 4;NÃO ENCONTRADO;;;
AVIL3;NÃO ENCONTRADO;;;
AVIL4;NÃO ENCONTRADO;;;
AVLL3;NÃO ENCONTRADO;;;
AVON11B;NÃO ENCONTRADO;;;
AVON34;NÃO ENCONTRADO;;;
AVP 3;NÃO ENCONTRADO;;;
AVPL3;NÃO ENCONTRADO;;;
AXPB11B;NÃO ENCONTRADO;;;
AZE 4;NÃO ENCONTRADO;;;
AZUL4;NÃO ENCONTRADO;;;
B1BL34;NÃO ENCONTRADO;;;
B1BT34;NÃO ENCONTRADO;;;
B1DX34;NÃO ENCONTRADO;;;
B1GN34;NÃO ENCONTRADO;;;
B1MR34;NÃO ENCONTRADO;;;
B1SA34;NÃO ENCONTRADO;;;
BAA 3;NÃO ENCONTRADO;;;
BAA 4;NÃO ENCONTRADO;;;
BAAM3;NÃO ENCONTRADO;;;
BAAM4;NÃO ENCONTRADO;;;
BAC 3;NÃO ENCONTRADO;;;
BAC 4;NÃO ENCONTRADO;;;
BAD 3;NÃO ENCONTRADO;;;
BAH 3;NÃO ENCONTRADO;;;
BAH 4;NÃO ENCONTRADO;;;
BAHI11;NÃO ENCONTRADO;;;
BAHI3;NÃO ENCONTRADO;;;
BAHI4;NÃO ENCONTRADO;;;
BAHI5;NÃO ENCONTRADO;;;
BAL 4;NÃO ENCONTRADO;;;
BAM 3;NÃO ENCONTRADO;;;
BAM 4;NÃO ENCONTRADO;;;
BAN 3;NÃO ENCONTRADO;;;
BAN 4;NÃO ENCONTRADO;;;
BAP 6;NÃO ENCONTRADO;;;
BAQ 3;NÃO ENCONTRADO;;;
BAQ 4;NÃO ENCONTRADO;;;
BAQU3;NÃO ENCONTRADO;;;
BAQU4;NÃO ENCONTRADO;;;
BAR 3;NÃO ENCONTRADO;;;
BAR 4;NÃO ENCONTRADO;;;
BARB3;NÃO ENCONTRADO;;;
BARB4;NÃO ENCONTRADO;;;
BAS 3;NÃO ENCONTRADO;;;
BAS 4;NÃO ENCONTRADO;;;
BAS 5;NÃO ENCONTRADO;;;
BAS 6;NÃO ENCONTRADO;;;
BASU3;NÃO ENCONTRADO;;;
BASU4;NÃO ENCONTRADO;;;
BASU5;NÃO ENCONTRADO;;;
BASU6;NÃO ENCONTRADO;;;
BAU 4;NÃO ENCONTRADO;;;
BAUH4;NÃO ENCONTRADO;;;
BAZ 3;NÃO ENCONTRADO;;;
BB  3;NÃO ENCONTRADO;;;
BB  4;NÃO ENCONTRADO;;;
BBAS4;NÃO ENCONTRADO;;;
BBC 3;NÃO ENCONTRADO;;;
BBC 4;NÃO ENCONTRADO;;;
BBCM12;NÃO ENCONTRADO;;;
BBCM3;NÃO ENCONTRADO;;;
BBCM4;NÃO ENCONTRADO;;;
BBD 3;NÃO ENCONTRADO;;;
BBD 4;NÃO ENCONTRADO;;;
BBFI11B;NÃO ENCONTRADO;;;
BBR 3;NÃO ENCONTRADO;;;
BBRK3;NÃO ENCONTRADO;;;
BBTG11;NÃO ENCONTRADO;;;
BBTG12;NÃO ENCONTRADO;;;
BBTG35;NÃO ENCONTRADO;;;
BBTG36;NÃO ENCONTRADO;;;
BBV 3;NÃO ENCONTRADO;;;
BBV 4;NÃO ENCONTRADO;;;
BBV 5;NÃO ENCONTRADO;;;
BBV 6;NÃO ENCONTRADO;;;
BBVH11;NÃO ENCONTRADO;;;
BBVH12;NÃO ENCONTRADO;;;
BBVT3;NÃO ENCONTRADO;;;
BBVT5;NÃO ENCONTRADO;;;
BBVT6;NÃO ENCONTRADO;;;
BCA 5;NÃO ENCONTRADO;;;
BCA 6;NÃO ENCONTRADO;;;
BCAL6;NÃO ENCONTRADO;;;
BCE 3;NÃO ENCONTRADO;;;
BCE 4;NÃO ENCONTRADO;;;
BCM 4;NÃO ENCONTRADO;;;
BCMG3;NÃO ENCONTRADO;;;
BCN 3;NÃO ENCONTRADO;;;
BCN 4;NÃO ENCONTRADO;;;
BCNA3;NÃO ENCONTRADO;;;
BCNA4;NÃO ENCONTRADO;;;
BDB 3;NÃO ENCONTRADO;;;
BDB 4;NÃO ENCONTRADO;;;
BDE 3;NÃO ENCONTRADO;;;
BDE 4;NÃO ENCONTRADO;;;
BDEP3;NÃO ENCONTRADO;;;
BDEP4;NÃO ENCONTRADO;;;
BDL 3;NÃO ENCONTRADO;;;
BDL 4;NÃO ENCONTRADO;;;
BEB 4;NÃO ENCONTRADO;;;
BEB 8;NÃO ENCONTRADO;;;
BEBA3;NÃO ENCONTRADO;;;
BEBA5;NÃO ENCONTRADO;;;
BEBA6;NÃO ENCONTRADO;;;
BEC 3;NÃO ENCONTRADO;;;
BEC 4;NÃO ENCONTRADO;;;
BECE3;NÃO ENCONTRADO;;;
BECE4;NÃO ENCONTRADO;;;
BEE 3;NÃO ENCONTRADO;;;
BEES11;NÃO ENCONTRADO;;;
BEG 3;NÃO ENCONTRADO;;;
BEG 4;NÃO ENCONTRADO;;;
BEGE39;NÃO ENCONTRADO;;;
BEL 3;NÃO ENCONTRADO;;;
BEL 4;NÃO ENCONTRADO;;;
BELG3;NÃO ENCONTRADO;;;
BELG4;NÃO ENCONTRADO;;;
BEM 3;NÃO ENCONTRADO;;;
BEM 4;NÃO ENCONTRADO;;;
BEMA3;NÃO ENCONTRADO;;;
BEMG3;NÃO ENCONTRADO;;;
BEMG4;NÃO ENCONTRADO;;;
BEP 3;NÃO ENCONTRADO;;;
BEP 4;NÃO ENCONTRADO;;;
BEP 6;NÃO ENCONTRADO;;;
BEPA3;NÃO ENCONTRADO;;;
BEPA4;NÃO ENCONTRADO;;;
BER 3;NÃO ENCONTRADO;;;
BERG3;NÃO ENCONTRADO;;;
BES 3;NÃO ENCONTRADO;;;
BES 4;NÃO ENCONTRADO;;;
BESP3;NÃO ENCONTRADO;;;
BESP4;NÃO ENCONTRADO;;;
BEWH39;NÃO ENCONTRADO;;;
BEX 3;NÃO ENCONTRADO;;;
BEX 4;NÃO ENCONTRADO;;;
BEXC3;NÃO ENCONTRADO;;;
BEXC4;NÃO ENCONTRADO;;;
BFB 3;NÃO ENCONTRADO;;;
BFC 4;NÃO ENCONTRADO;;;
BFI 10;NÃO ENCONTRADO;;;
BFI 3;NÃO ENCONTRADO;;;
BFI 4;NÃO ENCONTRADO;;;
BFIT12;NÃO ENCONTRADO;;;
BFIT3;NÃO ENCONTRADO;;;
BFIT4;NÃO ENCONTRADO;;;
BFRE11;NÃO ENCONTRADO;;;
BFRE12;NÃO ENCONTRADO;;;
BGF 3;NÃO ENCONTRADO;;;
BGF 4;NÃO ENCONTRADO;;;
BGFF3;NÃO ENCONTRADO;;;
BGI 3;NÃO ENCONTRADO;;;
BGI 4;NÃO ENCONTRADO;;;
BGI 6;NÃO ENCONTRADO;;;
BGO 3;NÃO ENCONTRADO;;;
BGO 4;NÃO ENCONTRADO;;;
BGOS3;NÃO ENCONTRADO;;;
BGOS4;NÃO ENCONTRADO;;;
BHEQ3;NÃO ENCONTRADO;;;
BHEQ4;NÃO ENCONTRADO;;;
BHGR3;NÃO ENCONTRADO;;;
BHPG34;NÃO ENCONTRADO;;;
BICB11;NÃO ENCONTRADO;;;
BICB3;NÃO ENCONTRADO;;;
BICB4;NÃO ENCONTRADO;;;
BIDI11;NÃO ENCONTRADO;;;
BIDI3;NÃO ENCONTRADO;;;
BIDI4;NÃO ENCONTRADO;;;
BIGF39;NÃO ENCONTRADO;;;
BIIB34;NÃO ENCONTRADO;;;
BIJR39;NÃO ENCONTRADO;;;
BIO 3;NÃO ENCONTRADO;;;
BIO 5;NÃO ENCONTRADO;;;
BIO 6;NÃO ENCONTRADO;;;
BIO 7;NÃO ENCONTRADO;;;
BIOB3;NÃO ENCONTRADO;;;
BIOB4;NÃO ENCONTRADO;;;
BIOB5;NÃO ENCONTRADO;;;
BIOB6;NÃO ENCONTRADO;;;
BIOB7;NÃO ENCONTRADO;;;
BIOM3M;NÃO ENCONTRADO;;;
BIOM4;NÃO ENCONTRADO;;;
BISA3;NÃO ENCONTRADO;;;
BIV 3;NÃO ENCONTRADO;;;
BIV 4;NÃO ENCONTRADO;;;
BIVT3;NÃO ENCONTRADO;;;
BIVT4;NÃO ENCONTRADO;;;
BKBR3;NÃO ENCONTRADO;;;
BLM 4;NÃO ENCONTRADO;;;
BLME4;NÃO ENCONTRADO;;;
BLP 4;NÃO ENCONTRADO;;;
BMBR4;NÃO ENCONTRADO;;;
BMBR4B;NÃO ENCONTRADO;;;
BMC 3;NÃO ENCONTRADO;;;
BMC 4;NÃO ENCONTRADO;;;
BMC 6;NÃO ENCONTRADO;;;
BMCT12;NÃO ENCONTRADO;;;
BMCT3;NÃO ENCONTRADO;;;
BMCT4;NÃO ENCONTRADO;;;
BME 3;NÃO ENCONTRADO;;;
BME 4;NÃO ENCONTRADO;;;
BMEF3;NÃO ENCONTRADO;;;
BMGB11;NÃO ENCONTRADO;;;
BMI 3;NÃO ENCONTRADO;;;
BMI 4;NÃO ENCONTRADO;;;
BMIN3;NÃO ENCONTRADO;;;
BMK 3;NÃO ENCONTRADO;;;
BMT 3;NÃO ENCONTRADO;;;
BMT 4;NÃO ENCONTRADO;;;
BMTO3;NÃO ENCONTRADO;;;
BMTO4;NÃO ENCONTRADO;;;
BMYB11B;NÃO ENCONTRADO;;;
BNA 3;NÃO ENCONTRADO;;;
BNA 4;NÃO ENCONTRADO;;;
BNB 3;NÃO ENCONTRADO;;;
BNB 4;NÃO ENCONTRADO;;;
BNBR4;NÃO ENCONTRADO;;;
BNCA3;NÃO ENCONTRADO;;;
BNE 3;NÃO ENCONTRADO;;;
BNE 4;NÃO ENCONTRADO;;;
BNET3;NÃO ENCONTRADO;;;
BNET4;NÃO ENCONTRADO;;;
BNN 3;NÃO ENCONTRADO;;;
BOAC11B;NÃO ENCONTRADO;;;
BOAS3;NÃO ENCONTRADO;;;
BOB 4;NÃO ENCONTRADO;;;
BOBR3;NÃO ENCONTRADO;;;
BOEI11B;NÃO ENCONTRADO;;;
BOEI34;NÃO ENCONTRADO;;;
BOVH3;NÃO ENCONTRADO;;;
BOXP34;NÃO ENCONTRADO;;;
BPA 3;NÃO ENCONTRADO;;;
BPAC13;NÃO ENCONTRADO;;;
BPAN4;NÃO ENCONTRADO;;;
BPAR3;NÃO ENCONTRADO;;;
BPAT11;NÃO ENCONTRADO;;;
BPC 4;NÃO ENCONTRADO;;;
BPCO4;NÃO ENCONTRADO;;;
BPHA3;NÃO ENCONTRADO;;;
BPIA3;NÃO ENCONTRADO;;;
BPL 3;NÃO ENCONTRADO;;;
BPL 5;NÃO ENCONTRADO;;;
BPLA3;NÃO ENCONTRADO;;;
BPLA5;NÃO ENCONTRADO;;;
BPNM4;NÃO ENCONTRADO;;;
BPR 3;NÃO ENCONTRADO;;;
BPR 4;NÃO ENCONTRADO;;;
BRD 3;NÃO ENCONTRADO;;;
BRD 4;NÃO ENCONTRADO;;;
BRDT3;NÃO ENCONTRADO;;;
BRDT4;NÃO ENCONTRADO;;;
BRFS3;NÃO ENCONTRADO;;;
BRG 10;NÃO ENCONTRADO;;;
BRG 3;NÃO ENCONTRADO;;;
BRG 5;NÃO ENCONTRADO;;;
BRG 6;NÃO ENCONTRADO;;;
BRG 7;NÃO ENCONTRADO;;;
BRG 8;NÃO ENCONTRADO;;;
BRG 9;NÃO ENCONTRADO;;;
BRGE11;NÃO ENCONTRADO;;;
BRGE12;NÃO ENCONTRADO;;;
BRGE3;NÃO ENCONTRADO;;;
BRGE5;NÃO ENCONTRADO;;;
BRGE6;NÃO ENCONTRADO;;;
BRGE7;NÃO ENCONTRADO;;;
BRGE8;NÃO ENCONTRADO;;;
BRH 3;NÃO ENCONTRADO;;;
BRH 4;NÃO ENCONTRADO;;;
BRH 7;NÃO ENCONTRADO;;;
BRH 8;NÃO ENCONTRADO;;;
BRHA3;NÃO ENCONTRADO;;;
BRHA4;NÃO ENCONTRADO;;;
BRI 3;NÃO ENCONTRADO;;;
BRI 4;NÃO ENCONTRADO;;;
BRIN3;NÃO ENCONTRADO;;;
BRIV3;NÃO ENCONTRADO;;;
BRIV4;NÃO ENCONTRADO;;;
BRML3;NÃO ENCONTRADO;;;
BRPR3;NÃO ENCONTRADO;;;
BRS 3;NÃO ENCONTRADO;;;
BRS 4;NÃO ENCONTRADO;;;
BRSR11;NÃO ENCONTRADO;;;
BRSR4;NÃO ENCONTRADO;;;
BRTO3;NÃO ENCONTRADO;;;
BRTO4;NÃO ENCONTRADO;;;
BRTP12;NÃO ENCONTRADO;;;
BRTP13;NÃO ENCONTRADO;;;
BRTP3;NÃO ENCONTRADO;;;
BRTP4;NÃO ENCONTRADO;;;
BRU 4;NÃO ENCONTRADO;;;
BSAN33;NÃO ENCONTRADO;;;
BSC 5;NÃO ENCONTRADO;;;
BSC 6;NÃO ENCONTRADO;;;
BSCT3;NÃO ENCONTRADO;;;
BSCT5;NÃO ENCONTRADO;;;
BSCT6;NÃO ENCONTRADO;;;
BSE 3;NÃO ENCONTRADO;;;
BSE 4;NÃO ENCONTRADO;;;
BSEG3;NÃO ENCONTRADO;;;
BSEG4;NÃO ENCONTRADO;;;
BSEV3;NÃO ENCONTRADO;;;
BSG 3;NÃO ENCONTRADO;;;
BSGR3;NÃO ENCONTRADO;;;
BSL 3;NÃO ENCONTRADO;;;
BSL 4;NÃO ENCONTRADO;;;
BSU 6;NÃO ENCONTRADO;;;
BSU 7;NÃO ENCONTRADO;;;
BSU 8;NÃO ENCONTRADO;;;
BSUL5;NÃO ENCONTRADO;;;
BSUL6;NÃO ENCONTRADO;;;
BTA 5;NÃO ENCONTRADO;;;
BTA 6;NÃO ENCONTRADO;;;
BTA 7;NÃO ENCONTRADO;;;
BTA 8;NÃO ENCONTRADO;;;
BTAS5;NÃO ENCONTRADO;;;
BTOW3;NÃO ENCONTRADO;;;
BTS 4;NÃO ENCONTRADO;;;
BTTL3;NÃO ENCONTRADO;;;
BTTL4;NÃO ENCONTRADO;;;
BUE 3;NÃO ENCONTRADO;;;
BUE 4;NÃO ENCONTRADO;;;
BUET3;NÃO ENCONTRADO;;;
BUET4;NÃO ENCONTRADO;;;
BVMF3;NÃO ENCONTRADO;;;
BZN 3;NÃO ENCONTRADO;;;
BZN 4;NÃO ENCONTRADO;;;
BZNX4;NÃO ENCONTRADO;;;
C1AG34;NÃO ENCONTRADO;;;
C1BO34;NÃO ENCONTRADO;;;
C1BR34;NÃO ENCONTRADO;;;
C1BS34;NÃO ENCONTRADO;;;
C1DW34;NÃO ENCONTRADO;;;
C1EO34;NÃO ENCONTRADO;;;
C1ER34;NÃO ENCONTRADO;;;
C1FI34;NÃO ENCONTRADO;;;
C1HI34;NÃO ENCONTRADO;;;
C1HL34;NÃO ENCONTRADO;;;
C1HR34;NÃO ENCONTRADO;;;
C1HT34;NÃO ENCONTRADO;;;
C1MA34;NÃO ENCONTRADO;;;
C1MS34;NÃO ENCONTRADO;;;
C1NP34;NÃO ENCONTRADO;;;
C1OG34;NÃO ENCONTRADO;;;
C1OU34;NÃO ENCONTRADO;;;
C1PB34;NÃO ENCONTRADO;;;
C1PR34;NÃO ENCONTRADO;;;
C1SU34;NÃO ENCONTRADO;;;
C1TA34;NÃO ENCONTRADO;;;
C1TL34;NÃO ENCONTRADO;;;
C1TX34;NÃO ENCONTRADO;;;
C1XO34;NÃO ENCONTRADO;;;
CAB 3;NÃO ENCONTRADO;;;
CAB 4;NÃO ENCONTRADO;;;
CAB 7;NÃO ENCONTRADO;;;
CABR13;NÃO ENCONTRADO;;;
CABR3;NÃO ENCONTRADO;;;
CABR4;NÃO ENCONTRADO;;;
CAF 3;NÃO ENCONTRADO;;;
CAF 4;NÃO ENCONTRADO;;;
CAFE3;NÃO ENCONTRADO;;;
CAFE4;NÃO ENCONTRADO;;;
CAIA4B;NÃO ENCONTRADO;;;
CAJI34;NÃO ENCONTRADO;;;
CAL 3;NÃO ENCONTRADO;;;
CAL 4;NÃO ENCONTRADO;;;
CALI4;NÃO ENCONTRADO;;;
CAM 4;NÃO ENCONTRADO;;;
CAMB4;NÃO ENCONTRADO;;;
CAON34;NÃO ENCONTRADO;;;
CAPH34;NÃO ENCONTRADO;;;
CAR 5;NÃO ENCONTRADO;;;
CAR 6;NÃO ENCONTRADO;;;
CARB5;NÃO ENCONTRADO;;;
CARB6;NÃO ENCONTRADO;;;
CARD3;NÃO ENCONTRADO;;;
CASN3;NÃO ENCONTRADO;;;
CASN4;NÃO ENCONTRADO;;;
CATP11B;NÃO ENCONTRADO;;;
CAU 3;NÃO ENCONTRADO;;;
CAU 5;NÃO ENCONTRADO;;;
CBA 3;NÃO ENCONTRADO;;;
CBAG3;NÃO ENCONTRADO;;;
CBD 4;NÃO ENCONTRADO;;;
CBE 3;NÃO ENCONTRADO;;;
CBE 5;NÃO ENCONTRADO;;;
CBF 3;NÃO ENCONTRADO;;;
CBF 4;NÃO ENCONTRADO;;;
CBM 3;NÃO ENCONTRADO;;;
CBM 4;NÃO ENCONTRADO;;;
CBMA3;NÃO ENCONTRADO;;;
CBMA4;NÃO ENCONTRADO;;;
CBN 4;NÃO ENCONTRADO;;;
CBT 3;NÃO ENCONTRADO;;;
CBT 4;NÃO ENCONTRADO;;;
CBV 3;NÃO ENCONTRADO;;;
CBV 4;NÃO ENCONTRADO;;;
CBVI3;NÃO ENCONTRADO;;;
CBVI4;NÃO ENCONTRADO;;;
CCC 3;NÃO ENCONTRADO;;;
CCC 4;NÃO ENCONTRADO;;;
CCCC3;NÃO ENCONTRADO;;;
CCCC4;NÃO ENCONTRADO;;;
CCH 3;NÃO ENCONTRADO;;;
CCH 4;NÃO ENCONTRADO;;;
CCHI3;NÃO ENCONTRADO;;;
CCHI4;NÃO ENCONTRADO;;;
CCIM3;NÃO ENCONTRADO;;;
CCPR3;NÃO ENCONTRADO;;;
CCRO3;NÃO ENCONTRADO;;;
CCT 4;NÃO ENCONTRADO;;;
CCTU4;NÃO ENCONTRADO;;;
CCXC3;NÃO ENCONTRADO;;;
CDO 3;NÃO ENCONTRADO;;;
CDO 4;NÃO ENCONTRADO;;;
CDOU3;NÃO ENCONTRADO;;;
CDOU4;NÃO ENCONTRADO;;;
CEB 3;NÃO ENCONTRADO;;;
CEB 4;NÃO ENCONTRADO;;;
CEBR4;NÃO ENCONTRADO;;;
CEC 3;NÃO ENCONTRADO;;;
CECI3;NÃO ENCONTRADO;;;
CED 3;NÃO ENCONTRADO;;;
CED 5;NÃO ENCONTRADO;;;
CED 6;NÃO ENCONTRADO;;;
CEDO3;NÃO ENCONTRADO;;;
CEDO5;NÃO ENCONTRADO;;;
CEDO6;NÃO ENCONTRADO;;;
CEE 3;NÃO ENCONTRADO;;;
CEE 4;NÃO ENCONTRADO;;;
CEE 5;NÃO ENCONTRADO;;;
CEE 6;NÃO ENCONTRADO;;;
CEEB4;NÃO ENCONTRADO;;;
CEEB5;NÃO ENCONTRADO;;;
CEED3;NÃO ENCONTRADO;;;
CEED3B;NÃO ENCONTRADO;;;
CEED4;NÃO ENCONTRADO;;;
CEED4B;NÃO ENCONTRADO;;;
CEL 3;NÃO ENCONTRADO;;;
CELM3;NÃO ENCONTRADO;;;
CELP3;NÃO ENCONTRADO;;;
CELP5;NÃO ENCONTRADO;;;
CELP6;NÃO ENCONTRADO;;;
CELP7;NÃO ENCONTRADO;;;
CEPE3;NÃO ENCONTRADO;;;
CEPE5;NÃO ENCONTRADO;;;
CEPE6;NÃO ENCONTRADO;;;
CES 3;NÃO ENCONTRADO;;;
CES 4;NÃO ENCONTRADO;;;
CESP3;NÃO ENCONTRADO;;;
CESP4;NÃO ENCONTRADO;;;
CESP5;NÃO ENCONTRADO;;;
CESP6;NÃO ENCONTRADO;;;
CET 3;NÃO ENCONTRADO;;;
CET 4;NÃO ENCONTRADO;;;
CETE3;NÃO ENCONTRADO;;;
CETE4;NÃO ENCONTRADO;;;
CEV 3;NÃO ENCONTRADO;;;
CEV 4;NÃO ENCONTRADO;;;
CEVA3;NÃO ENCONTRADO;;;
CEVA4;NÃO ENCONTRADO;;;
CFLU3;NÃO ENCONTRADO;;;
CFLU4;NÃO ENCONTRADO;;;
CFT 4;NÃO ENCONTRADO;;;
CGA 4;NÃO ENCONTRADO;;;
CGA 5;NÃO ENCONTRADO;;;
CGAS11;NÃO ENCONTRADO;;;
CGAS4;NÃO ENCONTRADO;;;
CGO 3;NÃO ENCONTRADO;;;
CGO 5;NÃO ENCONTRADO;;;
CGO 6;NÃO ENCONTRADO;;;
CGO 8;NÃO ENCONTRADO;;;
CGOS12;NÃO ENCONTRADO;;;
CGOS3;NÃO ENCONTRADO;;;
CGOS4;NÃO ENCONTRADO;;;
CGOS6;NÃO ENCONTRADO;;;
CGR 3;NÃO ENCONTRADO;;;
CGR 4;NÃO ENCONTRADO;;;
CHA 3;NÃO ENCONTRADO;;;
CHA 4;NÃO ENCONTRADO;;;
CHAP11;NÃO ENCONTRADO;;;
CHAP3;NÃO ENCONTRADO;;;
CHAP4;NÃO ENCONTRADO;;;
CHDC34;NÃO ENCONTRADO;;;
CHKE34;NÃO ENCONTRADO;;;
CHVX11B;NÃO ENCONTRADO;;;
CIEL3;NÃO ENCONTRADO;;;
CII 3;NÃO ENCONTRADO;;;
CII 4;NÃO ENCONTRADO;;;
CIIT4;NÃO ENCONTRADO;;;
CINF34;NÃO ENCONTRADO;;;
CIQ 3;NÃO ENCONTRADO;;;
CIQ 4;NÃO ENCONTRADO;;;
CIQU3;NÃO ENCONTRADO;;;
CIQU4;NÃO ENCONTRADO;;;
CJS 3;NÃO ENCONTRADO;;;
CJS 4;NÃO ENCONTRADO;;;
CLAN4;NÃO ENCONTRADO;;;
CLD 4;NÃO ENCONTRADO;;;
CLDX4;NÃO ENCONTRADO;;;
CLGN34;NÃO ENCONTRADO;;;
CLS 3;NÃO ENCONTRADO;;;
CLS 7;NÃO ENCONTRADO;;;
CLS 8;NÃO ENCONTRADO;;;
CLSC5;NÃO ENCONTRADO;;;
CLSC6;NÃO ENCONTRADO;;;
CMCS11B;NÃO ENCONTRADO;;;
CME 4;NÃO ENCONTRADO;;;
CMET4;NÃO ENCONTRADO;;;
CMG 3;NÃO ENCONTRADO;;;
CMG 4;NÃO ENCONTRADO;;;
CMG 7;NÃO ENCONTRADO;;;
CMG 8;NÃO ENCONTRADO;;;
CMGR3;NÃO ENCONTRADO;;;
CMGR4;NÃO ENCONTRADO;;;
CMI 3;NÃO ENCONTRADO;;;
CMI 4;NÃO ENCONTRADO;;;
CMM 4;NÃO ENCONTRADO;;;
CMMA4;NÃO ENCONTRADO;;;
CNF 3;NÃO ENCONTRADO;;;
CNF 4;NÃO ENCONTRADO;;;
CNFB3;NÃO ENCONTRADO;;;
CNFB4;NÃO ENCONTRADO;;;
CNP 4;NÃO ENCONTRADO;;;
CNT 4;NÃO ENCONTRADO;;;
CNTO3;NÃO ENCONTRADO;;;
COB 3;NÃO ENCONTRADO;;;
COB 5;NÃO ENCONTRADO;;;
COB 6;NÃO ENCONTRADO;;;
COBE3B;NÃO ENCONTRADO;;;
COBE5B;NÃO ENCONTRADO;;;
COBE6;NÃO ENCONTRADO;;;
COBE6B;NÃO ENCONTRADO;;;
COC 3;NÃO ENCONTRADO;;;
COC 5;NÃO ENCONTRADO;;;
COC 6;NÃO ENCONTRADO;;;
COCA11B;NÃO ENCONTRADO;;;
COCE6;NÃO ENCONTRADO;;;
COE 4;NÃO ENCONTRADO;;;
COES4;NÃO ENCONTRADO;;;
COG 3;NÃO ENCONTRADO;;;
COG 4;NÃO ENCONTRADO;;;
COGU3;NÃO ENCONTRADO;;;
COGU4;NÃO ENCONTRADO;;;
COLG11B;NÃO ENCONTRADO;;;
COP 3;NÃO ENCONTRADO;;;
COP 4;NÃO ENCONTRADO;;;
COPH11B;NÃO ENCONTRADO;;;
COR 3;NÃO ENCONTRADO;;;
COR 4;NÃO ENCONTRADO;;;
CORR3;NÃO ENCONTRADO;;;
CORR4;NÃO ENCONTRADO;;;
COTY34;NÃO ENCONTRADO;;;
CPC 4;NÃO ENCONTRADO;;;
CPCA3;NÃO ENCONTRADO;;;
CPCA4;NÃO ENCONTRADO;;;
CPE 3;NÃO ENCONTRADO;;;
CPE 4;NÃO ENCONTRADO;;;
CPEE3;NÃO ENCONTRADO;;;
CPEE4;NÃO ENCONTRADO;;;
CPF 4;NÃO ENCONTRADO;;;
CPFG3;NÃO ENCONTRADO;;;
CPFG4;NÃO ENCONTRADO;;;
CPFL3;NÃO ENCONTRADO;;;
CPFL4;NÃO ENCONTRADO;;;
CPFP3;NÃO ENCONTRADO;;;
CPFP4;NÃO ENCONTRADO;;;
CPL 3;NÃO ENCONTRADO;;;
CPL 4;NÃO ENCONTRADO;;;
CPL 5;NÃO ENCONTRADO;;;
CPL 6;NÃO ENCONTRADO;;;
CPLE5;NÃO ENCONTRADO;;;
CPLE6;NÃO ENCONTRADO;;;
CPN 3;NÃO ENCONTRADO;;;
CPN 5;NÃO ENCONTRADO;;;
CPN 6;NÃO ENCONTRADO;;;
CPNE3;NÃO ENCONTRADO;;;
CPNE5;NÃO ENCONTRADO;;;
CPNE6;NÃO ENCONTRADO;;;
CPNY3;NÃO ENCONTRADO;;;
CPRE3;NÃO ENCONTRADO;;;
CPS 3;NÃO ENCONTRADO;;;
CPSL3;NÃO ENCONTRADO;;;
CPTP3B;NÃO ENCONTRADO;;;
CQU 5;NÃO ENCONTRADO;;;
CQU 6;NÃO ENCONTRADO;;;
CQU 7;NÃO ENCONTRADO;;;
CQU 8;NÃO ENCONTRADO;;;
CQUE3;NÃO ENCONTRADO;;;
CQUE4;NÃO ENCONTRADO;;;
CQUE5;NÃO ENCONTRADO;;;
CQUE6;NÃO ENCONTRADO;;;
CQUE7;NÃO ENCONTRADO;;;
CQUE8;NÃO ENCONTRADO;;;
CRB 6;NÃO ENCONTRADO;;;
CRBM3;NÃO ENCONTRADO;;;
CRBM5;NÃO ENCONTRADO;;;
CRBM7;NÃO ENCONTRADO;;;
CRDA34;NÃO ENCONTRADO;;;
CRDE3;NÃO ENCONTRADO;;;
CRE 3;NÃO ENCONTRADO;;;
CRE 4;NÃO ENCONTRADO;;;
CREM3;NÃO ENCONTRADO;;;
CREM4;NÃO ENCONTRADO;;;
CRF 4;NÃO ENCONTRADO;;;
CRFB3;NÃO ENCONTRADO;;;
CRGT3;NÃO ENCONTRADO;;;
CRGT5;NÃO ENCONTRADO;;;
CRHP34;NÃO ENCONTRADO;;;
CRI 3;NÃO ENCONTRADO;;;
CRI 4;NÃO ENCONTRADO;;;
CRIN34;NÃO ENCONTRADO;;;
CRIP34;NÃO ENCONTRADO;;;
CRIV3;NÃO ENCONTRADO;;;
CRIV4;NÃO ENCONTRADO;;;
CRPG3;NÃO ENCONTRADO;;;
CRTP3;NÃO ENCONTRADO;;;
CRTP5;NÃO ENCONTRADO;;;
CRU 3;NÃO ENCONTRADO;;;
CRUZ3;NÃO ENCONTRADO;;;
CSA 3;NÃO ENCONTRADO;;;
CSA 4;NÃO ENCONTRADO;;;
CSAB3;NÃO ENCONTRADO;;;
CSAB4;NÃO ENCONTRADO;;;
CSCO11B;NÃO ENCONTRADO;;;
CSI 3;NÃO ENCONTRADO;;;
CSI 6;NÃO ENCONTRADO;;;
CSIP3;NÃO ENCONTRADO;;;
CSIP6;NÃO ENCONTRADO;;;
CSMB3;NÃO ENCONTRADO;;;
CSMG11;NÃO ENCONTRADO;;;
CSMG12;NÃO ENCONTRADO;;;
CSN 3;NÃO ENCONTRADO;;;
CSP 3;NÃO ENCONTRADO;;;
CSPC3;NÃO ENCONTRADO;;;
CSPC4;NÃO ENCONTRADO;;;
CSPP3;NÃO ENCONTRADO;;;
CSRN3;NÃO ENCONTRADO;;;
CSRN5;NÃO ENCONTRADO;;;
CSRN6;NÃO ENCONTRADO;;;
CST 3;NÃO ENCONTRADO;;;
CST 4;NÃO ENCONTRADO;;;
CST 5;NÃO ENCONTRADO;;;
CST 6;NÃO ENCONTRADO;;;
CSTB3;NÃO ENCONTRADO;;;
CSTB4;NÃO ENCONTRADO;;;
CSUL3;NÃO ENCONTRADO;;;
CTA 3;NÃO ENCONTRADO;;;
CTAN3;NÃO ENCONTRADO;;;
CTAN8;NÃO ENCONTRADO;;;
CTAP3;NÃO ENCONTRADO;;;
CTAX11;NÃO ENCONTRADO;;;
CTAX4;NÃO ENCONTRADO;;;
CTB 4;NÃO ENCONTRADO;;;
CTCO3;NÃO ENCONTRADO;;;
CTGP11B;NÃO ENCONTRADO;;;
CTIP3;NÃO ENCONTRADO;;;
CTK 3;NÃO ENCONTRADO;;;
CTK 4;NÃO ENCONTRADO;;;
CTKA3;NÃO ENCONTRADO;;;
CTL 4;NÃO ENCONTRADO;;;
CTLU4;NÃO ENCONTRADO;;;
CTMI3;NÃO ENCONTRADO;;;
CTN 3;NÃO ENCONTRADO;;;
CTN 4;NÃO ENCONTRADO;;;
CTNM11;NÃO ENCONTRADO;;;
CTNM3;NÃO ENCONTRADO;;;
CTNM4;NÃO ENCONTRADO;;;
CTP 4;NÃO ENCONTRADO;;;
CTPC3;NÃO ENCONTRADO;;;
CTPC4;NÃO ENCONTRADO;;;
CTS 3;NÃO ENCONTRADO;;;
CTS 4;NÃO ENCONTRADO;;;
CTSA3;NÃO ENCONTRADO;;;
CTSA4;NÃO ENCONTRADO;;;
CTSA8;NÃO ENCONTRADO;;;
CTWR3;NÃO ENCONTRADO;;;
CVP 4;NÃO ENCONTRADO;;;
CVPT3;NÃO ENCONTRADO;;;
CVPT4;NÃO ENCONTRADO;;;
CYR 4;NÃO ENCONTRADO;;;
CZA 3;NÃO ENCONTRADO;;;
CZA 4;NÃO ENCONTRADO;;;
CZAR4;NÃO ENCONTRADO;;;
CZLT11;NÃO ENCONTRADO;;;
CZLT33;NÃO ENCONTRADO;;;
CZRS4;NÃO ENCONTRADO;;;
D1FS34;NÃO ENCONTRADO;;;
D1HI34;NÃO ENCONTRADO;;;
D1IS34;NÃO ENCONTRADO;;;
D1OM34;NÃO ENCONTRADO;;;
D1OV34;NÃO ENCONTRADO;;;
D1RE34;NÃO ENCONTRADO;;;
D1RI34;NÃO ENCONTRADO;;;
D1TE34;NÃO ENCONTRADO;;;
D1VN34;NÃO ENCONTRADO;;;
D1XC34;NÃO ENCONTRADO;;;
DAGB11;NÃO ENCONTRADO;;;
DAGB33;NÃO ENCONTRADO;;;
DATA3;NÃO ENCONTRADO;;;
DATA4;NÃO ENCONTRADO;;;
DAYC4;NÃO ENCONTRADO;;;
DCVY34;NÃO ENCONTRADO;;;
DCVY35;NÃO ENCONTRADO;;;
DDNB34;NÃO ENCONTRADO;;;
DEAI34;NÃO ENCONTRADO;;;
DELL11B;NÃO ENCONTRADO;;;
DFV 3;NÃO ENCONTRADO;;;
DFV 4;NÃO ENCONTRADO;;;
DFVA3;NÃO ENCONTRADO;;;
DFVA4;NÃO ENCONTRADO;;;
DHB 3;NÃO ENCONTRADO;;;
DHB 4;NÃO ENCONTRADO;;;
DHBI3;NÃO ENCONTRADO;;;
DHBI4;NÃO ENCONTRADO;;;
DHER34;NÃO ENCONTRADO;;;
DIS 3;NÃO ENCONTRADO;;;
DIS 4;NÃO ENCONTRADO;;;
DIS 6;NÃO ENCONTRADO;;;
DISA4;NÃO ENCONTRADO;;;
DISB11B;NÃO ENCONTRADO;;;
DIX 4;NÃO ENCONTRADO;;;
DJO 4;NÃO ENCONTRADO;;;
DJON4;NÃO ENCONTRADO;;;
DLTR34;NÃO ENCONTRADO;;;
DMMO3;NÃO ENCONTRADO;;;
DOC 3;NÃO ENCONTRADO;;;
DOC 4;NÃO ENCONTRADO;;;
DOCA3;NÃO ENCONTRADO;;;
DOCA4;NÃO ENCONTRADO;;;
DOH 3;NÃO ENCONTRADO;;;
DOH 4;NÃO ENCONTRADO;;;
DOHL3;NÃO ENCONTRADO;;;
DOMO3;NÃO ENCONTRADO;;;
DOV 3;NÃO ENCONTRADO;;;
DOV 4;NÃO ENCONTRADO;;;
DOWB11B;NÃO ENCONTRADO;;;
DOWB34;NÃO ENCONTRADO;;;
DPP 3;NÃO ENCONTRADO;;;
DPP 4;NÃO ENCONTRADO;;;
DPPI3;NÃO ENCONTRADO;;;
DPPI4;NÃO ENCONTRADO;;;
DRO 10;NÃO ENCONTRADO;;;
DRO 3;NÃO ENCONTRADO;;;
DRO 5;NÃO ENCONTRADO;;;
DRO 8;NÃO ENCONTRADO;;;
DROG3;NÃO ENCONTRADO;;;
DSUL3;NÃO ENCONTRADO;;;
DTCY3;NÃO ENCONTRADO;;;
DTEX3;NÃO ENCONTRADO;;;
DUFB11;NÃO ENCONTRADO;;;
DUKB34;NÃO ENCONTRADO;;;
DUPO34;NÃO ENCONTRADO;;;
DUQ 3;NÃO ENCONTRADO;;;
DUQ 4;NÃO ENCONTRADO;;;
DUQE3;NÃO ENCONTRADO;;;
DUQE4;NÃO ENCONTRADO;;;
DUR 3;NÃO ENCONTRADO;;;
DUR 4;NÃO ENCONTRADO;;;
DURA3;NÃO ENCONTRADO;;;
DURA4;NÃO ENCONTRADO;;;
DWDP34;NÃO ENCONTRADO;;;
DXT 4;NÃO ENCONTRADO;;;
DXTG4;NÃO ENCONTRADO;;;
E1CL34;NÃO ENCONTRADO;;;
E1DI34;NÃO ENCONTRADO;;;
E1DU34;NÃO ENCONTRADO;;;
E1FX34;NÃO ENCONTRADO;;;
E1IX34;NÃO ENCONTRADO;;;
E1NI34;NÃO ENCONTRADO;;;
E1OG34;NÃO ENCONTRADO;;;
E1RI34;NÃO ENCONTRADO;;;
E1SE34;NÃO ENCONTRADO;;;
E1SS34;NÃO ENCONTRADO;;;
E1TF34;NÃO ENCONTRADO;;;
E1TR34;NÃO ENCONTRADO;;;
E1VE34;NÃO ENCONTRADO;;;
E1VR34;NÃO ENCONTRADO;;;
E1WL34;NÃO ENCONTRADO;;;
E1XC34;NÃO ENCONTRADO;;;
E1XP34;NÃO ENCONTRADO;;;
E1XR34;NÃO ENCONTRADO;;;
EAIN34;NÃO ENCONTRADO;;;
EBAY11B;NÃO ENCONTRADO;;;
EBAY34;NÃO ENCONTRADO;;;
EBC 3;NÃO ENCONTRADO;;;
EBC 4;NÃO ENCONTRADO;;;
EBCO3;NÃO ENCONTRADO;;;
EBCO4;NÃO ENCONTRADO;;;
EBE 3;NÃO ENCONTRADO;;;
EBE 4;NÃO ENCONTRADO;;;
EBEN3;NÃO ENCONTRADO;;;
EBEN4;NÃO ENCONTRADO;;;
EBER3;NÃO ENCONTRADO;;;
EBER4;NÃO ENCONTRADO;;;
EBER4M;NÃO ENCONTRADO;;;
EBTP3;NÃO ENCONTRADO;;;
EBTP4;NÃO ENCONTRADO;;;
ECI 3;NÃO ENCONTRADO;;;
ECI 4;NÃO ENCONTRADO;;;
ECIS3;NÃO ENCONTRADO;;;
ECIS4;NÃO ENCONTRADO;;;
ECL 4;NÃO ENCONTRADO;;;
ECOD3;NÃO ENCONTRADO;;;
ECP 3;NÃO ENCONTRADO;;;
ECP 4;NÃO ENCONTRADO;;;
ECPR3;NÃO ENCONTRADO;;;
ECPR4;NÃO ENCONTRADO;;;
EDN 5;NÃO ENCONTRADO;;;
EDNE5;NÃO ENCONTRADO;;;
EEEL3;NÃO ENCONTRADO;;;
EEEL3B;NÃO ENCONTRADO;;;
EEEL4;NÃO ENCONTRADO;;;
EEEL4B;NÃO ENCONTRADO;;;
EKTR3;NÃO ENCONTRADO;;;
ELA 3;NÃO ENCONTRADO;;;
ELAT3;NÃO ENCONTRADO;;;
ELB 4;NÃO ENCONTRADO;;;
ELBR4;NÃO ENCONTRADO;;;
ELC 3;NÃO ENCONTRADO;;;
ELC 5;NÃO ENCONTRADO;;;
ELC 6;NÃO ENCONTRADO;;;
ELC 7;NÃO ENCONTRADO;;;
ELC 8;NÃO ENCONTRADO;;;
ELC 9;NÃO ENCONTRADO;;;
ELCA3;NÃO ENCONTRADO;;;
ELCA4;NÃO ENCONTRADO;;;
ELCA5;NÃO ENCONTRADO;;;
ELCA6;NÃO ENCONTRADO;;;
ELE 3;NÃO ENCONTRADO;;;
ELE 5;NÃO ENCONTRADO;;;
ELE 6;NÃO ENCONTRADO;;;
ELEK3;NÃO ENCONTRADO;;;
ELEK4;NÃO ENCONTRADO;;;
ELET3;NÃO ENCONTRADO;;;
ELET5;NÃO ENCONTRADO;;;
ELET6;NÃO ENCONTRADO;;;
ELEV3;NÃO ENCONTRADO;;;
ELK 4;NÃO ENCONTRADO;;;
ELM 3;NÃO ENCONTRADO;;;
ELM 4;NÃO ENCONTRADO;;;
ELMJ3;NÃO ENCONTRADO;;;
ELMJ4;NÃO ENCONTRADO;;;
ELN 5;NÃO ENCONTRADO;;;
ELN 6;NÃO ENCONTRADO;;;
ELND3;NÃO ENCONTRADO;;;
ELND4;NÃO ENCONTRADO;;;
ELND5;NÃO ENCONTRADO;;;
ELND6;NÃO ENCONTRADO;;;
ELP 4;NÃO ENCONTRADO;;;
ELP 5;NÃO ENCONTRADO;;;
ELP 6;NÃO ENCONTRADO;;;
ELPL11;NÃO ENCONTRADO;;;
ELPL3;NÃO ENCONTRADO;;;
ELPL4;NÃO ENCONTRADO;;;
ELPL5;NÃO ENCONTRADO;;;
ELPL6;NÃO ENCONTRADO;;;
ELU 3;NÃO ENCONTRADO;;;
ELU 4;NÃO ENCONTRADO;;;
ELUM3;NÃO ENCONTRADO;;;
ELUM4;NÃO ENCONTRADO;;;
EMAE3;NÃO ENCONTRADO;;;
EMB 3;NÃO ENCONTRADO;;;
EMB 4;NÃO ENCONTRADO;;;
EMB 5;NÃO ENCONTRADO;;;
EMB 6;NÃO ENCONTRADO;;;
EMB 7;NÃO ENCONTRADO;;;
EMBR11;NÃO ENCONTRADO;;;
EMBR12;NÃO ENCONTRADO;;;
EMBR3;NÃO ENCONTRADO;;;
EMBR4;NÃO ENCONTRADO;;;
EMBR5;NÃO ENCONTRADO;;;
EMCC34;NÃO ENCONTRADO;;;
EMR 3;NÃO ENCONTRADO;;;
EMR 5;NÃO ENCONTRADO;;;
EMX 3;NÃO ENCONTRADO;;;
EMX 4;NÃO ENCONTRADO;;;
EMXS3;NÃO ENCONTRADO;;;
EMXS4;NÃO ENCONTRADO;;;
ENAT3;NÃO ENCONTRADO;;;
ENBR3;NÃO ENCONTRADO;;;
ENE 3;NÃO ENCONTRADO;;;
ENE 5;NÃO ENCONTRADO;;;
ENE 6;NÃO ENCONTRADO;;;
ENE 7;NÃO ENCONTRADO;;;
ENE 8;NÃO ENCONTRADO;;;
ENER3;NÃO ENCONTRADO;;;
ENER5;NÃO ENCONTRADO;;;
ENER6;NÃO ENCONTRADO;;;
ENGI3B;NÃO ENCONTRADO;;;
ENL 3;NÃO ENCONTRADO;;;
ENL 5;NÃO ENCONTRADO;;;
ENL 6;NÃO ENCONTRADO;;;
ENLT3;NÃO ENCONTRADO;;;
ENMA3B;NÃO ENCONTRADO;;;
ENMA5B;NÃO ENCONTRADO;;;
ENMA6B;NÃO ENCONTRADO;;;
EPE 3;NÃO ENCONTRADO;;;
EPE 4;NÃO ENCONTRADO;;;
EPED4;NÃO ENCONTRADO;;;
EPTE4;NÃO ENCONTRADO;;;
EQPA5;NÃO ENCONTRADO;;;
EQPA6;NÃO ENCONTRADO;;;
EQPA7;NÃO ENCONTRADO;;;
EQTL11;NÃO ENCONTRADO;;;
ERI 3;NÃO ENCONTRADO;;;
ERI 4;NÃO ENCONTRADO;;;
ERIC3;NÃO ENCONTRADO;;;
ERIC4;NÃO ENCONTRADO;;;
ESC 3;NÃO ENCONTRADO;;;
ESCE3;NÃO ENCONTRADO;;;
ESGB11;NÃO ENCONTRADO;;;
ESRX34;NÃO ENCONTRADO;;;
EST 3;NÃO ENCONTRADO;;;
EST 4;NÃO ENCONTRADO;;;
ESTC11;NÃO ENCONTRADO;;;
ESTC3;NÃO ENCONTRADO;;;
ESTR3;NÃO ENCONTRADO;;;
ESUD11;NÃO ENCONTRADO;;;
ESUT11;NÃO ENCONTRADO;;;
ESUU11;NÃO ENCONTRADO;;;
ETE 3;NÃO ENCONTRADO;;;
ETER4;NÃO ENCONTRADO;;;
EUC 3;NÃO ENCONTRADO;;;
EUC 4;NÃO ENCONTRADO;;;
EUC 5;NÃO ENCONTRADO;;;
EXGR34;NÃO ENCONTRADO;;;
EXXO11B;NÃO ENCONTRADO;;;
F1BH34;NÃO ENCONTRADO;;;
F1EC34;NÃO ENCONTRADO;;;
F1FI34;NÃO ENCONTRADO;;;
F1LI34;NÃO ENCONTRADO;;;
F1LS34;NÃO ENCONTRADO;;;
F1RA34;NÃO ENCONTRADO;;;
F1RC34;NÃO ENCONTRADO;;;
F1RI34;NÃO ENCONTRADO;;;
F1TV34;NÃO ENCONTRADO;;;
FAMB11B;NÃO ENCONTRADO;;;
FAP 3;NÃO ENCONTRADO;;;
FAP 4;NÃO ENCONTRADO;;;
FAPC3;NÃO ENCONTRADO;;;
FAPC4;NÃO ENCONTRADO;;;
FAT 3;NÃO ENCONTRADO;;;
FAT 4;NÃO ENCONTRADO;;;
FBM 3;NÃO ENCONTRADO;;;
FBM 4;NÃO ENCONTRADO;;;
FBMC3;NÃO ENCONTRADO;;;
FBMC4;NÃO ENCONTRADO;;;
FBOK34;NÃO ENCONTRADO;;;
FBR 4;NÃO ENCONTRADO;;;
FBRA4;NÃO ENCONTRADO;;;
FCA 3;NÃO ENCONTRADO;;;
FCA 4;NÃO ENCONTRADO;;;
FCA 5;NÃO ENCONTRADO;;;
FCAP3;NÃO ENCONTRADO;;;
FCAP4;NÃO ENCONTRADO;;;
FCCQ11;NÃO ENCONTRADO;;;
FCH 3;NÃO ENCONTRADO;;;
FCXO11B;NÃO ENCONTRADO;;;
FDMO11B;NÃO ENCONTRADO;;;
FDXB11B;NÃO ENCONTRADO;;;
FDXB34;NÃO ENCONTRADO;;;
FES 4;NÃO ENCONTRADO;;;
FFT 3;NÃO ENCONTRADO;;;
FFT 4;NÃO ENCONTRADO;;;
FFTD34;NÃO ENCONTRADO;;;
FFTL3;NÃO ENCONTRADO;;;
FFTL4;NÃO ENCONTRADO;;;
FGO 3;NÃO ENCONTRADO;;;
FGO 4;NÃO ENCONTRADO;;;
FGOS3;NÃO ENCONTRADO;;;
FGOS4;NÃO ENCONTRADO;;;
FGU 3;NÃO ENCONTRADO;;;
FGU 4;NÃO ENCONTRADO;;;
FGUI3;NÃO ENCONTRADO;;;
FGUI4;NÃO ENCONTRADO;;;
FIBR3;NÃO ENCONTRADO;;;
FIG 3;NÃO ENCONTRADO;;;
FIG 4;NÃO ENCONTRADO;;;
FIGE3;NÃO ENCONTRADO;;;
FIGE4;NÃO ENCONTRADO;;;
FJT 3;NÃO ENCONTRADO;;;
FJT 4;NÃO ENCONTRADO;;;
FJTA12;NÃO ENCONTRADO;;;
FJTA3;NÃO ENCONTRADO;;;
FJTA4;NÃO ENCONTRADO;;;
FLB 3;NÃO ENCONTRADO;;;
FLB 4;NÃO ENCONTRADO;;;
FLBR3;NÃO ENCONTRADO;;;
FLBR4;NÃO ENCONTRADO;;;
FLC 3;NÃO ENCONTRADO;;;
FLC 5;NÃO ENCONTRADO;;;
FLC 6;NÃO ENCONTRADO;;;
FLCL3;NÃO ENCONTRADO;;;
FLCL5;NÃO ENCONTRADO;;;
FLCL6;NÃO ENCONTRADO;;;
FLTC34;NÃO ENCONTRADO;;;
FMSC34;NÃO ENCONTRADO;;;
FMXB34;NÃO ENCONTRADO;;;
FNB 5;NÃO ENCONTRADO;;;
FNB 9;NÃO ENCONTRADO;;;
FNBS5;NÃO ENCONTRADO;;;
FOXC34;NÃO ENCONTRADO;;;
FRAS4;NÃO ENCONTRADO;;;
FRI 3;NÃO ENCONTRADO;;;
FRI 4;NÃO ENCONTRADO;;;
FRIO3;NÃO ENCONTRADO;;;
FRTA3;NÃO ENCONTRADO;;;
FTR 3;NÃO ENCONTRADO;;;
FTR 4;NÃO ENCONTRADO;;;
FTRX3;NÃO ENCONTRADO;;;
FTRX4;NÃO ENCONTRADO;;;
FTS 3;NÃO ENCONTRADO;;;
FTS 4;NÃO ENCONTRADO;;;
FTSE3;NÃO ENCONTRADO;;;
FTSE4;NÃO ENCONTRADO;;;
FTSU3;NÃO ENCONTRADO;;;
FTSU4;NÃO ENCONTRADO;;;
FTZ 4;NÃO ENCONTRADO;;;
FTZA4;NÃO ENCONTRADO;;;
G1LL34;NÃO ENCONTRADO;;;
G1LP34;NÃO ENCONTRADO;;;
G1MI34;NÃO ENCONTRADO;;;
G1PC34;NÃO ENCONTRADO;;;
G1RM34;NÃO ENCONTRADO;;;
GAF 3;NÃO ENCONTRADO;;;
GAFP3;NÃO ENCONTRADO;;;
GAFP4;NÃO ENCONTRADO;;;
GAL 3;NÃO ENCONTRADO;;;
GAL 4;NÃO ENCONTRADO;;;
GALO4;NÃO ENCONTRADO;;;
GAZ 4;NÃO ENCONTRADO;;;
GAZO3;NÃO ENCONTRADO;;;
GAZO4;NÃO ENCONTRADO;;;
GBIO33;NÃO ENCONTRADO;;;
GDBR34;NÃO ENCONTRADO;;;
GEOO11B;NÃO ENCONTRADO;;;
GEPA3;NÃO ENCONTRADO;;;
GETI3;NÃO ENCONTRADO;;;
GETI4;NÃO ENCONTRADO;;;
GFT 4;NÃO ENCONTRADO;;;
GFTT3;NÃO ENCONTRADO;;;
GFTT4;NÃO ENCONTRADO;;;
GIA 4;NÃO ENCONTRADO;;;
GIAN4;NÃO ENCONTRADO;;;
GLA 4;NÃO ENCONTRADO;;;
GLO 3;NÃO ENCONTRADO;;;
GLO 4;NÃO ENCONTRADO;;;
GLOB11;NÃO ENCONTRADO;;;
GLOB3;NÃO ENCONTRADO;;;
GLOB4;NÃO ENCONTRADO;;;
GME 4;NÃO ENCONTRADO;;;
GMEC4;NÃO ENCONTRADO;;;
GMSA3;NÃO ENCONTRADO;;;
GNDI3;NÃO ENCONTRADO;;;
GOA 3;NÃO ENCONTRADO;;;
GOA 4;NÃO ENCONTRADO;;;
GOLL4;NÃO ENCONTRADO;;;
GOOG11B;NÃO ENCONTRADO;;;
GOOG34;NÃO ENCONTRADO;;;
GOOG35;NÃO ENCONTRADO;;;
GPAR3;NÃO ENCONTRADO;;;
GPCP3;NÃO ENCONTRADO;;;
GPCP4;NÃO ENCONTRADO;;;
GPIV11;NÃO ENCONTRADO;;;
GPIV33;NÃO ENCONTRADO;;;
GRN 3;NÃO ENCONTRADO;;;
GRN 4;NÃO ENCONTRADO;;;
GRND11;NÃO ENCONTRADO;;;
GRNL3;NÃO ENCONTRADO;;;
GRNL4;NÃO ENCONTRADO;;;
GRP 5;NÃO ENCONTRADO;;;
GRPA11;NÃO ENCONTRADO;;;
GRPA3;NÃO ENCONTRADO;;;
GRSU3;NÃO ENCONTRADO;;;
GRSU5;NÃO ENCONTRADO;;;
GRSU6;NÃO ENCONTRADO;;;
GSGI11B;NÃO ENCONTRADO;;;
GTCZ4;NÃO ENCONTRADO;;;
GTD 3;NÃO ENCONTRADO;;;
GTD 4;NÃO ENCONTRADO;;;
GTDP3;NÃO ENCONTRADO;;;
GTDP3B;NÃO ENCONTRADO;;;
GTDP4;NÃO ENCONTRADO;;;
GTDP4B;NÃO ENCONTRADO;;;
GUA 3;NÃO ENCONTRADO;;;
GUA 4;NÃO ENCONTRADO;;;
GUAR3;NÃO ENCONTRADO;;;
GUAR4;NÃO ENCONTRADO;;;
GUR 3;NÃO ENCONTRADO;;;
GUR 4;NÃO ENCONTRADO;;;
GVTT3;NÃO ENCONTRADO;;;
H1AS34;NÃO ENCONTRADO;;;
H1BA34;NÃO ENCONTRADO;;;
H1BI34;NÃO ENCONTRADO;;;
H1CA34;NÃO ENCONTRADO;;;
H1EI34;NÃO ENCONTRADO;;;
H1ES34;NÃO ENCONTRADO;;;
H1IG34;NÃO ENCONTRADO;;;
H1LT34;NÃO ENCONTRADO;;;
H1OG34;NÃO ENCONTRADO;;;
H1OL34;NÃO ENCONTRADO;;;
H1RB34;NÃO ENCONTRADO;;;
H1RL34;NÃO ENCONTRADO;;;
H1SI34;NÃO ENCONTRADO;;;
H1TH34;NÃO ENCONTRADO;;;
H1ZN34;NÃO ENCONTRADO;;;
HALI11B;NÃO ENCONTRADO;;;
HBT 5;NÃO ENCONTRADO;;;
HER 3;NÃO ENCONTRADO;;;
HER 4;NÃO ENCONTRADO;;;
HERI3;NÃO ENCONTRADO;;;
HERI4;NÃO ENCONTRADO;;;
HET 3;NÃO ENCONTRADO;;;
HET 4;NÃO ENCONTRADO;;;
HETA3;NÃO ENCONTRADO;;;
HETA4;NÃO ENCONTRADO;;;
HGN 3;NÃO ENCONTRADO;;;
HGN 5;NÃO ENCONTRADO;;;
HGNN6;NÃO ENCONTRADO;;;
HGT 3;NÃO ENCONTRADO;;;
HGT 4;NÃO ENCONTRADO;;;
HGTX3;NÃO ENCONTRADO;;;
HGTX4;NÃO ENCONTRADO;;;
HNZB11B;NÃO ENCONTRADO;;;
HOME11B;NÃO ENCONTRADO;;;
HONB11B;NÃO ENCONTRADO;;;
HOO 4;NÃO ENCONTRADO;;;
HPQB11B;NÃO ENCONTRADO;;;
HRTP3;NÃO ENCONTRADO;;;
HSHY34;NÃO ENCONTRADO;;;
I1AC34;NÃO ENCONTRADO;;;
I1BN34;NÃO ENCONTRADO;;;
I1CE34;NÃO ENCONTRADO;;;
I1DX34;NÃO ENCONTRADO;;;
I1EX34;NÃO ENCONTRADO;;;
I1FF34;NÃO ENCONTRADO;;;
I1HG34;NÃO ENCONTRADO;;;
I1NF34;NÃO ENCONTRADO;;;
I1PG34;NÃO ENCONTRADO;;;
I1PH34;NÃO ENCONTRADO;;;
I1TW34;NÃO ENCONTRADO;;;
I1XC34;NÃO ENCONTRADO;;;
IAP 3;NÃO ENCONTRADO;;;
IAP 4;NÃO ENCONTRADO;;;
IAPS4;NÃO ENCONTRADO;;;
IBA 3;NÃO ENCONTRADO;;;
IBA 4;NÃO ENCONTRADO;;;
IBAN3;NÃO ENCONTRADO;;;
IBAN4;NÃO ENCONTRADO;;;
IBAN5;NÃO ENCONTRADO;;;
IBAN6;NÃO ENCONTRADO;;;
IBMB11B;NÃO ENCONTRADO;;;
IBP 3;NÃO ENCONTRADO;;;
IBP 5;NÃO ENCONTRADO;;;
IBP 6;NÃO ENCONTRADO;;;
IBPI5;NÃO ENCONTRADO;;;
IBPI6;NÃO ENCONTRADO;;;
IBR 4;NÃO ENCONTRADO;;;
IBXL11;NÃO ENCONTRADO;;;
ICF 3;NÃO ENCONTRADO;;;
ICF 4;NÃO ENCONTRADO;;;
ICP 3;NÃO ENCONTRADO;;;
ICP 4;NÃO ENCONTRADO;;;
ICPI3;NÃO ENCONTRADO;;;
ICPI4;NÃO ENCONTRADO;;;
IDC 3;NÃO ENCONTRADO;;;
IDC 4;NÃO ENCONTRADO;;;
IDNT3;NÃO ENCONTRADO;;;
IDR 4;NÃO ENCONTRADO;;;
IDVL3;NÃO ENCONTRADO;;;
IDVL4;NÃO ENCONTRADO;;;
IENG3;NÃO ENCONTRADO;;;
IENG4;NÃO ENCONTRADO;;;
IENG5;NÃO ENCONTRADO;;;
IGB 3;NÃO ENCONTRADO;;;
IGB 5;NÃO ENCONTRADO;;;
IGBR3;NÃO ENCONTRADO;;;
IGBR5;NÃO ENCONTRADO;;;
IGBR6;NÃO ENCONTRADO;;;
IGBR7;NÃO ENCONTRADO;;;
IGTA3;NÃO ENCONTRADO;;;
IGU 3;NÃO ENCONTRADO;;;
IGU 5;NÃO ENCONTRADO;;;
IGU 6;NÃO ENCONTRADO;;;
IGUA3;NÃO ENCONTRADO;;;
IGUA5;NÃO ENCONTRADO;;;
IGUA6;NÃO ENCONTRADO;;;
ILL 4;NÃO ENCONTRADO;;;
ILLS4;NÃO ENCONTRADO;;;
ILM 3;NÃO ENCONTRADO;;;
ILM 4;NÃO ENCONTRADO;;;
ILMD3;NÃO ENCONTRADO;;;
ILMD4;NÃO ENCONTRADO;;;
IMB 3;NÃO ENCONTRADO;;;
IMB 4;NÃO ENCONTRADO;;;
IMBI3;NÃO ENCONTRADO;;;
IMBI4;NÃO ENCONTRADO;;;
IMCH3;NÃO ENCONTRADO;;;
IMP 4;NÃO ENCONTRADO;;;
INE 10;NÃO ENCONTRADO;;;
INE 3;NÃO ENCONTRADO;;;
INE 4;NÃO ENCONTRADO;;;
INE 6;NÃO ENCONTRADO;;;
INEP12;NÃO ENCONTRADO;;;
INEP13;NÃO ENCONTRADO;;;
INET3;NÃO ENCONTRADO;;;
INFM3;NÃO ENCONTRADO;;;
INFM4;NÃO ENCONTRADO;;;
INPR3;NÃO ENCONTRADO;;;
IRI 3;NÃO ENCONTRADO;;;
IRID3;NÃO ENCONTRADO;;;
IRON3;NÃO ENCONTRADO;;;
ISBC34;NÃO ENCONTRADO;;;
ITA 3;NÃO ENCONTRADO;;;
ITA 4;NÃO ENCONTRADO;;;
ITAU3;NÃO ENCONTRADO;;;
ITAU4;NÃO ENCONTRADO;;;
ITE 3;NÃO ENCONTRADO;;;
ITE 4;NÃO ENCONTRADO;;;
ITE 5;NÃO ENCONTRADO;;;
ITEC3;NÃO ENCONTRADO;;;
ITEC5;NÃO ENCONTRADO;;;
ITI 3;NÃO ENCONTRADO;;;
ITI 4;NÃO ENCONTRADO;;;
ITL 3;NÃO ENCONTRADO;;;
ITL 5;NÃO ENCONTRADO;;;
ITL 6;NÃO ENCONTRADO;;;
ITLC11B;NÃO ENCONTRADO;;;
ITLM5;NÃO ENCONTRADO;;;
ITP 4;NÃO ENCONTRADO;;;
ITPS3;NÃO ENCONTRADO;;;
ITPS4;NÃO ENCONTRADO;;;
ITS 3;NÃO ENCONTRADO;;;
ITS 4;NÃO ENCONTRADO;;;
ITSA11;NÃO ENCONTRADO;;;
ITSA12;NÃO ENCONTRADO;;;
IVC 4;NÃO ENCONTRADO;;;
IVCT4;NÃO ENCONTRADO;;;
IVE 3;NÃO ENCONTRADO;;;
IVE 4;NÃO ENCONTRADO;;;
IVEN3;NÃO ENCONTRADO;;;
IVEN4;NÃO ENCONTRADO;;;
IVI 3;NÃO ENCONTRADO;;;
IVI 4;NÃO ENCONTRADO;;;
IVIL11;NÃO ENCONTRADO;;;
IVIL3;NÃO ENCONTRADO;;;
IVIL4;NÃO ENCONTRADO;;;
IVP 3;NÃO ENCONTRADO;;;
IVP 4;NÃO ENCONTRADO;;;
IVT 3;NÃO ENCONTRADO;;;
IVT 4;NÃO ENCONTRADO;;;
IVTE3;NÃO ENCONTRADO;;;
IVTE4;NÃO ENCONTRADO;;;
IVTL11B;NÃO ENCONTRADO;;;
IVTT3;NÃO ENCONTRADO;;;
J1KH34;NÃO ENCONTRADO;;;
J1NP34;NÃO ENCONTRADO;;;
J1WN34;NÃO ENCONTRADO;;;
JAR 3;NÃO ENCONTRADO;;;
JAR 6;NÃO ENCONTRADO;;;
JARI6;NÃO ENCONTRADO;;;
JBD 3;NÃO ENCONTRADO;;;
JBD 4;NÃO ENCONTRADO;;;
JBDU11;NÃO ENCONTRADO;;;
JBDU12;NÃO ENCONTRADO;;;
JBDU3;NÃO ENCONTRADO;;;
JBDU4;NÃO ENCONTRADO;;;
JBSS3;NÃO ENCONTRADO;;;
JCPC34;NÃO ENCONTRADO;;;
JFA 4;NÃO ENCONTRADO;;;
JFAB4;NÃO ENCONTRADO;;;
JFE 3;NÃO ENCONTRADO;;;
JHS 3;NÃO ENCONTRADO;;;
JHS 4;NÃO ENCONTRADO;;;
JNJB11B;NÃO ENCONTRADO;;;
JOI 4;NÃO ENCONTRADO;;;
JOIN4;NÃO ENCONTRADO;;;
JOO 4;NÃO ENCONTRADO;;;
JOPA3;NÃO ENCONTRADO;;;
JOPA4;NÃO ENCONTRADO;;;
JPMC11B;NÃO ENCONTRADO;;;
JPSA3;NÃO ENCONTRADO;;;
JPSA4;NÃO ENCONTRADO;;;
JSLG11;NÃO ENCONTRADO;;;
K1CS34;NÃO ENCONTRADO;;;
K1EL34;NÃO ENCONTRADO;;;
K1EY34;NÃO ENCONTRADO;;;
K1IM34;NÃO ENCONTRADO;;;
K1MX34;NÃO ENCONTRADO;;;
K1RC34;NÃO ENCONTRADO;;;
K1SG34;NÃO ENCONTRADO;;;
K1SS34;NÃO ENCONTRADO;;;
KEP 3;NÃO ENCONTRADO;;;
KEP 4;NÃO ENCONTRADO;;;
KEPL4;NÃO ENCONTRADO;;;
KFGI34;NÃO ENCONTRADO;;;
KLA 3;NÃO ENCONTRADO;;;
KLA 4;NÃO ENCONTRADO;;;
KLAB3;NÃO ENCONTRADO;;;
KLAB4;NÃO ENCONTRADO;;;
KMBB34;NÃO ENCONTRADO;;;
KMPR34;NÃO ENCONTRADO;;;
KROT11;NÃO ENCONTRADO;;;
KROT3;NÃO ENCONTRADO;;;
KROT4;NÃO ENCONTRADO;;;
KSSA3;NÃO ENCONTRADO;;;
L1BT34;NÃO ENCONTRADO;;;
L1BT35;NÃO ENCONTRADO;;;
L1CA34;NÃO ENCONTRADO;;;
L1DO34;NÃO ENCONTRADO;;;
L1EG34;NÃO ENCONTRADO;;;
L1EN34;NÃO ENCONTRADO;;;
L1FC34;NÃO ENCONTRADO;;;
L1IN34;NÃO ENCONTRADO;;;
L1KQ34;NÃO ENCONTRADO;;;
L1NC34;NÃO ENCONTRADO;;;
L1OE34;NÃO ENCONTRADO;;;
L1VS34;NÃO ENCONTRADO;;;
L1WH34;NÃO ENCONTRADO;;;
L1YB34;NÃO ENCONTRADO;;;
LAC 3;NÃO ENCONTRADO;;;
LAC 4;NÃO ENCONTRADO;;;
LAE 3;NÃO ENCONTRADO;;;
LAE 4;NÃO ENCONTRADO;;;
LAEL3;NÃO ENCONTRADO;;;
LAEL4;NÃO ENCONTRADO;;;
LAM 3;NÃO ENCONTRADO;;;
LAM 4;NÃO ENCONTRADO;;;
LAM 7;NÃO ENCONTRADO;;;
LAM 8;NÃO ENCONTRADO;;;
LAME3;NÃO ENCONTRADO;;;
LAME4;NÃO ENCONTRADO;;;
LAR 4;NÃO ENCONTRADO;;;
LARK4;NÃO ENCONTRADO;;;
LAT 3;NÃO ENCONTRADO;;;
LATM11;NÃO ENCONTRADO;;;
LATM33;NÃO ENCONTRADO;;;
LATS3;NÃO ENCONTRADO;;;
LATS4;NÃO ENCONTRADO;;;
LATS6;NÃO ENCONTRADO;;;
LBRN34;NÃO ENCONTRADO;;;
LCAM3;NÃO ENCONTRADO;;;
LCS 3;NÃO ENCONTRADO;;;
LCS 4;NÃO ENCONTRADO;;;
LCSA3;NÃO ENCONTRADO;;;
LCSA4;NÃO ENCONTRADO;;;
LDR 4;NÃO ENCONTRADO;;;
LEC 4;NÃO ENCONTRADO;;;
LECO4;NÃO ENCONTRADO;;;
LET 3;NÃO ENCONTRADO;;;
LET 4;NÃO ENCONTRADO;;;
LETO3;NÃO ENCONTRADO;;;
LETO4;NÃO ENCONTRADO;;;
LETO5;NÃO ENCONTRADO;;;
LEV 3;NÃO ENCONTRADO;;;
LEV 4;NÃO ENCONTRADO;;;
LEVE4;NÃO ENCONTRADO;;;
LFF 4;NÃO ENCONTRADO;;;
LFFE3;NÃO ENCONTRADO;;;
LFFE4;NÃO ENCONTRADO;;;
LGLO4;NÃO ENCONTRADO;;;
LHER4;NÃO ENCONTRADO;;;
LIA 4;NÃO ENCONTRADO;;;
LIAS4;NÃO ENCONTRADO;;;
LIB 3;NÃO ENCONTRADO;;;
LIBP3;NÃO ENCONTRADO;;;
LIG 3;NÃO ENCONTRADO;;;
LIGH11;NÃO ENCONTRADO;;;
LIGH3;NÃO ENCONTRADO;;;
LILY11B;NÃO ENCONTRADO;;;
LIM 4;NÃO ENCONTRADO;;;
LIMA4;NÃO ENCONTRADO;;;
LINX3;NÃO ENCONTRADO;;;
LIP 3;NÃO ENCONTRADO;;;
LIPR3;NÃO ENCONTRADO;;;
LIQO3;NÃO ENCONTRADO;;;
LIT 3;NÃO ENCONTRADO;;;
LIT 4;NÃO ENCONTRADO;;;
LITS3;NÃO ENCONTRADO;;;
LITS4;NÃO ENCONTRADO;;;
LIX 3;NÃO ENCONTRADO;;;
LIX 4;NÃO ENCONTRADO;;;
LIXC3;NÃO ENCONTRADO;;;
LIXC4;NÃO ENCONTRADO;;;
LLIS3;NÃO ENCONTRADO;;;
LLXL3;NÃO ENCONTRADO;;;
LMTB11B;NÃO ENCONTRADO;;;
LNKD11B;NÃO ENCONTRADO;;;
LNM 4;NÃO ENCONTRADO;;;
LOA 3;NÃO ENCONTRADO;;;
LOA 4;NÃO ENCONTRADO;;;
LOAR4;NÃO ENCONTRADO;;;
LOB 3;NÃO ENCONTRADO;;;
LOB 4;NÃO ENCONTRADO;;;
LOR 3;NÃO ENCONTRADO;;;
LOR 4;NÃO ENCONTRADO;;;
LOR 8;NÃO ENCONTRADO;;;
LORZ4;NÃO ENCONTRADO;;;
LOWC34;NÃO ENCONTRADO;;;
LPC 3;NÃO ENCONTRADO;;;
LRE 3;NÃO ENCONTRADO;;;
LRE 4;NÃO ENCONTRADO;;;
LREN4;NÃO ENCONTRADO;;;
LSE 4;NÃO ENCONTRADO;;;
LSEH4;NÃO ENCONTRADO;;;
LSXM34;NÃO ENCONTRADO;;;
LSXM35;NÃO ENCONTRADO;;;
LUX 3;NÃO ENCONTRADO;;;
LUX 4;NÃO ENCONTRADO;;;
LUXM3;NÃO ENCONTRADO;;;
M1AS34;NÃO ENCONTRADO;;;
M1BT34;NÃO ENCONTRADO;;;
M1CB34;NÃO ENCONTRADO;;;
M1HK34;NÃO ENCONTRADO;;;
M1KC34;NÃO ENCONTRADO;;;
M1LM34;NÃO ENCONTRADO;;;
M1RO34;NÃO ENCONTRADO;;;
M1SI34;NÃO ENCONTRADO;;;
M1TB34;NÃO ENCONTRADO;;;
M1TC34;NÃO ENCONTRADO;;;
M1TD34;NÃO ENCONTRADO;;;
M1XI34;NÃO ENCONTRADO;;;
MACY34;NÃO ENCONTRADO;;;
MAD 3;NÃO ENCONTRADO;;;
MAD 4;NÃO ENCONTRADO;;;
MAF 3;NÃO ENCONTRADO;;;
MAFE3;NÃO ENCONTRADO;;;
MAG 3;NÃO ENCONTRADO;;;
MAG 5;NÃO ENCONTRADO;;;
MAG 7;NÃO ENCONTRADO;;;
MAGG3;NÃO ENCONTRADO;;;
MAGS3;NÃO ENCONTRADO;;;
MAGS5;NÃO ENCONTRADO;;;
MAGS7;NÃO ENCONTRADO;;;
MAH 3;NÃO ENCONTRADO;;;
MAH 4;NÃO ENCONTRADO;;;
MAHS3;NÃO ENCONTRADO;;;
MAHS4;NÃO ENCONTRADO;;;
MAK 3;NÃO ENCONTRADO;;;
MAKR3;NÃO ENCONTRADO;;;
MAN 3;NÃO ENCONTRADO;;;
MAN 4;NÃO ENCONTRADO;;;
MANM3;NÃO ENCONTRADO;;;
MANM4;NÃO ENCONTRADO;;;
MAOR3B;NÃO ENCONTRADO;;;
MAOR4B;NÃO ENCONTRADO;;;
MAP 3;NÃO ENCONTRADO;;;
MAP 4;NÃO ENCONTRADO;;;
MAPT4;NÃO ENCONTRADO;;;
MARI3;NÃO ENCONTRADO;;;
MAT 3;NÃO ENCONTRADO;;;
MAT 4;NÃO ENCONTRADO;;;
MATC3;NÃO ENCONTRADO;;;
MATC4;NÃO ENCONTRADO;;;
MCDC11B;NÃO ENCONTRADO;;;
MCR 4;NÃO ENCONTRADO;;;
MCRT4;NÃO ENCONTRADO;;;
MDD 3;NÃO ENCONTRADO;;;
MDD 4;NÃO ENCONTRADO;;;
MDE 5;NÃO ENCONTRADO;;;
MDO 4;NÃO ENCONTRADO;;;
MDOU4;NÃO ENCONTRADO;;;
MEC 3;NÃO ENCONTRADO;;;
MEC 4;NÃO ENCONTRADO;;;
MEDI3;NÃO ENCONTRADO;;;
MEHH4;NÃO ENCONTRADO;;;
MEN 5;NÃO ENCONTRADO;;;
MEN 6;NÃO ENCONTRADO;;;
MEND3;NÃO ENCONTRADO;;;
MEND5;NÃO ENCONTRADO;;;
MEND6;NÃO ENCONTRADO;;;
MEP 3;NÃO ENCONTRADO;;;
MEP 5;NÃO ENCONTRADO;;;
MER 3;NÃO ENCONTRADO;;;
MER 4;NÃO ENCONTRADO;;;
MERC3;NÃO ENCONTRADO;;;
MERC4;NÃO ENCONTRADO;;;
MES 3;NÃO ENCONTRADO;;;
MES 4;NÃO ENCONTRADO;;;
MESB3;NÃO ENCONTRADO;;;
MESB4;NÃO ENCONTRADO;;;
METB34;NÃO ENCONTRADO;;;
MFL 3;NÃO ENCONTRADO;;;
MFLU3;NÃO ENCONTRADO;;;
MGE 3;NÃO ENCONTRADO;;;
MGE 4;NÃO ENCONTRADO;;;
MGEL3;NÃO ENCONTRADO;;;
MHAN3B;NÃO ENCONTRADO;;;
MIBV11;NÃO ENCONTRADO;;;
MILK11;NÃO ENCONTRADO;;;
MILK33;NÃO ENCONTRADO;;;
MIM 3;NÃO ENCONTRADO;;;
MIM 4;NÃO ENCONTRADO;;;
MKLC34;NÃO ENCONTRADO;;;
MLCF3;NÃO ENCONTRADO;;;
MLCF4;NÃO ENCONTRADO;;;
MLF 3;NÃO ENCONTRADO;;;
MLF 4;NÃO ENCONTRADO;;;
MLF 6;NÃO ENCONTRADO;;;
MLFT12;NÃO ENCONTRADO;;;
MLFT3;NÃO ENCONTRADO;;;
MLFT4;NÃO ENCONTRADO;;;
MLP 4;NÃO ENCONTRADO;;;
MLPA12;NÃO ENCONTRADO;;;
MLPA4;NÃO ENCONTRADO;;;
MMA 3;NÃO ENCONTRADO;;;
MMAQ4;NÃO ENCONTRADO;;;
MMMC11B;NÃO ENCONTRADO;;;
MMXM3;NÃO ENCONTRADO;;;
MNDL4;NÃO ENCONTRADO;;;
MNP 3;NÃO ENCONTRADO;;;
MNP 4;NÃO ENCONTRADO;;;
MNP 6;NÃO ENCONTRADO;;;
MNPR4;NÃO ENCONTRADO;;;
MNS 3;NÃO ENCONTRADO;;;
MNS 4;NÃO ENCONTRADO;;;
MNSA3;NÃO ENCONTRADO;;;
MNSA4;NÃO ENCONTRADO;;;
MOA 3;NÃO ENCONTRADO;;;
MOAR3;NÃO ENCONTRADO;;;
MPLU3;NÃO ENCONTRADO;;;
MPXE3;NÃO ENCONTRADO;;;
MRCK11B;NÃO ENCONTRADO;;;
MRFG3;NÃO ENCONTRADO;;;
MROE4;NÃO ENCONTRADO;;;
MRS 3;NÃO ENCONTRADO;;;
MRS 4;NÃO ENCONTRADO;;;
MRSA6B;NÃO ENCONTRADO;;;
MRSL3;NÃO ENCONTRADO;;;
MRSL4;NÃO ENCONTRADO;;;
MSA 3;NÃO ENCONTRADO;;;
MSA 4;NÃO ENCONTRADO;;;
MSAN3;NÃO ENCONTRADO;;;
MSAN4;NÃO ENCONTRADO;;;
MSBR11B;NÃO ENCONTRADO;;;
MSCD11B;NÃO ENCONTRADO;;;
MSFT11B;NÃO ENCONTRADO;;;
MSP 3;NÃO ENCONTRADO;;;
MSP 4;NÃO ENCONTRADO;;;
MSPA4;NÃO ENCONTRADO;;;
MST 5;NÃO ENCONTRADO;;;
MSTO11B;NÃO ENCONTRADO;;;
MSTO34;NÃO ENCONTRADO;;;
MSTR5;NÃO ENCONTRADO;;;
MSTR6;NÃO ENCONTRADO;;;
MTB 3;NÃO ENCONTRADO;;;
MTB 4;NÃO ENCONTRADO;;;
MTBR3;NÃO ENCONTRADO;;;
MTBR4;NÃO ENCONTRADO;;;
MTC 3;NÃO ENCONTRADO;;;
MTC 4;NÃO ENCONTRADO;;;
MTCS4;NÃO ENCONTRADO;;;
MTI 3;NÃO ENCONTRADO;;;
MTI 4;NÃO ENCONTRADO;;;
MTIG3;NÃO ENCONTRADO;;;
MTIG4;NÃO ENCONTRADO;;;
MTP 4;NÃO ENCONTRADO;;;
MTPS3;NÃO ENCONTRADO;;;
MTPS4;NÃO ENCONTRADO;;;
MTS 3;NÃO ENCONTRADO;;;
MTS 4;NÃO ENCONTRADO;;;
MTSA3;NÃO ENCONTRADO;;;
MTX 3;NÃO ENCONTRADO;;;
MTX 4;NÃO ENCONTRADO;;;
MUL 4;NÃO ENCONTRADO;;;
MUN 4;NÃO ENCONTRADO;;;
MWE 4;NÃO ENCONTRADO;;;
MWET3;NÃO ENCONTRADO;;;
MYP 3;NÃO ENCONTRADO;;;
MYP 4;NÃO ENCONTRADO;;;
MYP 5;NÃO ENCONTRADO;;;
MYP 7;NÃO ENCONTRADO;;;
MYPK4;NÃO ENCONTRADO;;;
N1BI34;NÃO ENCONTRADO;;;
N1BL34;NÃO ENCONTRADO;;;
N1LS34;NÃO ENCONTRADO;;;
N1OV34;NÃO ENCONTRADO;;;
N1TR34;NÃO ENCONTRADO;;;
N1UE34;NÃO ENCONTRADO;;;
N1VR34;NÃO ENCONTRADO;;;
N1WS34;NÃO ENCONTRADO;;;
N1WS35;NÃO ENCONTRADO;;;
NAF 3;NÃO ENCONTRADO;;;
NAF 4;NÃO ENCONTRADO;;;
NAFG3;NÃO ENCONTRADO;;;
NAFG4;NÃO ENCONTRADO;;;
NAK 3;NÃO ENCONTRADO;;;
NAK 4;NÃO ENCONTRADO;;;
NAKT4;NÃO ENCONTRADO;;;
NEM 4;NÃO ENCONTRADO;;;
NEMO4;NÃO ENCONTRADO;;;
NEOE3;NÃO ENCONTRADO;;;
NEOE3B;NÃO ENCONTRADO;;;
NETC3;NÃO ENCONTRADO;;;
NETC4;NÃO ENCONTRADO;;;
NFLX11B;NÃO ENCONTRADO;;;
NGRD3;NÃO ENCONTRADO;;;
NIKE11B;NÃO ENCONTRADO;;;
NMRH34;NÃO ENCONTRADO;;;
NOG 5;NÃO ENCONTRADO;;;
NOR 3;NÃO ENCONTRADO;;;
NOV 3;NÃO ENCONTRADO;;;
NOV 4;NÃO ENCONTRADO;;;
NOVA3B;NÃO ENCONTRADO;;;
NOVA4;NÃO ENCONTRADO;;;
NOVA4B;NÃO ENCONTRADO;;;
NTCO3;NÃO ENCONTRADO;;;
NUTR3M;NÃO ENCONTRADO;;;
NVRP11;NÃO ENCONTRADO;;;
O1MC34;NÃO ENCONTRADO;;;
ODB 3;NÃO ENCONTRADO;;;
ODB 4;NÃO ENCONTRADO;;;
ODBE3;NÃO ENCONTRADO;;;
ODBE4;NÃO ENCONTRADO;;;
ODER4;NÃO ENCONTRADO;;;
ODPV3;NÃO ENCONTRADO;;;
OGSA3;NÃO ENCONTRADO;;;
OGXP3;NÃO ENCONTRADO;;;
OHLB3;NÃO ENCONTRADO;;;
OLM 4;NÃO ENCONTRADO;;;
OLV 3;NÃO ENCONTRADO;;;
OLV 4;NÃO ENCONTRADO;;;
OLVB4;NÃO ENCONTRADO;;;
OMGE3;NÃO ENCONTRADO;;;
OPDC3B;NÃO ENCONTRADO;;;
OPRE3B;NÃO ENCONTRADO;;;
ORCL11B;NÃO ENCONTRADO;;;
ORI 3;NÃO ENCONTRADO;;;
ORI 4;NÃO ENCONTRADO;;;
ORIO3;NÃO ENCONTRADO;;;
ORIO4;NÃO ENCONTRADO;;;
ORN 4;NÃO ENCONTRADO;;;
OSA 3;NÃO ENCONTRADO;;;
OSA 4;NÃO ENCONTRADO;;;
OSAO4;NÃO ENCONTRADO;;;
OXI 3;NÃO ENCONTRADO;;;
OXI 4;NÃO ENCONTRADO;;;
OXIT3;NÃO ENCONTRADO;;;
OXIT4;NÃO ENCONTRADO;;;
P1AC34;NÃO ENCONTRADO;;;
P1AY34;NÃO ENCONTRADO;;;
P1BC34;NÃO ENCONTRADO;;;
P1EG34;NÃO ENCONTRADO;;;
P1FG34;NÃO ENCONTRADO;;;
P1HM34;NÃO ENCONTRADO;;;
P1IO34;NÃO ENCONTRADO;;;
P1KG34;NÃO ENCONTRADO;;;
P1KI34;NÃO ENCONTRADO;;;
P1KX34;NÃO ENCONTRADO;;;
P1NR34;NÃO ENCONTRADO;;;
P1NW34;NÃO ENCONTRADO;;;
P1PG34;NÃO ENCONTRADO;;;
P1RG34;NÃO ENCONTRADO;;;
P1SA34;NÃO ENCONTRADO;;;
P1SX34;NÃO ENCONTRADO;;;
P1UK34;NÃO ENCONTRADO;;;
P1VH34;NÃO ENCONTRADO;;;
PAI 3;NÃO ENCONTRADO;;;
PAI 4;NÃO ENCONTRADO;;;
PAL 3;NÃO ENCONTRADO;;;
PAL 4;NÃO ENCONTRADO;;;
PALF11;NÃO ENCONTRADO;;;
PALF12;NÃO ENCONTRADO;;;
PALF3;NÃO ENCONTRADO;;;
PALF4;NÃO ENCONTRADO;;;
PALF5;NÃO ENCONTRADO;;;
PALF7;NÃO ENCONTRADO;;;
PARC3;NÃO ENCONTRADO;;;
PARD3;NÃO ENCONTRADO;;;
PAT 4;NÃO ENCONTRADO;;;
PCA 3;NÃO ENCONTRADO;;;
PCA 4;NÃO ENCONTRADO;;;
PCAR11;NÃO ENCONTRADO;;;
PCAR18;NÃO ENCONTRADO;;;
PCAR4;NÃO ENCONTRADO;;;
PCAR5;NÃO ENCONTRADO;;;
PDA 3;NÃO ENCONTRADO;;;
PDA 4;NÃO ENCONTRADO;;;
PDG 10;NÃO ENCONTRADO;;;
PDG 3;NÃO ENCONTRADO;;;
PDG 4;NÃO ENCONTRADO;;;
PDG 7;NÃO ENCONTRADO;;;
PDG 8;NÃO ENCONTRADO;;;
PDI 4;NÃO ENCONTRADO;;;
PEF 3;NÃO ENCONTRADO;;;
PEF 4;NÃO ENCONTRADO;;;
PEF 5;NÃO ENCONTRADO;;;
PEF 6;NÃO ENCONTRADO;;;
PEFX3;NÃO ENCONTRADO;;;
PEFX5;NÃO ENCONTRADO;;;
PEPB11B;NÃO ENCONTRADO;;;
PET 3;NÃO ENCONTRADO;;;
PET 4;NÃO ENCONTRADO;;;
PETZ3;NÃO ENCONTRADO;;;
PFIZ11B;NÃO ENCONTRADO;;;
PGCO11B;NÃO ENCONTRADO;;;
PHMO11B;NÃO ENCONTRADO;;;
PICO3;NÃO ENCONTRADO;;;
PICO4;NÃO ENCONTRADO;;;
PIJU3;NÃO ENCONTRADO;;;
PIJU4;NÃO ENCONTRADO;;;
PIP 3;NÃO ENCONTRADO;;;
PIP 4;NÃO ENCONTRADO;;;
PIPN3;NÃO ENCONTRADO;;;
PIPN4;NÃO ENCONTRADO;;;
PIR 3;NÃO ENCONTRADO;;;
PIR 4;NÃO ENCONTRADO;;;
PIRE3;NÃO ENCONTRADO;;;
PIRE4;NÃO ENCONTRADO;;;
PITI11;NÃO ENCONTRADO;;;
PITI12;NÃO ENCONTRADO;;;
PITI13;NÃO ENCONTRADO;;;
PITI16;NÃO ENCONTRADO;;;
PITI3;NÃO ENCONTRADO;;;
PITI4;NÃO ENCONTRADO;;;
PIUM3;NÃO ENCONTRADO;;;
PIUM4;NÃO ENCONTRADO;;;
PLAS4;NÃO ENCONTRADO;;;
PLD 4;NÃO ENCONTRADO;;;
PLDN4;NÃO ENCONTRADO;;;
PLI 3;NÃO ENCONTRADO;;;
PLI 4;NÃO ENCONTRADO;;;
PLIM3;NÃO ENCONTRADO;;;
PLIM4;NÃO ENCONTRADO;;;
PLT 6;NÃO ENCONTRADO;;;
PLTO5;NÃO ENCONTRADO;;;
PLTO6;NÃO ENCONTRADO;;;
PMA 3;NÃO ENCONTRADO;;;
PMA 4;NÃO ENCONTRADO;;;
PMAM4;NÃO ENCONTRADO;;;
PMET5;NÃO ENCONTRADO;;;
PMET6;NÃO ENCONTRADO;;;
PMSP11B;NÃO ENCONTRADO;;;
PMSP12B;NÃO ENCONTRADO;;;
PMT 4;NÃO ENCONTRADO;;;
PNCS34;NÃO ENCONTRADO;;;
PNO 5;NÃO ENCONTRADO;;;
PNO 6;NÃO ENCONTRADO;;;
PNOR5;NÃO ENCONTRADO;;;
PNOR6;NÃO ENCONTRADO;;;
PNV 3;NÃO ENCONTRADO;;;
PNV 4;NÃO ENCONTRADO;;;
PNVL4;NÃO ENCONTRADO;;;
PNXS3;NÃO ENCONTRADO;;;
PNXS4;NÃO ENCONTRADO;;;
POCO3;NÃO ENCONTRADO;;;
POCO4;NÃO ENCONTRADO;;;
POL 3;NÃO ENCONTRADO;;;
POL 4;NÃO ENCONTRADO;;;
POLA3;NÃO ENCONTRADO;;;
POLA4;NÃO ENCONTRADO;;;
POM 3;NÃO ENCONTRADO;;;
POM 4;NÃO ENCONTRADO;;;
POM 5;NÃO ENCONTRADO;;;
POP 4;NÃO ENCONTRADO;;;
POPR4;NÃO ENCONTRADO;;;
POR 4;NÃO ENCONTRADO;;;
PORP4;NÃO ENCONTRADO;;;
PPA 3;NÃO ENCONTRADO;;;
PPAR3;NÃO ENCONTRADO;;;
PPLA35;NÃO ENCONTRADO;;;
PPLA36;NÃO ENCONTRADO;;;
PPS 4;NÃO ENCONTRADO;;;
PQU 3;NÃO ENCONTRADO;;;
PQU 4;NÃO ENCONTRADO;;;
PQUN3;NÃO ENCONTRADO;;;
PQUN4;NÃO ENCONTRADO;;;
PRB 3;NÃO ENCONTRADO;;;
PRB 4;NÃO ENCONTRADO;;;
PRBC4;NÃO ENCONTRADO;;;
PRBN3;NÃO ENCONTRADO;;;
PRBN4;NÃO ENCONTRADO;;;
PREB11;NÃO ENCONTRADO;;;
PREQ3;NÃO ENCONTRADO;;;
PREQ4;NÃO ENCONTRADO;;;
PRG 3;NÃO ENCONTRADO;;;
PRG 4;NÃO ENCONTRADO;;;
PRGA3;NÃO ENCONTRADO;;;
PRGA4;NÃO ENCONTRADO;;;
PRML3;NÃO ENCONTRADO;;;
PRO 3;NÃO ENCONTRADO;;;
PRO 4;NÃO ENCONTRADO;;;
PRTX3;NÃO ENCONTRADO;;;
PRVI3;NÃO ENCONTRADO;;;
PSI 4;NÃO ENCONTRADO;;;
PSI 6;NÃO ENCONTRADO;;;
PSI 8;NÃO ENCONTRADO;;;
PSIM4;NÃO ENCONTRADO;;;
PTB 3;NÃO ENCONTRADO;;;
PTB 4;NÃO ENCONTRADO;;;
PTBL11;NÃO ENCONTRADO;;;
PTBL12;NÃO ENCONTRADO;;;
PTBL4;NÃO ENCONTRADO;;;
PTCH34;NÃO ENCONTRADO;;;
PTI 3;NÃO ENCONTRADO;;;
PTI 4;NÃO ENCONTRADO;;;
PTIP3;NÃO ENCONTRADO;;;
PTIP4;NÃO ENCONTRADO;;;
PTN 3;NÃO ENCONTRADO;;;
PTN 4;NÃO ENCONTRADO;;;
PTNT3;NÃO ENCONTRADO;;;
PTNT4;NÃO ENCONTRADO;;;
PTP 3;NÃO ENCONTRADO;;;
PTP 4;NÃO ENCONTRADO;;;
PTPA3;NÃO ENCONTRADO;;;
PTPA4;NÃO ENCONTRADO;;;
PTQ 3;NÃO ENCONTRADO;;;
PTQ 4;NÃO ENCONTRADO;;;
PTQS3;NÃO ENCONTRADO;;;
PTQS4;NÃO ENCONTRADO;;;
PVFS3;NÃO ENCONTRADO;;;
PVFS4;NÃO ENCONTRADO;;;
PVL 3;NÃO ENCONTRADO;;;
PVLT11;NÃO ENCONTRADO;;;
PVLT3;NÃO ENCONTRADO;;;
PVP 3;NÃO ENCONTRADO;;;
PVP 4;NÃO ENCONTRADO;;;
PVPR3;NÃO ENCONTRADO;;;
PVPR4;NÃO ENCONTRADO;;;
PXE 4;NÃO ENCONTRADO;;;
PXEC4;NÃO ENCONTRADO;;;
Q1RV34;NÃO ENCONTRADO;;;
Q1UE34;NÃO ENCONTRADO;;;
QCOM11B;NÃO ENCONTRADO;;;
QGEP3;NÃO ENCONTRADO;;;
QGN 3;NÃO ENCONTRADO;;;
QGN 4;NÃO ENCONTRADO;;;
QGNE4;NÃO ENCONTRADO;;;
QGNP3B;NÃO ENCONTRADO;;;
QGNP4B;NÃO ENCONTRADO;;;
R1CL34;NÃO ENCONTRADO;;;
R1EL34;NÃO ENCONTRADO;;;
R1FC34;NÃO ENCONTRADO;;;
R1LC34;NÃO ENCONTRADO;;;
R1MD34;NÃO ENCONTRADO;;;
R1OK34;NÃO ENCONTRADO;;;
R1OP34;NÃO ENCONTRADO;;;
R1SG34;NÃO ENCONTRADO;;;
RAIA3;NÃO ENCONTRADO;;;
RAN 3;NÃO ENCONTRADO;;;
RAN 4;NÃO ENCONTRADO;;;
RANI4;NÃO ENCONTRADO;;;
RAP 3;NÃO ENCONTRADO;;;
RAP 4;NÃO ENCONTRADO;;;
RBCS3B;NÃO ENCONTRADO;;;
RBRA3B;NÃO ENCONTRADO;;;
RCES40;NÃO ENCONTRADO;;;
RCL 5;NÃO ENCONTRADO;;;
RCLL4;NÃO ENCONTRADO;;;
RCLL5;NÃO ENCONTRADO;;;
RCPR11;NÃO ENCONTRADO;;;
RCPR12;NÃO ENCONTRADO;;;
RCPR3;NÃO ENCONTRADO;;;
RCPR5;NÃO ENCONTRADO;;;
RCPR6;NÃO ENCONTRADO;;;
RCPR7;NÃO ENCONTRADO;;;
RCPR8;NÃO ENCONTRADO;;;
RCS 3;NÃO ENCONTRADO;;;
RCS 4;NÃO ENCONTRADO;;;
RCSA11;NÃO ENCONTRADO;;;
RCTB30;NÃO ENCONTRADO;;;
RCTB31;NÃO ENCONTRADO;;;
RCTB32;NÃO ENCONTRADO;;;
RCTB33;NÃO ENCONTRADO;;;
RCTB40;NÃO ENCONTRADO;;;
RCTB41;NÃO ENCONTRADO;;;
RCTB42;NÃO ENCONTRADO;;;
RDCD3;NÃO ENCONTRADO;;;
RDNI3;NÃO ENCONTRADO;;;
RDSA34;NÃO ENCONTRADO;;;
RDSA35;NÃO ENCONTRADO;;;
RDTR3;NÃO ENCONTRADO;;;
REA 3;NÃO ENCONTRADO;;;
REA 4;NÃO ENCONTRADO;;;
REAL3;NÃO ENCONTRADO;;;
REAL4;NÃO ENCONTRADO;;;
RECF3;NÃO ENCONTRADO;;;
RECF4;NÃO ENCONTRADO;;;
REDE4;NÃO ENCONTRADO;;;
REE 4;NÃO ENCONTRADO;;;
REEM4;NÃO ENCONTRADO;;;
REP 3;NÃO ENCONTRADO;;;
REP 4;NÃO ENCONTRADO;;;
REPA3;NÃO ENCONTRADO;;;
REPA4;NÃO ENCONTRADO;;;
RGEG13;NÃO ENCONTRADO;;;
RGEG3;NÃO ENCONTRADO;;;
RHD 3;NÃO ENCONTRADO;;;
RHD 4;NÃO ENCONTRADO;;;
RHDS3;NÃO ENCONTRADO;;;
RHDS4;NÃO ENCONTRADO;;;
RHE 3;NÃO ENCONTRADO;;;
RHE 4;NÃO ENCONTRADO;;;
RHER3;NÃO ENCONTRADO;;;
RHER4;NÃO ENCONTRADO;;;
RHPR3;NÃO ENCONTRADO;;;
RHPR4;NÃO ENCONTRADO;;;
RIO 3;NÃO ENCONTRADO;;;
RIO 4;NÃO ENCONTRADO;;;
RIP 3;NÃO ENCONTRADO;;;
RIP 4;NÃO ENCONTRADO;;;
RIPI3;NÃO ENCONTRADO;;;
RIPI4;NÃO ENCONTRADO;;;
RJCP3;NÃO ENCONTRADO;;;
RLOG3;NÃO ENCONTRADO;;;
RNAR3;NÃO ENCONTRADO;;;
RNEW11;NÃO ENCONTRADO;;;
RNPT3;NÃO ENCONTRADO;;;
RNPT4;NÃO ENCONTRADO;;;
ROM 3;NÃO ENCONTRADO;;;
ROM 4;NÃO ENCONTRADO;;;
ROM 5;NÃO ENCONTRADO;;;
ROMI4;NÃO ENCONTRADO;;;
ROS 3;NÃO ENCONTRADO;;;
ROS 4;NÃO ENCONTRADO;;;
ROSI3;NÃO ENCONTRADO;;;
ROSI4;NÃO ENCONTRADO;;;
ROST34;NÃO ENCONTRADO;;;
RPA 3;NÃO ENCONTRADO;;;
RPA 5;NÃO ENCONTRADO;;;
RPA 6;NÃO ENCONTRADO;;;
RPM 3;NÃO ENCONTRADO;;;
RPM 4;NÃO ENCONTRADO;;;
RPMG4;NÃO ENCONTRADO;;;
RPPR3;NÃO ENCONTRADO;;;
RPPR5;NÃO ENCONTRADO;;;
RPPR6;NÃO ENCONTRADO;;;
RPS 4;NÃO ENCONTRADO;;;
RPSA12;NÃO ENCONTRADO;;;
RPSA4;NÃO ENCONTRADO;;;
RRRP3;NÃO ENCONTRADO;;;
RSI 3;NÃO ENCONTRADO;;;
RSID3;NÃO ENCONTRADO;;;
RSIP11;NÃO ENCONTRADO;;;
RSIP12;NÃO ENCONTRADO;;;
RSIP3;NÃO ENCONTRADO;;;
RSIP4;NÃO ENCONTRADO;;;
RSU 4;NÃO ENCONTRADO;;;
RUMO3;NÃO ENCONTRADO;;;
S1BA34;NÃO ENCONTRADO;;;
S1EA34;NÃO ENCONTRADO;;;
S1GE34;NÃO ENCONTRADO;;;
S1IV34;NÃO ENCONTRADO;;;
S1NA34;NÃO ENCONTRADO;;;
S1NN34;NÃO ENCONTRADO;;;
S1OU34;NÃO ENCONTRADO;;;
S1PL34;NÃO ENCONTRADO;;;
S1SL34;NÃO ENCONTRADO;;;
S1SN34;NÃO ENCONTRADO;;;
S1TE34;NÃO ENCONTRADO;;;
S1WK34;NÃO ENCONTRADO;;;
S1YF34;NÃO ENCONTRADO;;;
S1YY34;NÃO ENCONTRADO;;;
SAB 4;NÃO ENCONTRADO;;;
SAD 3;NÃO ENCONTRADO;;;
SAD 4;NÃO ENCONTRADO;;;
SAG 3;NÃO ENCONTRADO;;;
SAG 4;NÃO ENCONTRADO;;;
SAL 5;NÃO ENCONTRADO;;;
SAL 6;NÃO ENCONTRADO;;;
SALM3;NÃO ENCONTRADO;;;
SALM4;NÃO ENCONTRADO;;;
SAM 3;NÃO ENCONTRADO;;;
SAM 4;NÃO ENCONTRADO;;;
SAMI3;NÃO ENCONTRADO;;;
SAMI4;NÃO ENCONTRADO;;;
SAN 4;NÃO ENCONTRADO;;;
SANC34;NÃO ENCONTRADO;;;
SANO3;NÃO ENCONTRADO;;;
SANO4;NÃO ENCONTRADO;;;
SAS 3;NÃO ENCONTRADO;;;
SASG3;NÃO ENCONTRADO;;;
SATI3;NÃO ENCONTRADO;;;
SBNY34;NÃO ENCONTRADO;;;
SBS 3;NÃO ENCONTRADO;;;
SBS 6;NÃO ENCONTRADO;;;
SBSP11;NÃO ENCONTRADO;;;
SBUB11B;NÃO ENCONTRADO;;;
SCAR4;NÃO ENCONTRADO;;;
SCL 3;NÃO ENCONTRADO;;;
SCL 4;NÃO ENCONTRADO;;;
SCLO3;NÃO ENCONTRADO;;;
SCLO4;NÃO ENCONTRADO;;;
SCO 3;NÃO ENCONTRADO;;;
SCO 4;NÃO ENCONTRADO;;;
SCON3;NÃO ENCONTRADO;;;
SCON4;NÃO ENCONTRADO;;;
SDIA3;NÃO ENCONTRADO;;;
SDIA4;NÃO ENCONTRADO;;;
SDO 3;NÃO ENCONTRADO;;;
SDOK3;NÃO ENCONTRADO;;;
SEB 3;NÃO ENCONTRADO;;;
SEB 4;NÃO ENCONTRADO;;;
SEBB11;NÃO ENCONTRADO;;;
SEBE4;NÃO ENCONTRADO;;;
SEDU3;NÃO ENCONTRADO;;;
SEM 3;NÃO ENCONTRADO;;;
SEMP3;NÃO ENCONTRADO;;;
SFSA4;NÃO ENCONTRADO;;;
SGA 3;NÃO ENCONTRADO;;;
SGA 4;NÃO ENCONTRADO;;;
SGAS3;NÃO ENCONTRADO;;;
SGAS4;NÃO ENCONTRADO;;;
SGE 3;NÃO ENCONTRADO;;;
SGE 4;NÃO ENCONTRADO;;;
SGEN3;NÃO ENCONTRADO;;;
SGEN4;NÃO ENCONTRADO;;;
SGPS3;NÃO ENCONTRADO;;;
SGU 4;NÃO ENCONTRADO;;;
SHA 3;NÃO ENCONTRADO;;;
SHA 4;NÃO ENCONTRADO;;;
SHA 5;NÃO ENCONTRADO;;;
SHAP3;NÃO ENCONTRADO;;;
SHAP4;NÃO ENCONTRADO;;;
SHP 4;NÃO ENCONTRADO;;;
SHPH11B;NÃO ENCONTRADO;;;
SHU 4;NÃO ENCONTRADO;;;
SHU 5;NÃO ENCONTRADO;;;
SHUL3;NÃO ENCONTRADO;;;
SIB 7;NÃO ENCONTRADO;;;
SIBR6;NÃO ENCONTRADO;;;
SIBR7;NÃO ENCONTRADO;;;
SIF 3;NÃO ENCONTRADO;;;
SIF 4;NÃO ENCONTRADO;;;
SIF 5;NÃO ENCONTRADO;;;
SIF 6;NÃO ENCONTRADO;;;
SIFC3;NÃO ENCONTRADO;;;
SIFC4;NÃO ENCONTRADO;;;
SIM 4;NÃO ENCONTRADO;;;
SJO 3;NÃO ENCONTRADO;;;
SJO 4;NÃO ENCONTRADO;;;
SJOS3;NÃO ENCONTRADO;;;
SJOS4;NÃO ENCONTRADO;;;
SLA 3;NÃO ENCONTRADO;;;
SLA 4;NÃO ENCONTRADO;;;
SLA 5;NÃO ENCONTRADO;;;
SLAE3;NÃO ENCONTRADO;;;
SLAL12;NÃO ENCONTRADO;;;
SLAL3;NÃO ENCONTRADO;;;
SLAL4;NÃO ENCONTRADO;;;
SLBC34;NÃO ENCONTRADO;;;
SLBG11B;NÃO ENCONTRADO;;;
SLCP3;NÃO ENCONTRADO;;;
SLE 3;NÃO ENCONTRADO;;;
SLE 4;NÃO ENCONTRADO;;;
SLED3;NÃO ENCONTRADO;;;
SLED4;NÃO ENCONTRADO;;;
SLED5;NÃO ENCONTRADO;;;
SLED6;NÃO ENCONTRADO;;;
SML 3;NÃO ENCONTRADO;;;
SML 4;NÃO ENCONTRADO;;;
SMLE3;NÃO ENCONTRADO;;;
SMLS3;NÃO ENCONTRADO;;;
SNS 3;NÃO ENCONTRADO;;;
SNS 5;NÃO ENCONTRADO;;;
SNS 7;NÃO ENCONTRADO;;;
SNSL3;NÃO ENCONTRADO;;;
SNSL3M;NÃO ENCONTRADO;;;
SNSY3;NÃO ENCONTRADO;;;
SOE 3;NÃO ENCONTRADO;;;
SOE 4;NÃO ENCONTRADO;;;
SOE 6;NÃO ENCONTRADO;;;
SOES3;NÃO ENCONTRADO;;;
SOES4;NÃO ENCONTRADO;;;
SOL 3;NÃO ENCONTRADO;;;
SOL 4;NÃO ENCONTRADO;;;
SOLO3;NÃO ENCONTRADO;;;
SOLO4;NÃO ENCONTRADO;;;
SOMA3;NÃO ENCONTRADO;;;
SON 3;NÃO ENCONTRADO;;;
SON 5;NÃO ENCONTRADO;;;
SON 6;NÃO ENCONTRADO;;;
SOND3;NÃO ENCONTRADO;;;
SPC 3;NÃO ENCONTRADO;;;
SPC 4;NÃO ENCONTRADO;;;
SPCI3;NÃO ENCONTRADO;;;
SPCI4;NÃO ENCONTRADO;;;
SPG 3;NÃO ENCONTRADO;;;
SPG 4;NÃO ENCONTRADO;;;
SPGR3;NÃO ENCONTRADO;;;
SPP 3;NÃO ENCONTRADO;;;
SPP 4;NÃO ENCONTRADO;;;
SPPE3;NÃO ENCONTRADO;;;
SPPE4;NÃO ENCONTRADO;;;
SPR 3;NÃO ENCONTRADO;;;
SPR 4;NÃO ENCONTRADO;;;
SPR 5;NÃO ENCONTRADO;;;
SPR 6;NÃO ENCONTRADO;;;
SPR 8;NÃO ENCONTRADO;;;
SPRI3;NÃO ENCONTRADO;;;
SPRI5;NÃO ENCONTRADO;;;
SPRI6;NÃO ENCONTRADO;;;
SPRN34;NÃO ENCONTRADO;;;
SPRT3B;NÃO ENCONTRADO;;;
SQIA3;NÃO ENCONTRADO;;;
SRXM34;NÃO ENCONTRADO;;;
SSBR3;NÃO ENCONTRADO;;;
STBP11;NÃO ENCONTRADO;;;
STBP3;NÃO ENCONTRADO;;;
STBR11;NÃO ENCONTRADO;;;
STC 4;NÃO ENCONTRADO;;;
STE 3;NÃO ENCONTRADO;;;
STE 5;NÃO ENCONTRADO;;;
STED3;NÃO ENCONTRADO;;;
STED4;NÃO ENCONTRADO;;;
STLB3;NÃO ENCONTRADO;;;
SUBA3;NÃO ENCONTRADO;;;
SUL 3;NÃO ENCONTRADO;;;
SUL 4;NÃO ENCONTRADO;;;
SULA11;NÃO ENCONTRADO;;;
SULA3;NÃO ENCONTRADO;;;
SULA4;NÃO ENCONTRADO;;;
SULT3;NÃO ENCONTRADO;;;
SULT4;NÃO ENCONTRADO;;;
SUR 3;NÃO ENCONTRADO;;;
SUR 4;NÃO ENCONTRADO;;;
SURS4;NÃO ENCONTRADO;;;
SUZ 4;NÃO ENCONTRADO;;;
SUZA4;NÃO ENCONTRADO;;;
SUZB12;NÃO ENCONTRADO;;;
SUZB5;NÃO ENCONTRADO;;;
SUZB6;NÃO ENCONTRADO;;;
SVXE3B;NÃO ENCONTRADO;;;
SWET3;NÃO ENCONTRADO;;;
SZPQ4;NÃO ENCONTRADO;;;
T1AL34;NÃO ENCONTRADO;;;
T1EC34;NÃO ENCONTRADO;;;
T1FX34;NÃO ENCONTRADO;;;
T1LK34;NÃO ENCONTRADO;;;
T1RI34;NÃO ENCONTRADO;;;
T1SO34;NÃO ENCONTRADO;;;
T1SS34;NÃO ENCONTRADO;;;
T1XT34;NÃO ENCONTRADO;;;
TAKP34;NÃO ENCONTRADO;;;
TAM 3;NÃO ENCONTRADO;;;
TAM 4;NÃO ENCONTRADO;;;
TAMM3;NÃO ENCONTRADO;;;
TAMM4;NÃO ENCONTRADO;;;
TAMR3;NÃO ENCONTRADO;;;
TAMR4;NÃO ENCONTRADO;;;
TANC4;NÃO ENCONTRADO;;;
TARP11;NÃO ENCONTRADO;;;
TBA 3;NÃO ENCONTRADO;;;
TBA 4;NÃO ENCONTRADO;;;
TBAC3;NÃO ENCONTRADO;;;
TBAC6;NÃO ENCONTRADO;;;
TBAC7;NÃO ENCONTRADO;;;
TBAS4;NÃO ENCONTRADO;;;
TBC 3;NÃO ENCONTRADO;;;
TBC 4;NÃO ENCONTRADO;;;
TBCP3;NÃO ENCONTRADO;;;
TBCP4;NÃO ENCONTRADO;;;
TBLE3;NÃO ENCONTRADO;;;
TBLE5;NÃO ENCONTRADO;;;
TBLE6;NÃO ENCONTRADO;;;
TBR 3;NÃO ENCONTRADO;;;
TBR 4;NÃO ENCONTRADO;;;
TBRC3;NÃO ENCONTRADO;;;
TBRC6;NÃO ENCONTRADO;;;
TBRS3;NÃO ENCONTRADO;;;
TBRS4;NÃO ENCONTRADO;;;
TCH 3;NÃO ENCONTRADO;;;
TCH 4;NÃO ENCONTRADO;;;
TCHN3;NÃO ENCONTRADO;;;
TCHN4;NÃO ENCONTRADO;;;
TCN 3;NÃO ENCONTRADO;;;
TCN 4;NÃO ENCONTRADO;;;
TCNO3;NÃO ENCONTRADO;;;
TCNO4;NÃO ENCONTRADO;;;
TCOC3;NÃO ENCONTRADO;;;
TCOC4;NÃO ENCONTRADO;;;
TCSL3;NÃO ENCONTRADO;;;
TCSL4;NÃO ENCONTRADO;;;
TCSP11;NÃO ENCONTRADO;;;
TCSP3;NÃO ENCONTRADO;;;
TCSP4;NÃO ENCONTRADO;;;
TDBH12;NÃO ENCONTRADO;;;
TDBH3;NÃO ENCONTRADO;;;
TDBH4;NÃO ENCONTRADO;;;
TEB 3;NÃO ENCONTRADO;;;
TEB 5;NÃO ENCONTRADO;;;
TEB 6;NÃO ENCONTRADO;;;
TEBA3;NÃO ENCONTRADO;;;
TEBA5;NÃO ENCONTRADO;;;
TEBA6;NÃO ENCONTRADO;;;
TECH11B;NÃO ENCONTRADO;;;
TEFC11;NÃO ENCONTRADO;;;
TEK 3;NÃO ENCONTRADO;;;
TEK 4;NÃO ENCONTRADO;;;
TEKA3;NÃO ENCONTRADO;;;
TEKA4;NÃO ENCONTRADO;;;
TEL 3;NÃO ENCONTRADO;;;
TEL 4;NÃO ENCONTRADO;;;
TELB30;NÃO ENCONTRADO;;;
TELB40;NÃO ENCONTRADO;;;
TEMP3;NÃO ENCONTRADO;;;
TEN 5;NÃO ENCONTRADO;;;
TEN 7;NÃO ENCONTRADO;;;
TENE5;NÃO ENCONTRADO;;;
TENE7;NÃO ENCONTRADO;;;
TEP 3;NÃO ENCONTRADO;;;
TEP 4;NÃO ENCONTRADO;;;
TEPR11;NÃO ENCONTRADO;;;
TEPR12;NÃO ENCONTRADO;;;
TEPR13;NÃO ENCONTRADO;;;
TEPR14;NÃO ENCONTRADO;;;
TEPR15;NÃO ENCONTRADO;;;
TEPR16;NÃO ENCONTRADO;;;
TEPR17;NÃO ENCONTRADO;;;
TEPR18;NÃO ENCONTRADO;;;
TEPR20;NÃO ENCONTRADO;;;
TEPR21;NÃO ENCONTRADO;;;
TEPR23;NÃO ENCONTRADO;;;
TEPR24;NÃO ENCONTRADO;;;
TEPR25;NÃO ENCONTRADO;;;
TEPR27;NÃO ENCONTRADO;;;
TEPR28;NÃO ENCONTRADO;;;
TEPR29;NÃO ENCONTRADO;;;
TEPR3;NÃO ENCONTRADO;;;
TEPR30;NÃO ENCONTRADO;;;
TEPR31;NÃO ENCONTRADO;;;
TEPR32;NÃO ENCONTRADO;;;
TEPR34;NÃO ENCONTRADO;;;
TEPR4;NÃO ENCONTRADO;;;
TEQ 4;NÃO ENCONTRADO;;;
TER 3;NÃO ENCONTRADO;;;
TER 4;NÃO ENCONTRADO;;;
TERI3;NÃO ENCONTRADO;;;
TERJ3;NÃO ENCONTRADO;;;
TERJ4;NÃO ENCONTRADO;;;
TES 3;NÃO ENCONTRADO;;;
TESA3;NÃO ENCONTRADO;;;
TESE3;NÃO ENCONTRADO;;;
TETE3;NÃO ENCONTRADO;;;
TGLT11;NÃO ENCONTRADO;;;
TGLT32;NÃO ENCONTRADO;;;
THGI34;NÃO ENCONTRADO;;;
TIB 3;NÃO ENCONTRADO;;;
TIB 5;NÃO ENCONTRADO;;;
TIB 6;NÃO ENCONTRADO;;;
TIBR3;NÃO ENCONTRADO;;;
TIBR5;NÃO ENCONTRADO;;;
TIBR6;NÃO ENCONTRADO;;;
TIET11;NÃO ENCONTRADO;;;
TIET3;NÃO ENCONTRADO;;;
TIET4;NÃO ENCONTRADO;;;
TIFF34;NÃO ENCONTRADO;;;
TIMP3;NÃO ENCONTRADO;;;
TJXC34;NÃO ENCONTRADO;;;
TKN 3;NÃO ENCONTRADO;;;
TKN 4;NÃO ENCONTRADO;;;
TKNO3;NÃO ENCONTRADO;;;
TKNO4;NÃO ENCONTRADO;;;
TLCP15;NÃO ENCONTRADO;;;
TLCP17;NÃO ENCONTRADO;;;
TLCP3;NÃO ENCONTRADO;;;
TLCP4;NÃO ENCONTRADO;;;
TLNC34;NÃO ENCONTRADO;;;
TLPP11;NÃO ENCONTRADO;;;
TLPP12;NÃO ENCONTRADO;;;
TLPP3;NÃO ENCONTRADO;;;
TLPP4;NÃO ENCONTRADO;;;
TLS 3;NÃO ENCONTRADO;;;
TLS 4;NÃO ENCONTRADO;;;
TLS 6;NÃO ENCONTRADO;;;
TLSP3;NÃO ENCONTRADO;;;
TLSP4;NÃO ENCONTRADO;;;
TLVT3B;NÃO ENCONTRADO;;;
TMAC11B;NÃO ENCONTRADO;;;
TMAC3B;NÃO ENCONTRADO;;;
TMAC5B;NÃO ENCONTRADO;;;
TMAC6B;NÃO ENCONTRADO;;;
TMAC7B;NÃO ENCONTRADO;;;
TMAC8B;NÃO ENCONTRADO;;;
TMAR3;NÃO ENCONTRADO;;;
TMAR5;NÃO ENCONTRADO;;;
TMAR6;NÃO ENCONTRADO;;;
TMCP3;NÃO ENCONTRADO;;;
TMCP4;NÃO ENCONTRADO;;;
TMG 10;NÃO ENCONTRADO;;;
TMG 3;NÃO ENCONTRADO;;;
TMG 5;NÃO ENCONTRADO;;;
TMG 6;NÃO ENCONTRADO;;;
TMG 8;NÃO ENCONTRADO;;;
TMG 9;NÃO ENCONTRADO;;;
TMGC11;NÃO ENCONTRADO;;;
TMGC12;NÃO ENCONTRADO;;;
TMGC13;NÃO ENCONTRADO;;;
TMGC3;NÃO ENCONTRADO;;;
TMGC6;NÃO ENCONTRADO;;;
TMGC7;NÃO ENCONTRADO;;;
TMGR11;NÃO ENCONTRADO;;;
TMGR12;NÃO ENCONTRADO;;;
TMGR3;NÃO ENCONTRADO;;;
TMGR5;NÃO ENCONTRADO;;;
TMGR6;NÃO ENCONTRADO;;;
TMGR7;NÃO ENCONTRADO;;;
TMGR8;NÃO ENCONTRADO;;;
TNCP3;NÃO ENCONTRADO;;;
TNCP4;NÃO ENCONTRADO;;;
TNEP3;NÃO ENCONTRADO;;;
TNEP4;NÃO ENCONTRADO;;;
TNG 4;NÃO ENCONTRADO;;;
TNLP3;NÃO ENCONTRADO;;;
TNLP4;NÃO ENCONTRADO;;;
TOY 4;NÃO ENCONTRADO;;;
TOYB3;NÃO ENCONTRADO;;;
TOYB4;NÃO ENCONTRADO;;;
TOYB5;NÃO ENCONTRADO;;;
TOYB6;NÃO ENCONTRADO;;;
TPAN3;NÃO ENCONTRADO;;;
TPEC11B;NÃO ENCONTRADO;;;
TPEC3B;NÃO ENCONTRADO;;;
TPEC6B;NÃO ENCONTRADO;;;
TPEC7B;NÃO ENCONTRADO;;;
TPEC8B;NÃO ENCONTRADO;;;
TPRC3;NÃO ENCONTRADO;;;
TPRC6;NÃO ENCONTRADO;;;
TRA 3;NÃO ENCONTRADO;;;
TRA 4;NÃO ENCONTRADO;;;
TRAS3;NÃO ENCONTRADO;;;
TRAS4;NÃO ENCONTRADO;;;
TRB 3;NÃO ENCONTRADO;;;
TRB 4;NÃO ENCONTRADO;;;
TRBR3;NÃO ENCONTRADO;;;
TRBR4;NÃO ENCONTRADO;;;
TRF 3;NÃO ENCONTRADO;;;
TRF 4;NÃO ENCONTRADO;;;
TRFO11;NÃO ENCONTRADO;;;
TRFO12;NÃO ENCONTRADO;;;
TRFO16;NÃO ENCONTRADO;;;
TRFO3;NÃO ENCONTRADO;;;
TRFO4;NÃO ENCONTRADO;;;
TRI 4;NÃO ENCONTRADO;;;
TRI 5;NÃO ENCONTRADO;;;
TRIC4;NÃO ENCONTRADO;;;
TRJC3;NÃO ENCONTRADO;;;
TRJC6;NÃO ENCONTRADO;;;
TRM 4;NÃO ENCONTRADO;;;
TRMB4;NÃO ENCONTRADO;;;
TRNA11;NÃO ENCONTRADO;;;
TRNA3;NÃO ENCONTRADO;;;
TRNA4;NÃO ENCONTRADO;;;
TRNT11B;NÃO ENCONTRADO;;;
TROR3;NÃO ENCONTRADO;;;
TROR4;NÃO ENCONTRADO;;;
TRP 4;NÃO ENCONTRADO;;;
TRPL3;NÃO ENCONTRADO;;;
TRPL4;NÃO ENCONTRADO;;;
TRPN3;NÃO ENCONTRADO;;;
TRU 4;NÃO ENCONTRADO;;;
TSEP11;NÃO ENCONTRADO;;;
TSEP12;NÃO ENCONTRADO;;;
TSEP13;NÃO ENCONTRADO;;;
TSEP14;NÃO ENCONTRADO;;;
TSEP3;NÃO ENCONTRADO;;;
TSEP4;NÃO ENCONTRADO;;;
TSOR34;NÃO ENCONTRADO;;;
TSPC3;NÃO ENCONTRADO;;;
TSPC6;NÃO ENCONTRADO;;;
TSPP3;NÃO ENCONTRADO;;;
TSPP4;NÃO ENCONTRADO;;;
TUP 3;NÃO ENCONTRADO;;;
TUP 4;NÃO ENCONTRADO;;;
TUPY11;NÃO ENCONTRADO;;;
TUPY4;NÃO ENCONTRADO;;;
TVIT3;NÃO ENCONTRADO;;;
TWTR34;NÃO ENCONTRADO;;;
TWXB11B;NÃO ENCONTRADO;;;
TWXB34;NÃO ENCONTRADO;;;
TXR 3;NÃO ENCONTRADO;;;
TXR 4;NÃO ENCONTRADO;;;
TXRX3;NÃO ENCONTRADO;;;
TXRX4;NÃO ENCONTRADO;;;
U1DR34;NÃO ENCONTRADO;;;
U1HS34;NÃO ENCONTRADO;;;
U1NL34;NÃO ENCONTRADO;;;
U1NM34;NÃO ENCONTRADO;;;
UBB 3;NÃO ENCONTRADO;;;
UBB 4;NÃO ENCONTRADO;;;
UBB 5;NÃO ENCONTRADO;;;
UBB 6;NÃO ENCONTRADO;;;
UBBR11;NÃO ENCONTRADO;;;
UBBR12;NÃO ENCONTRADO;;;
UBBR13;NÃO ENCONTRADO;;;
UBBR3;NÃO ENCONTRADO;;;
UBBR4;NÃO ENCONTRADO;;;
UBH 3;NÃO ENCONTRADO;;;
UBHD3;NÃO ENCONTRADO;;;
UCA 3;NÃO ENCONTRADO;;;
UCO 4;NÃO ENCONTRADO;;;
UCOP4;NÃO ENCONTRADO;;;
UGPA4;NÃO ENCONTRADO;;;
UNI 3;NÃO ENCONTRADO;;;
UNI 5;NÃO ENCONTRADO;;;
UNI 6;NÃO ENCONTRADO;;;
UOLL4;NÃO ENCONTRADO;;;
UPSS11B;NÃO ENCONTRADO;;;
USG 3;NÃO ENCONTRADO;;;
USGE3;NÃO ENCONTRADO;;;
USI 3;NÃO ENCONTRADO;;;
USI 4;NÃO ENCONTRADO;;;
USIM11;NÃO ENCONTRADO;;;
USIM4;NÃO ENCONTRADO;;;
USSX34;NÃO ENCONTRADO;;;
UTEC34;NÃO ENCONTRADO;;;
UTF 3;NÃO ENCONTRADO;;;
V1AR34;NÃO ENCONTRADO;;;
V1MC34;NÃO ENCONTRADO;;;
V1RS34;NÃO ENCONTRADO;;;
V1TA34;NÃO ENCONTRADO;;;
VAC 4;NÃO ENCONTRADO;;;
VAG 3;NÃO ENCONTRADO;;;
VAG 4;NÃO ENCONTRADO;;;
VAGR3;NÃO ENCONTRADO;;;
VAGV3;NÃO ENCONTRADO;;;
VAGV4;NÃO ENCONTRADO;;;
VAL 3;NÃO ENCONTRADO;;;
VAL 4;NÃO ENCONTRADO;;;
VALE4;NÃO ENCONTRADO;;;
VALE5;NÃO ENCONTRADO;;;
VCPA3;NÃO ENCONTRADO;;;
VCPA4;NÃO ENCONTRADO;;;
VDNP3B;NÃO ENCONTRADO;;;
VEM 3;NÃO ENCONTRADO;;;
VEM 4;NÃO ENCONTRADO;;;
VEMG4;NÃO ENCONTRADO;;;
VEP 3;NÃO ENCONTRADO;;;
VEP 4;NÃO ENCONTRADO;;;
VERZ11B;NÃO ENCONTRADO;;;
VGA 4;NÃO ENCONTRADO;;;
VGAF4;NÃO ENCONTRADO;;;
VGO 4;NÃO ENCONTRADO;;;
VGOR4;NÃO ENCONTRADO;;;
VIAM34;NÃO ENCONTRADO;;;
VIGR3;NÃO ENCONTRADO;;;
VINE3;NÃO ENCONTRADO;;;
VINE5;NÃO ENCONTRADO;;;
VINE6;NÃO ENCONTRADO;;;
VISA11B;NÃO ENCONTRADO;;;
VIVO12;NÃO ENCONTRADO;;;
VIVO3;NÃO ENCONTRADO;;;
VIVO4;NÃO ENCONTRADO;;;
VIVT4;NÃO ENCONTRADO;;;
VLJ 3;NÃO ENCONTRADO;;;
VLJ 6;NÃO ENCONTRADO;;;
VLOE34;NÃO ENCONTRADO;;;
VLYB34;NÃO ENCONTRADO;;;
VNET3;NÃO ENCONTRADO;;;
VPSC3;NÃO ENCONTRADO;;;
VPSC4;NÃO ENCONTRADO;;;
VPTA3;NÃO ENCONTRADO;;;
VPTA4;NÃO ENCONTRADO;;;
VRL 3;NÃO ENCONTRADO;;;
VRL 4;NÃO ENCONTRADO;;;
VRSN34;NÃO ENCONTRADO;;;
VSM 3;NÃO ENCONTRADO;;;
VSMA3;NÃO ENCONTRADO;;;
VSP 4;NÃO ENCONTRADO;;;
VSPT3;NÃO ENCONTRADO;;;
VTE 3;NÃO ENCONTRADO;;;
VTE 4;NÃO ENCONTRADO;;;
VTLM3;NÃO ENCONTRADO;;;
VUL 3;NÃO ENCONTRADO;;;
VUL 4;NÃO ENCONTRADO;;;
VULC4;NÃO ENCONTRADO;;;
VVAR11;NÃO ENCONTRADO;;;
VVAR3;NÃO ENCONTRADO;;;
VVAR4;NÃO ENCONTRADO;;;
W1BK34;NÃO ENCONTRADO;;;
W1EC34;NÃO ENCONTRADO;;;
W1HR34;NÃO ENCONTRADO;;;
W1LT34;NÃO ENCONTRADO;;;
W1RB34;NÃO ENCONTRADO;;;
W1RK34;NÃO ENCONTRADO;;;
W1SO34;NÃO ENCONTRADO;;;
W1YC34;NÃO ENCONTRADO;;;
W1YN34;NÃO ENCONTRADO;;;
WABC34;NÃO ENCONTRADO;;;
WALM11B;NÃO ENCONTRADO;;;
WATC34;NÃO ENCONTRADO;;;
WEGE4;NÃO ENCONTRADO;;;
WET 4;NÃO ENCONTRADO;;;
WET 6;NÃO ENCONTRADO;;;
WFCO11B;NÃO ENCONTRADO;;;
WGBA34;NÃO ENCONTRADO;;;
WHM 3;NÃO ENCONTRADO;;;
WHMT3;NÃO ENCONTRADO;;;
WIS 4;NÃO ENCONTRADO;;;
WISA3;NÃO ENCONTRADO;;;
WISA4;NÃO ENCONTRADO;;;
WIZS3;NÃO ENCONTRADO;;;
WMB 3;NÃO ENCONTRADO;;;
WMB 4;NÃO ENCONTRADO;;;
WMB 5;NÃO ENCONTRADO;;;
WMB 7;NÃO ENCONTRADO;;;
WMBY3;NÃO ENCONTRADO;;;
WMBY4;NÃO ENCONTRADO;;;
WSON11;NÃO ENCONTRADO;;;
WSON33;NÃO ENCONTRADO;;;
X1EL34;NÃO ENCONTRADO;;;
X1LN34;NÃO ENCONTRADO;;;
X1YL34;NÃO ENCONTRADO;;;
XPOM11;NÃO ENCONTRADO;;;
XRAY34;NÃO ENCONTRADO;;;
XRXB11B;NÃO ENCONTRADO;;;
YUMR34;NÃO ENCONTRADO;;;
Z1BH34;NÃO ENCONTRADO;;;
Z1IO34;NÃO ENCONTRADO;;;
Z1TO34;NÃO ENCONTRADO;;;
ZAN 3;NÃO ENCONTRADO;;;
ZAN 5;NÃO ENCONTRADO;;;
ZAN 6;NÃO ENCONTRADO;;;
ZIV 3;NÃO ENCONTRADO;;;
ZIV 4;NÃO ENCONTRADO;;;
ZIVI3;NÃO ENCONTRADO;;;
ZIVI4;NÃO ENCONTRADO;;;
